"","LambHornLen","Sur1","ID","Twin","jdateMC","PopDensMC","birthjdateMC","BirthYear"
"3889",142,1,3466,1,5.28790087463557,-169.214285714286,-0.998310810810807,1987
"4024",128,1,1641,1,5.28790087463557,-169.214285714286,8.00168918918919,1987
"4402",100,1,2380,1,0.287900874635568,-210.214285714286,4.00168918918919,1990
"4427",191,1,13524,1,2.28790087463557,-210.214285714286,11.0016891891892,1990
"4479",165,1,5910,1,2.28790087463557,-210.214285714286,11.0016891891892,1990
"4741",131,1,9967,1,-1.71209912536443,-179.214285714286,-2.99831081081081,1992
"4396",142,1,13995,1,0.287900874635568,-210.214285714286,3.00168918918919,1990
"5362",69,1,6052,1,3.28790087463557,-143.214285714286,4.00168918918919,1995
"4633",156,1,1546,1,4.28790087463557,-86.2142857142857,3.00168918918919,1991
"4418",135,1,8341,1,0.287900874635568,-210.214285714286,8.00168918918919,1990
"4801",161,1,9760,1,-0.712099125364432,-179.214285714286,2.00168918918919,1992
"4576",140,0,13537,1,2.28790087463557,-86.2142857142857,-3.99831081081081,1991
"4962",162,0,7646,1,-1.71209912536443,-57.2142857142857,-3.99831081081081,1993
"5183",160,0,14319,1,6.28790087463557,-65.2142857142857,-1.99831081081081,1994
"5623",140,1,1120,1,2.28790087463557,74.7857142857143,8.00168918918919,1996
"6313",113,1,1260,1,-4.71209912536443,-175.214285714286,-0.998310810810807,1999
"6314",136,1,5865,1,-4.71209912536443,-175.214285714286,-0.998310810810807,1999
"7555",97,1,12687,1,1.28790087463557,-6.21428571428572,-0.998310810810807,2003
"7511",126,1,13979,1,-1.71209912536443,-6.21428571428572,-5.99831081081081,2003
"7494",159,1,6614,1,4.28790087463557,-6.21428571428572,-10.9983108108108,2003
"7564",101,1,1538,1,-1.71209912536443,-6.21428571428572,4.00168918918919,2003
"6553",139,1,14275,1,-5.71209912536443,-39.2142857142857,2.00168918918919,2000
"6554",119,1,12363,1,-5.71209912536443,-39.2142857142857,2.00168918918919,2000
"7180",116,1,1733,1,3.28790087463557,-165.214285714286,-1.99831081081081,2002
"6573",104,1,8765,1,-5.71209912536443,-39.2142857142857,4.00168918918919,2000
"7185",51,1,5949,1,3.28790087463557,-165.214285714286,-2.99831081081081,2002
"6276",125,1,11193,1,-1.71209912536443,-175.214285714286,-1.99831081081081,1999
"6525",144,1,8593,1,-5.71209912536443,-39.2142857142857,-1.99831081081081,2000
"7506",113,1,2421,1,1.28790087463557,-6.21428571428572,-4.99831081081081,2003
"7687",63,1,5983,1,1.28790087463557,-6.21428571428572,2.00168918918919,2003
"6357",124,1,3178,1,-2.71209912536443,-175.214285714286,4.00168918918919,1999
"7190",125,1,2402,1,-1.71209912536443,-165.214285714286,-2.99831081081081,2002
"8696",119,1,10426,1,-0.712099125364432,-53.2142857142857,2.00168918918919,2007
"8958",74,1,9526,1,-7.71209912536443,66.7857142857143,-1.99831081081081,2008
"8715",94,1,145,1,-4.71209912536443,-53.2142857142857,3.00168918918919,2007
"8922",105,1,11308,1,-6.71209912536443,66.7857142857143,-2.99831081081081,2008
"8915",85,1,7305,1,-0.712099125364432,66.7857142857143,-3.99831081081081,2008
"11837",54,0,12042,1,-5.71209912536443,-18.2142857142857,2.00168918918919,2014
"13058",143,1,2423,1,-2.71209912536443,-122.214285714286,-1.99831081081081,2018
"4618",157,1,9482,0,2.28790087463557,-86.2142857142857,0.00168918918919303,1991
"4794",110,1,1769,0,-1.71209912536443,-179.214285714286,18.0016891891892,1992
"6319",108,1,2375,0,-2.71209912536443,-175.214285714286,1.00168918918919,1999
"6330",148,1,8566,0,-2.71209912536443,-175.214285714286,1.00168918918919,1999
"6450",142,1,10867,0,-3.71209912536443,-39.2142857142857,-10.9983108108108,2000
"4233",120,1,12175,0,-3.71209912536443,-289.214285714286,-6.99831081081081,1989
"4433",190,1,7159,0,0.287900874635568,-210.214285714286,5.00168918918919,1990
"4388",180,1,8359,0,0.287900874635568,-210.214285714286,1.00168918918919,1990
"4611",146,1,12400,0,2.28790087463557,-86.2142857142857,2.00168918918919,1991
"3920",138,1,2955,0,5.28790087463557,-169.214285714286,3.00168918918919,1987
"4387",159,0,14248,0,2.28790087463557,-210.214285714286,1.00168918918919,1990
"4517",194,1,11579,0,1.28790087463557,-86.2142857142857,-6.99831081081081,1991
"4568",160,1,3910,0,2.28790087463557,-86.2142857142857,-6.99831081081081,1991
"4020",140,1,12562,0,6.28790087463557,-169.214285714286,10.0016891891892,1987
"4436",185,1,2725,0,0.287900874635568,-210.214285714286,5.00168918918919,1990
"4964",164,1,13789,0,-1.71209912536443,-57.2142857142857,-2.99831081081081,1993
"4438",214,0,13337,0,0.287900874635568,-210.214285714286,-11.9983108108108,1990
"4778",145,1,12607,0,-1.71209912536443,-179.214285714286,3.00168918918919,1992
"4019",200,1,955,0,5.28790087463557,-169.214285714286,-5.99831081081081,1987
"4306",200,1,10095,0,6.28790087463557,-289.214285714286,-2.99831081081081,1989
"4644",175,1,4341,0,2.28790087463557,-86.2142857142857,3.00168918918919,1991
"4731",111,1,12740,0,-1.71209912536443,-179.214285714286,-7.99831081081081,1992
"5339",119,1,5770,0,6.28790087463557,-143.214285714286,1.00168918918919,1995
"5047",182,1,10146,0,3.28790087463557,-57.2142857142857,5.00168918918919,1993
"4733",169,1,12574,0,-1.71209912536443,-179.214285714286,-5.99831081081081,1992
"4663",178,1,6108,0,1.28790087463557,-86.2142857142857,0.00168918918919303,1991
"4779",198,1,10766,0,2.28790087463557,-179.214285714286,3.00168918918919,1992
"4415",141,1,11436,0,12.2879008746356,-210.214285714286,8.00168918918919,1990
"4556",211,1,13084,0,2.28790087463557,-86.2142857142857,-8.99831081081081,1991
"5059",177,1,11682,0,1.28790087463557,-57.2142857142857,1.00168918918919,1993
"4612",82,1,9509,0,2.28790087463557,-86.2142857142857,1.00168918918919,1991
"4434",113,1,5344,0,0.287900874635568,-210.214285714286,18.0016891891892,1990
"4420",153,1,8195,0,0.287900874635568,-210.214285714286,9.00168918918919,1990
"4915",165,1,8334,0,1.28790087463557,-57.2142857142857,-6.99831081081081,1993
"4722",153,1,3597,0,1.28790087463557,-179.214285714286,-11.9983108108108,1992
"5137",162,0,1202,0,2.28790087463557,-65.2142857142857,-5.99831081081081,1994
"5347",143,1,7515,0,5.28790087463557,-143.214285714286,2.00168918918919,1995
"4752",144,1,3238,0,-0.712099125364432,-179.214285714286,-1.99831081081081,1992
"5401",139,1,12841,0,6.28790087463557,-143.214285714286,8.00168918918919,1995
"4909",117,1,3747,0,3.28790087463557,-57.2142857142857,-10.9983108108108,1993
"5618",149,1,6342,0,2.28790087463557,74.7857142857143,6.00168918918919,1996
"4931",131,1,630,0,-1.71209912536443,-57.2142857142857,-4.99831081081081,1993
"6342",127,1,1085,0,3.28790087463557,-175.214285714286,-2.99831081081081,1999
"4926",159,1,11215,0,1.28790087463557,-57.2142857142857,-5.99831081081081,1993
"5584",179,0,6854,0,1.28790087463557,74.7857142857143,5.00168918918919,1996
"6490",117,1,9467,0,-3.71209912536443,-39.2142857142857,-3.99831081081081,2000
"5808",179,1,4469,0,-2.71209912536443,41.7857142857143,0.00168918918919303,1997
"5654",170,1,665,0,1.28790087463557,74.7857142857143,19.0016891891892,1996
"5376",109,1,10052,0,1.28790087463557,-143.214285714286,6.00168918918919,1995
"5660",120,0,6437,0,0.287900874635568,74.7857142857143,7.00168918918919,1996
"5392",138,1,9195,0,4.28790087463557,-143.214285714286,8.00168918918919,1995
"4966",111,1,2841,0,-1.71209912536443,-57.2142857142857,-1.99831081081081,1993
"5395",175,1,97,0,1.28790087463557,-143.214285714286,9.00168918918919,1995
"6343",137,1,3019,0,3.28790087463557,-175.214285714286,1.00168918918919,1999
"6337",191,1,2027,0,3.28790087463557,-175.214285714286,2.00168918918919,1999
"5360",137,1,9608,0,1.28790087463557,-143.214285714286,4.00168918918919,1995
"7175",82,1,9229,0,-1.71209912536443,-165.214285714286,-3.99831081081081,2002
"5387",91,1,11220,0,1.28790087463557,-143.214285714286,7.00168918918919,1995
"6362",125,1,2911,0,-1.71209912536443,-175.214285714286,11.0016891891892,1999
"6293",171,1,2508,0,3.28790087463557,-175.214285714286,-3.99831081081081,1999
"6267",175,1,4597,0,-4.71209912536443,-175.214285714286,-2.99831081081081,1999
"6299",137,1,7777,0,3.28790087463557,-175.214285714286,0.00168918918919303,1999
"6296",106,1,12100,0,-4.71209912536443,-175.214285714286,1.00168918918919,1999
"6359",167,1,6381,0,-4.71209912536443,-175.214285714286,9.00168918918919,1999
"6280",146,1,355,0,-4.71209912536443,-175.214285714286,-2.99831081081081,1999
"7144",185,1,8818,0,3.28790087463557,-165.214285714286,-22.9983108108108,2002
"6272",135,1,2089,0,3.28790087463557,-175.214285714286,-1.99831081081081,1999
"7551",172,1,8460,0,4.28790087463557,-6.21428571428572,2.00168918918919,2003
"6444",192,1,5848,0,-3.71209912536443,-39.2142857142857,-16.9983108108108,2000
"6769",154,0,8494,0,-0.712099125364432,150.785714285714,-14.9983108108108,2001
"7184",98,1,9107,0,3.28790087463557,-165.214285714286,-0.998310810810807,2002
"7174",147,1,9620,0,-1.71209912536443,-165.214285714286,-3.99831081081081,2002
"6318",120,1,6898,0,-4.71209912536443,-175.214285714286,2.00168918918919,1999
"6281",144,1,1788,0,3.28790087463557,-175.214285714286,-1.99831081081081,1999
"7571",102,1,12970,0,-1.71209912536443,-6.21428571428572,4.00168918918919,2003
"5819",73,1,10457,0,3.28790087463557,41.7857142857143,0.00168918918919303,1997
"6302",158,1,3192,0,-2.71209912536443,-175.214285714286,2.00168918918919,1999
"7220",133,1,5426,0,-1.71209912536443,-165.214285714286,1.00168918918919,2002
"7165",148,1,11837,0,-1.71209912536443,-165.214285714286,-4.99831081081081,2002
"7246",114,1,9598,0,-1.71209912536443,-165.214285714286,6.00168918918919,2002
"6297",170,1,2685,0,3.28790087463557,-175.214285714286,0.00168918918919303,1999
"7159",108,1,7763,0,3.28790087463557,-165.214285714286,-8.99831081081081,2002
"7193",78,1,9757,0,-1.71209912536443,-165.214285714286,-1.99831081081081,2002
"6287",139,1,1858,0,-4.71209912536443,-175.214285714286,-0.998310810810807,1999
"6569",121,1,11890,0,-5.71209912536443,-39.2142857142857,3.00168918918919,2000
"7155",107,1,10827,0,3.28790087463557,-165.214285714286,-8.99831081081081,2002
"6338",78,1,2265,0,3.28790087463557,-175.214285714286,2.00168918918919,1999
"7692",101,1,8000,0,1.28790087463557,-6.21428571428572,3.00168918918919,2003
"6317",146,1,5893,0,-4.71209912536443,-175.214285714286,3.00168918918919,1999
"7197",150,1,8210,0,-1.71209912536443,-165.214285714286,-0.998310810810807,2002
"7941",157,0,10110,0,1.28790087463557,170.785714285714,1.00168918918919,2004
"8215",55,1,1299,0,-2.71209912536443,-95.2142857142857,4.00168918918919,2005
"8740",75,1,686,0,-4.71209912536443,-53.2142857142857,6.00168918918919,2007
"6557",136,1,4611,0,-0.712099125364432,-39.2142857142857,-0.998310810810807,2000
"7233",145,1,12177,0,3.28790087463557,-165.214285714286,0.00168918918919303,2002
"8152",120,1,10488,0,-0.712099125364432,-95.2142857142857,-1.99831081081081,2005
"6460",98,1,9825,0,-3.71209912536443,-39.2142857142857,-10.9983108108108,2000
"7201",173,1,12138,0,-1.71209912536443,-165.214285714286,-0.998310810810807,2002
"7622",87,1,1699,0,-1.71209912536443,-6.21428571428572,7.00168918918919,2003
"7235",148,1,116,0,6.28790087463557,-165.214285714286,3.00168918918919,2002
"7543",90,1,2390,0,-1.71209912536443,-6.21428571428572,-0.998310810810807,2003
"6532",111,1,1943,0,-3.71209912536443,-39.2142857142857,0.00168918918919303,2000
"7508",119,1,14133,0,1.28790087463557,-6.21428571428572,-4.99831081081081,2003
"7194",50,1,11005,0,-1.71209912536443,-165.214285714286,-4.99831081081081,2002
"8201",114,1,576,0,-2.71209912536443,-95.2142857142857,-0.998310810810807,2005
"7216",72,1,10576,0,3.28790087463557,-165.214285714286,-1.99831081081081,2002
"8657",153,0,11483,0,-0.712099125364432,-53.2142857142857,-0.998310810810807,2007
"7217",132,1,13253,0,3.28790087463557,-165.214285714286,-0.998310810810807,2002
"7539",139,1,2605,0,4.28790087463557,-6.21428571428572,-1.99831081081081,2003
"7205",164,1,9607,0,3.28790087463557,-165.214285714286,-2.99831081081081,2002
"7533",73,1,1326,0,1.28790087463557,-6.21428571428572,-2.99831081081081,2003
"8233",131,1,8453,0,-0.712099125364432,-95.2142857142857,11.0016891891892,2005
"7570",162,1,13741,0,-1.71209912536443,-6.21428571428572,5.00168918918919,2003
"7529",113,1,14007,0,1.28790087463557,-6.21428571428572,-2.99831081081081,2003
"7245",56,1,11300,0,-1.71209912536443,-165.214285714286,3.00168918918919,2002
"8584",139,1,7498,0,-0.712099125364432,-53.2142857142857,-14.9983108108108,2007
"7513",198,1,10880,0,-1.71209912536443,-6.21428571428572,-5.99831081081081,2003
"7813",120,1,4405,0,-1.71209912536443,170.785714285714,-5.99831081081081,2004
"8147",175,1,13519,0,-2.71209912536443,-95.2142857142857,-1.99831081081081,2005
"8620",184,1,4358,0,-4.71209912536443,-53.2142857142857,-2.99831081081081,2007
"8133",120,1,14017,0,5.28790087463557,-95.2142857142857,-4.99831081081081,2005
"11128",106,0,4148,0,0.287900874635568,44.7857142857143,4.00168918918919,2013
"7536",160,1,12244,0,-1.71209912536443,-6.21428571428572,-1.99831081081081,2003
"8671",73,1,12910,0,-4.71209912536443,-53.2142857142857,1.00168918918919,2007
"8688",139,1,4797,0,-0.712099125364432,-53.2142857142857,0.00168918918919303,2007
"8843",76,0,6191,0,-7.71209912536443,66.7857142857143,-13.9983108108108,2008
"8506",177,1,3643,0,-5.71209912536443,-33.2142857142857,7.00168918918919,2006
"8742",133,1,5691,0,-4.71209912536443,-53.2142857142857,8.00168918918919,2007
"8145",160,1,9062,0,-2.71209912536443,-95.2142857142857,-3.99831081081081,2005
"9119",131,1,4018,0,4.28790087463557,116.785714285714,-19.9983108108108,2009
"9146",171,1,582,0,-2.71209912536443,116.785714285714,-10.9983108108108,2009
"8502",167,0,13778,0,2.28790087463557,-33.2142857142857,5.00168918918919,2006
"8633",96,0,11029,0,-4.71209912536443,-53.2142857142857,-2.99831081081081,2007
"7573",160,1,9283,0,-1.71209912536443,-6.21428571428572,3.00168918918919,2003
"8430",102,0,6378,0,-5.71209912536443,-33.2142857142857,0.00168918918919303,2006
"8886",156,1,13251,0,-6.71209912536443,66.7857142857143,-4.99831081081081,2008
"7523",179,1,6757,0,4.28790087463557,-6.21428571428572,-3.99831081081081,2003
"8598",92,1,11340,0,-4.71209912536443,-53.2142857142857,-6.99831081081081,2007
"8748",121,1,10289,0,-0.712099125364432,-53.2142857142857,7.00168918918919,2007
"9170",93,1,13200,0,-2.71209912536443,116.785714285714,-2.99831081081081,2009
"9185",118,1,10097,0,-2.71209912536443,116.785714285714,-2.99831081081081,2009
"11121",107,1,12516,0,-2.71209912536443,44.7857142857143,4.00168918918919,2013
"8513",90,1,9795,0,-5.71209912536443,-33.2142857142857,9.00168918918919,2006
"8586",139,1,1414,0,-4.71209912536443,-53.2142857142857,-10.9983108108108,2007
"8119",128,1,4003,0,5.28790087463557,-95.2142857142857,-9.99831081081081,2005
"8717",135,1,6265,0,-4.71209912536443,-53.2142857142857,0.00168918918919303,2007
"8692",112,1,8819,0,-4.71209912536443,-53.2142857142857,2.00168918918919,2007
"8724",128,0,2914,0,-4.71209912536443,-53.2142857142857,2.00168918918919,2007
"8588",84,1,7076,0,-0.712099125364432,-53.2142857142857,-22.9983108108108,2007
"8847",107,1,8229,0,-3.71209912536443,66.7857142857143,-18.9983108108108,2008
"9556",177,1,12575,0,2.28790087463557,171.785714285714,-10.9983108108108,2010
"8612",148,1,1012,0,-0.712099125364432,-53.2142857142857,-4.99831081081081,2007
"9502",99,1,11810,0,-4.71209912536443,171.785714285714,-2.99831081081081,2010
"8901",132,1,7421,0,-3.71209912536443,66.7857142857143,-7.99831081081081,2008
"8666",143,1,12684,0,-4.71209912536443,-53.2142857142857,1.00168918918919,2007
"10768",61,1,11003,0,0.287900874635568,-138.214285714286,3.00168918918919,2012
"9186",77,1,11174,0,-2.71209912536443,116.785714285714,-2.99831081081081,2009
"9492",59,1,5425,0,-4.71209912536443,171.785714285714,-3.99831081081081,2010
"10798",151,1,10494,0,0.287900874635568,-138.214285714286,4.00168918918919,2012
"8885",79,1,3759,0,-7.71209912536443,66.7857142857143,-5.99831081081081,2008
"9596",133,0,6976,0,2.28790087463557,171.785714285714,-5.99831081081081,2010
"8654",150,1,10660,0,-4.71209912536443,-53.2142857142857,-0.998310810810807,2007
"8966",53,1,751,0,-3.71209912536443,66.7857142857143,-5.99831081081081,2008
"10313",138,1,6408,0,-3.71209912536443,148.785714285714,-0.998310810810807,2011
"10732",148,1,1863,0,2.28790087463557,-138.214285714286,-0.998310810810807,2012
"9268",123,1,6952,0,3.28790087463557,116.785714285714,-4.99831081081081,2009
"8940",165,1,5559,0,-3.71209912536443,66.7857142857143,-5.99831081081081,2008
"10723",166,1,9704,0,2.28790087463557,-138.214285714286,-2.99831081081081,2012
"9228",115,1,3278,0,3.28790087463557,116.785714285714,-9.99831081081081,2009
"11892",132,0,6492,0,0.287900874635568,-18.2142857142857,0.00168918918919303,2014
"10809",109,1,9192,0,0.287900874635568,-138.214285714286,10.0016891891892,2012
"10709",157,1,6654,0,2.28790087463557,-138.214285714286,-8.99831081081081,2012
"11740",110,1,8872,0,0.287900874635568,-18.2142857142857,-4.99831081081081,2014
"11007",185,1,2364,0,0.287900874635568,44.7857142857143,-4.99831081081081,2013
"11822",130,1,520,0,4.28790087463557,-18.2142857142857,0.00168918918919303,2014
"11017",145,1,232,0,7.28790087463557,44.7857142857143,-3.99831081081081,2013
"10753",128,1,6741,0,0.287900874635568,-138.214285714286,2.00168918918919,2012
"12233",136,1,1395,0,-7.71209912536443,12.7857142857143,6.00168918918919,2015
"12253",149,1,768,0,-7.71209912536443,12.7857142857143,7.00168918918919,2015
"11880",162,1,10059,0,4.28790087463557,-18.2142857142857,7.00168918918919,2014
"10781",149,1,8393,0,0.287900874635568,-138.214285714286,6.00168918918919,2012
"12569",176,1,10769,0,0.287900874635568,-56.2142857142857,8.00168918918919,2016
"10726",151,1,11322,0,2.28790087463557,-138.214285714286,-2.99831081081081,2012
"10769",164,1,10802,0,0.287900874635568,-138.214285714286,4.00168918918919,2012
"11827",164,0,12305,0,0.287900874635568,-18.2142857142857,1.00168918918919,2014
"11758",80,1,11140,0,4.28790087463557,-18.2142857142857,-1.99831081081081,2014
"10745",158,1,60,0,8.28790087463557,-138.214285714286,-1.99831081081081,2012
"12559",195,0,1058,0,8.28790087463557,-56.2142857142857,7.00168918918919,2016
"11783",106,1,12861,0,4.28790087463557,-18.2142857142857,0.00168918918919303,2014
"11823",172,1,2722,0,-5.71209912536443,-18.2142857142857,3.00168918918919,2014
"12277",175,1,6896,0,-7.71209912536443,12.7857142857143,7.00168918918919,2015
"10780",171,1,862,0,0.287900874635568,-138.214285714286,5.00168918918919,2012
"12177",162,1,13840,0,-7.71209912536443,12.7857142857143,6.00168918918919,2015
"10756",122,1,1637,0,2.28790087463557,-138.214285714286,1.00168918918919,2012
"10771",138,1,976,0,0.287900874635568,-138.214285714286,3.00168918918919,2012
"11058",169,1,2944,0,0.287900874635568,44.7857142857143,-1.99831081081081,2013
"12210",105,0,336,0,-7.71209912536443,12.7857142857143,4.00168918918919,2015
"12597",173,1,5330,0,0.287900874635568,-56.2142857142857,8.00168918918919,2016
"11895",137,0,4670,0,-5.71209912536443,-18.2142857142857,10.0016891891892,2014
"12169",125,0,3938,0,-4.71209912536443,12.7857142857143,-1.99831081081081,2015
"11063",117,1,4963,0,5.28790087463557,44.7857142857143,-2.99831081081081,2013
"13113",196,1,7968,0,-0.712099125364432,-122.214285714286,1.00168918918919,2018
"12558",146,1,8253,0,2.28790087463557,-56.2142857142857,5.00168918918919,2016
"12749",130,0,9981,0,7.28790087463557,27.7857142857143,-3.99831081081081,2017
"12602",134,1,6343,0,0.287900874635568,-56.2142857142857,11.0016891891892,2016
"11745",145,0,6229,0,0.287900874635568,-18.2142857142857,-4.99831081081081,2014
"12581",114,1,10615,0,8.28790087463557,-56.2142857142857,9.00168918918919,2016
"12794",122,0,11188,0,-2.71209912536443,27.7857142857143,0.00168918918919303,2017
"8651",191,0,5390,1,-4.71209912536443,-53.2142857142857,-0.998310810810807,2007
"3913",172,1,6619,1,5.28790087463557,-169.214285714286,3.00168918918919,1987
"3914",150,1,7187,1,5.28790087463557,-169.214285714286,3.00168918918919,1987
"4398",95,1,11532,1,0.287900874635568,-210.214285714286,2.00168918918919,1990
"5921",66,0,1302,1,-2.71209912536443,41.7857142857143,6.00168918918919,1997
"3918",155,1,929,1,5.28790087463557,-169.214285714286,3.00168918918919,1987
"3983",188,1,10216,1,6.28790087463557,-169.214285714286,-1.99831081081081,1987
"3977",115,0,2523,1,5.28790087463557,-169.214285714286,3.00168918918919,1987
"3939",119,1,4043,1,6.28790087463557,-169.214285714286,7.00168918918919,1987
"3940",155,1,188,1,6.28790087463557,-169.214285714286,7.00168918918919,1987
"4062",75,0,1137,1,10.2879008746356,-43.2142857142857,-10.9983108108108,1988
"3946",141,0,10260,1,5.28790087463557,-169.214285714286,8.00168918918919,1987
"4153",133,0,8764,1,9.28790087463557,-43.2142857142857,-0.998310810810807,1988
"4154",130,0,8140,1,9.28790087463557,-43.2142857142857,-0.998310810810807,1988
"4125",130,0,10420,1,12.2879008746356,-43.2142857142857,-3.99831081081081,1988
"4605",178,0,13534,1,2.28790087463557,-86.2142857142857,-0.998310810810807,1991
"4572",180,0,5725,1,2.28790087463557,-86.2142857142857,-5.99831081081081,1991
"4620",173,0,3078,1,2.28790087463557,-86.2142857142857,1.00168918918919,1991
"4621",120,0,2819,1,2.28790087463557,-86.2142857142857,1.00168918918919,1991
"4574",175,0,1491,1,1.28790087463557,-86.2142857142857,-3.99831081081081,1991
"5008",133,1,8692,1,-1.71209912536443,-57.2142857142857,1.00168918918919,1993
"4922",47,0,7933,1,-1.71209912536443,-57.2142857142857,-5.99831081081081,1993
"4548",166,0,3105,1,1.28790087463557,-86.2142857142857,-11.9983108108108,1991
"5027",77,0,11720,1,-1.71209912536443,-57.2142857142857,3.00168918918919,1993
"5031",96,0,7592,1,-1.71209912536443,-57.2142857142857,4.00168918918919,1993
"5002",128,0,9061,1,9.28790087463557,-57.2142857142857,0.00168918918919303,1993
"4593",138,1,5074,1,2.28790087463557,-86.2142857142857,-2.99831081081081,1991
"4592",170,0,2056,1,2.28790087463557,-86.2142857142857,-2.99831081081081,1991
"5527",130,0,13427,1,2.28790087463557,74.7857142857143,-1.99831081081081,1996
"5774",53,0,8886,1,-2.71209912536443,41.7857142857143,-2.99831081081081,1997
"4795",106,0,2473,1,1.28790087463557,-179.214285714286,18.0016891891892,1992
"5034",159,0,10773,1,2.28790087463557,-57.2142857142857,4.00168918918919,1993
"5203",155,0,12168,1,2.28790087463557,-65.2142857142857,-0.998310810810807,1994
"5215",164,0,13559,1,6.28790087463557,-65.2142857142857,3.00168918918919,1994
"5216",166,0,11778,1,4.28790087463557,-65.2142857142857,3.00168918918919,1994
"4596",120,0,7183,1,2.28790087463557,-86.2142857142857,-1.99831081081081,1991
"4972",114,1,6912,1,2.28790087463557,-57.2142857142857,-1.99831081081081,1993
"4971",85,0,9678,1,2.28790087463557,-57.2142857142857,-1.99831081081081,1993
"4646",150,1,9794,1,1.28790087463557,-86.2142857142857,3.00168918918919,1991
"4662",169,1,12171,1,1.28790087463557,-86.2142857142857,3.00168918918919,1991
"5046",167,0,12780,1,-1.71209912536443,-57.2142857142857,4.00168918918919,1993
"5204",160,0,13182,1,4.28790087463557,-65.2142857142857,0.00168918918919303,1994
"5386",78,1,2114,1,1.28790087463557,-143.214285714286,7.00168918918919,1995
"5608",103,0,6041,1,1.28790087463557,74.7857142857143,6.00168918918919,1996
"6047",130,0,4433,1,-2.71209912536443,90.7857142857143,-1.99831081081081,1998
"6048",119,0,7257,1,-2.71209912536443,90.7857142857143,-1.99831081081081,1998
"5569",149,0,13721,1,1.28790087463557,74.7857142857143,0.00168918918919303,1996
"5570",85,0,14123,1,1.28790087463557,74.7857142857143,0.00168918918919303,1996
"4919",110,0,10031,1,1.28790087463557,-57.2142857142857,-5.99831081081081,1993
"5568",118,0,7924,1,1.28790087463557,74.7857142857143,2.00168918918919,1996
"6368",38,1,10634,1,-4.71209912536443,-175.214285714286,9.00168918918919,1999
"6080",146,0,8505,1,0.287900874635568,90.7857142857143,1.00168918918919,1998
"5778",122,0,3648,1,1.28790087463557,41.7857142857143,-2.99831081081081,1997
"5509",147,0,5133,1,1.28790087463557,74.7857142857143,-13.9983108108108,1996
"6025",126,0,4572,1,-2.71209912536443,90.7857142857143,-4.99831081081081,1998
"4916",118,0,11911,1,-1.71209912536443,-57.2142857142857,-5.99831081081081,1993
"5888",103,0,13563,1,-2.71209912536443,41.7857142857143,9.00168918918919,1997
"5187",145,0,11800,1,4.28790087463557,-65.2142857142857,-2.99831081081081,1994
"5822",146,0,9117,1,-2.71209912536443,41.7857142857143,0.00168918918919303,1997
"4983",135,0,1875,1,2.28790087463557,-57.2142857142857,-0.998310810810807,1993
"5652",139,0,12785,1,1.28790087463557,74.7857142857143,19.0016891891892,1996
"5653",76,0,9578,1,1.28790087463557,74.7857142857143,19.0016891891892,1996
"5611",115,0,1382,1,1.28790087463557,74.7857142857143,7.00168918918919,1996
"5612",88,0,5789,1,1.28790087463557,74.7857142857143,7.00168918918919,1996
"6003",91,0,8697,1,-2.71209912536443,90.7857142857143,-5.99831081081081,1998
"5361",74,1,9816,1,1.28790087463557,-143.214285714286,4.00168918918919,1995
"5852",84,0,13755,1,-2.71209912536443,41.7857142857143,3.00168918918919,1997
"6001",94,0,1304,1,-2.71209912536443,90.7857142857143,-4.99831081081081,1998
"5519",133,0,11092,1,2.28790087463557,74.7857142857143,-2.99831081081081,1996
"5591",110,0,4877,1,1.28790087463557,74.7857142857143,5.00168918918919,1996
"7503",192,1,9712,1,1.28790087463557,-6.21428571428572,-7.99831081081081,2003
"5908",126,0,6472,1,-2.71209912536443,41.7857142857143,17.0016891891892,1997
"5909",106,0,10995,1,-2.71209912536443,41.7857142857143,17.0016891891892,1997
"5226",145,0,2784,1,4.28790087463557,-65.2142857142857,-6.99831081081081,1994
"5602",165,0,980,1,1.28790087463557,74.7857142857143,6.00168918918919,1996
"5782",82,0,1095,1,1.28790087463557,41.7857142857143,-3.99831081081081,1997
"5783",81,0,10940,1,1.28790087463557,41.7857142857143,-3.99831081081081,1997
"7617",136,1,2250,1,1.28790087463557,-6.21428571428572,4.00168918918919,2003
"7828",64,0,2245,1,-1.71209912536443,170.785714285714,-5.99831081081081,2004
"6496",75,0,9793,1,-5.71209912536443,-39.2142857142857,-2.99831081081081,2000
"7922",76,0,3268,1,-1.71209912536443,170.785714285714,-0.998310810810807,2004
"6707",74,0,798,1,-6.71209912536443,150.785714285714,-6.99831081081081,2001
"6683",146,0,7290,1,-0.712099125364432,150.785714285714,-5.99831081081081,2001
"6765",88,0,9605,1,-0.712099125364432,150.785714285714,-5.99831081081081,2001
"5543",155,0,8580,1,5.28790087463557,74.7857142857143,0.00168918918919303,1996
"6332",127,0,8828,1,-4.71209912536443,-175.214285714286,3.00168918918919,1999
"6046",141,0,2166,1,-1.71209912536443,90.7857142857143,-1.99831081081081,1998
"6763",125,0,13185,1,-0.712099125364432,150.785714285714,-1.99831081081081,2001
"5603",101,0,3753,1,1.28790087463557,74.7857142857143,3.00168918918919,1996
"7512",105,0,12048,1,-1.71209912536443,-6.21428571428572,-5.99831081081081,2003
"7885",44,0,10474,1,4.28790087463557,170.785714285714,-2.99831081081081,2004
"7879",78,0,4409,1,-1.71209912536443,170.785714285714,-2.99831081081081,2004
"6676",102,0,9143,1,-6.71209912536443,150.785714285714,-2.99831081081081,2001
"7239",86,1,3333,1,-1.71209912536443,-165.214285714286,-1.99831081081081,2002
"7598",59,1,13085,1,-1.71209912536443,-6.21428571428572,7.00168918918919,2003
"7776",97,0,6391,1,-1.71209912536443,170.785714285714,-12.9983108108108,2004
"7777",60,0,1496,1,-1.71209912536443,170.785714285714,-12.9983108108108,2004
"6722",84,0,3581,1,-4.71209912536443,150.785714285714,-2.99831081081081,2001
"6726",126,0,9807,1,-4.71209912536443,150.785714285714,-2.99831081081081,2001
"7967",135,0,7817,1,-1.71209912536443,170.785714285714,-5.99831081081081,2004
"6524",62,1,3070,1,-5.71209912536443,-39.2142857142857,-1.99831081081081,2000
"6681",122,0,2201,1,-6.71209912536443,150.785714285714,4.00168918918919,2001
"8420",28,0,1238,1,2.28790087463557,-33.2142857142857,-2.99831081081081,2006
"8017",62,0,3428,1,-1.71209912536443,170.785714285714,8.00168918918919,2004
"8018",80,0,832,1,-1.71209912536443,170.785714285714,8.00168918918919,2004
"6691",112,0,4685,1,-11.7120991253644,150.785714285714,-1.99831081081081,2001
"6779",82,0,13642,1,6.28790087463557,150.785714285714,-6.99831081081081,2001
"6746",105,0,8699,1,-3.71209912536443,150.785714285714,-0.998310810810807,2001
"7607",67,1,10386,1,1.28790087463557,-6.21428571428572,8.00168918918919,2003
"7608",137,0,2299,1,1.28790087463557,-6.21428571428572,8.00168918918919,2003
"7840",109,0,8069,1,-1.71209912536443,170.785714285714,-3.99831081081081,2004
"9248",147,0,5689,1,-1.71209912536443,116.785714285714,-6.99831081081081,2009
"7888",120,0,724,1,4.28790087463557,170.785714285714,-1.99831081081081,2004
"8516",46,0,12981,1,-5.71209912536443,-33.2142857142857,2.00168918918919,2006
"7864",115,0,5987,1,1.28790087463557,170.785714285714,-1.99831081081081,2004
"7966",145,0,7869,1,-1.71209912536443,170.785714285714,-0.998310810810807,2004
"7821",94,0,12536,1,4.28790087463557,170.785714285714,-6.99831081081081,2004
"8634",73,0,9519,1,-0.712099125364432,-53.2142857142857,-5.99831081081081,2007
"7950",97,0,3338,1,1.28790087463557,170.785714285714,4.00168918918919,2004
"7951",128,0,9234,1,1.28790087463557,170.785714285714,4.00168918918919,2004
"8450",81,1,10155,1,-5.71209912536443,-33.2142857142857,2.00168918918919,2006
"8451",68,0,932,1,-5.71209912536443,-33.2142857142857,2.00168918918919,2006
"8878",64,1,10677,1,-0.712099125364432,66.7857142857143,-7.99831081081081,2008
"8673",54,0,4414,1,1.28790087463557,-53.2142857142857,-2.99831081081081,2007
"7587",143,1,3689,1,1.28790087463557,-6.21428571428572,6.00168918918919,2003
"9319",41,0,9115,1,3.28790087463557,116.785714285714,-8.99831081081081,2009
"7861",102,0,7321,1,-1.71209912536443,170.785714285714,-1.99831081081081,2004
"8752",107,0,9094,1,-4.71209912536443,-53.2142857142857,14.0016891891892,2007
"9530",118,0,1656,1,-4.71209912536443,171.785714285714,-4.99831081081081,2010
"9200",129,0,8855,1,-2.71209912536443,116.785714285714,-1.99831081081081,2009
"8607",148,0,12309,1,-0.712099125364432,-53.2142857142857,-4.99831081081081,2007
"8873",61,1,13024,1,-7.71209912536443,66.7857142857143,-5.99831081081081,2008
"8732",75,0,4102,1,-0.712099125364432,-53.2142857142857,2.00168918918919,2007
"9547",65,0,11918,1,2.28790087463557,171.785714285714,-1.99831081081081,2010
"9548",105,0,12692,1,2.28790087463557,171.785714285714,-1.99831081081081,2010
"8509",128,0,12278,1,-2.71209912536443,-33.2142857142857,8.00168918918919,2006
"8510",103,0,11031,1,-5.71209912536443,-33.2142857142857,8.00168918918919,2006
"8898",52,0,7232,1,-7.71209912536443,66.7857142857143,-5.99831081081081,2008
"9165",88,0,9271,1,-2.71209912536443,116.785714285714,-10.9983108108108,2009
"9166",123,0,4862,1,-2.71209912536443,116.785714285714,-10.9983108108108,2009
"8616",176,0,11850,1,-0.712099125364432,-53.2142857142857,-7.99831081081081,2007
"9149",128,1,3156,1,3.28790087463557,116.785714285714,-12.9983108108108,2009
"10287",65,0,13535,1,-3.71209912536443,148.785714285714,-0.998310810810807,2011
"9260",68,0,5262,1,-2.71209912536443,116.785714285714,1.00168918918919,2009
"8617",109,0,10007,1,-0.712099125364432,-53.2142857142857,-5.99831081081081,2007
"8618",75,0,7078,1,-0.712099125364432,-53.2142857142857,-5.99831081081081,2007
"8842",161,0,6416,1,-7.71209912536443,66.7857142857143,-16.9983108108108,2008
"9473",104,0,9349,1,2.28790087463557,171.785714285714,-8.99831081081081,2010
"9190",98,0,7917,1,-2.71209912536443,116.785714285714,-1.99831081081081,2009
"9176",121,0,5682,1,-2.71209912536443,116.785714285714,-3.99831081081081,2009
"9177",112,0,3810,1,-2.71209912536443,116.785714285714,-3.99831081081081,2009
"9553",100,1,8409,1,-4.71209912536443,171.785714285714,0.00168918918919303,2010
"9554",64,0,9586,1,-4.71209912536443,171.785714285714,0.00168918918919303,2010
"8977",161,1,11953,1,-7.71209912536443,66.7857142857143,-2.99831081081081,2008
"10355",81,0,7844,1,0.287900874635568,148.785714285714,2.00168918918919,2011
"9058",107,0,12351,1,-0.712099125364432,66.7857142857143,-5.99831081081081,2008
"9229",152,1,9559,1,3.28790087463557,116.785714285714,-9.99831081081081,2009
"9230",62,0,7734,1,3.28790087463557,116.785714285714,-9.99831081081081,2009
"11110",93,0,3074,1,0.287900874635568,44.7857142857143,2.00168918918919,2013
"10270",67,0,4504,1,-3.71209912536443,148.785714285714,-6.99831081081081,2011
"11142",70,0,8583,1,-2.71209912536443,44.7857142857143,3.00168918918919,2013
"11143",66,0,4691,1,-2.71209912536443,44.7857142857143,3.00168918918919,2013
"9512",78,0,8263,1,-2.71209912536443,171.785714285714,-3.99831081081081,2010
"10279",135,0,8821,1,-3.71209912536443,148.785714285714,0.00168918918919303,2011
"10280",114,0,2150,1,-3.71209912536443,148.785714285714,0.00168918918919303,2011
"11793",62,0,12522,1,-2.71209912536443,-18.2142857142857,-1.99831081081081,2014
"11130",122,0,2024,1,-2.71209912536443,44.7857142857143,3.00168918918919,2013
"11021",117,0,14035,1,0.287900874635568,44.7857142857143,-4.99831081081081,2013
"12744",131,0,9211,1,0.287900874635568,27.7857142857143,-3.99831081081081,2017
"9447",145,0,6484,1,2.28790087463557,171.785714285714,-12.9983108108108,2010
"11046",140,0,9128,1,-2.71209912536443,44.7857142857143,-2.99831081081081,2013
"11139",124,0,8718,1,-2.71209912536443,44.7857142857143,6.00168918918919,2013
"11140",105,0,7526,1,-2.71209912536443,44.7857142857143,6.00168918918919,2013
"12489",138,0,10884,1,0.287900874635568,-56.2142857142857,-2.99831081081081,2016
"10363",158,0,1292,1,0.287900874635568,148.785714285714,-1.99831081081081,2011
"11037",112,0,12531,1,5.28790087463557,44.7857142857143,-3.99831081081081,2013
"11765",77,0,10397,1,-5.71209912536443,-18.2142857142857,-2.99831081081081,2014
"12759",89,0,5044,1,2.28790087463557,27.7857142857143,-3.99831081081081,2017
"11845",54,0,6772,1,4.28790087463557,-18.2142857142857,2.00168918918919,2014
"11067",154,0,9871,1,-2.71209912536443,44.7857142857143,-0.998310810810807,2013
"11860",174,0,4812,1,-2.71209912536443,-18.2142857142857,5.00168918918919,2014
"12283",133,0,8946,1,-7.71209912536443,12.7857142857143,8.00168918918919,2015
"11082",144,0,157,1,0.287900874635568,44.7857142857143,0.00168918918919303,2013
"11150",75,0,7471,1,-2.71209912536443,44.7857142857143,8.00168918918919,2013
"11151",123,0,13341,1,0.287900874635568,44.7857142857143,8.00168918918919,2013
"11903",85,0,13706,1,-5.71209912536443,-18.2142857142857,14.0016891891892,2014
"12627",77,0,8072,1,0.287900874635568,-56.2142857142857,13.0016891891892,2016
"11787",88,0,9152,1,4.28790087463557,-18.2142857142857,0.00168918918919303,2014
"12863",98,0,13480,1,5.28790087463557,27.7857142857143,5.00168918918919,2017
"12162",70,0,9626,1,-7.71209912536443,12.7857142857143,9.00168918918919,2015
"12574",121,1,4964,1,0.287900874635568,-56.2142857142857,7.00168918918919,2016
"11890",152,0,12611,1,0.287900874635568,-18.2142857142857,5.00168918918919,2014
"12316",56,0,6313,1,2.28790087463557,12.7857142857143,7.00168918918919,2015
"12205",45,0,11852,1,-7.71209912536443,12.7857142857143,2.00168918918919,2015
"11842",79,0,13777,1,-2.71209912536443,-18.2142857142857,2.00168918918919,2014
"11077",57,0,772,1,-2.71209912536443,44.7857142857143,-1.99831081081081,2013
"11839",35,0,4019,1,-5.71209912536443,-18.2142857142857,1.00168918918919,2014
"11040",138,0,14307,1,-2.71209912536443,44.7857142857143,-2.99831081081081,2013
"11050",102,0,11343,1,-2.71209912536443,44.7857142857143,-3.99831081081081,2013
"11834",125,0,13571,1,-5.71209912536443,-18.2142857142857,3.00168918918919,2014
"12178",91,0,3407,1,-7.71209912536443,12.7857142857143,0.00168918918919303,2015
"12529",131,0,66,1,0.287900874635568,-56.2142857142857,4.00168918918919,2016
"12830",119,0,2072,1,-2.71209912536443,27.7857142857143,1.00168918918919,2017
"12215",87,0,9728,1,0.287900874635568,12.7857142857143,1.00168918918919,2015
"12775",69,0,3038,1,-2.71209912536443,27.7857142857143,-1.99831081081081,2017
"7459",97,0,2413,1,-3.71209912536443,150.785714285714,-4.99831081081081,2001
"3581",74,0,5840,1,0.287900874635568,8.78571428571428,1.00168918918919,1985
"3616",126,0,646,1,-3.71209912536443,8.78571428571428,4.00168918918919,1985
"3626",137,0,4366,1,2.28790087463557,8.78571428571428,3.00168918918919,1985
"3630",93,0,1364,1,1.28790087463557,8.78571428571428,3.00168918918919,1985
"3656",160,0,11739,1,-0.712099125364432,8.78571428571428,6.00168918918919,1985
"12302",83,0,12804,1,0.287900874635568,12.7857142857143,1.00168918918919,2015
"13099",83,0,223,1,-2.71209912536443,-122.214285714286,0.00168918918919303,2018
"13132",82,0,5525,1,-2.71209912536443,-122.214285714286,3.00168918918919,2018
"13138",123,0,8147,1,-2.71209912536443,-122.214285714286,7.00168918918919,2018
"13390",65,0,13514,1,0.287900874635568,7.78571428571428,-3.99831081081081,2019
"13422",170,0,3901,1,-2.71209912536443,7.78571428571428,-2.99831081081081,2019
"13433",97,0,2537,1,0.287900874635568,7.78571428571428,-1.99831081081081,2019
"13459",58,0,14097,1,-2.71209912536443,7.78571428571428,1.00168918918919,2019
"13479",89,0,13679,1,3.28790087463557,7.78571428571428,2.00168918918919,2019
"13516",73,0,10103,1,0.287900874635568,7.78571428571428,7.00168918918919,2019
"13543",97,0,10011,1,-2.71209912536443,7.78571428571428,9.00168918918919,2019
"13544",87,0,13744,1,-2.71209912536443,7.78571428571428,9.00168918918919,2019
"13549",50,0,9797,1,-2.71209912536443,7.78571428571428,12.0016891891892,2019
"13599",106,0,1540,1,-2.71209912536443,7.78571428571428,23.0016891891892,2019
"13813",113,1,6115,1,12.2879008746356,1.78571428571428,-2.99831081081081,2020
"13831",91,0,2634,1,7.28790087463557,1.78571428571428,0.00168918918919303,2020
"13838",110,1,12739,1,7.28790087463557,1.78571428571428,-0.998310810810807,2020
"13839",87,1,13616,1,7.28790087463557,1.78571428571428,-0.998310810810807,2020
"13841",61,0,8005,1,7.28790087463557,1.78571428571428,3.00168918918919,2020
"13913",147,0,770,1,10.2879008746356,1.78571428571428,3.00168918918919,2020
"13932",106,1,4384,1,0.287900874635568,1.78571428571428,6.00168918918919,2020
"14032",100,0,7005,1,9.28790087463557,56.7857142857143,-3.99831081081081,2021
"14037",70,0,7952,1,7.28790087463557,56.7857142857143,-3.99831081081081,2021
"14055",101,0,10705,1,7.28790087463557,56.7857142857143,-3.99831081081081,2021
"14107",70,0,10312,1,2.28790087463557,56.7857142857143,3.00168918918919,2021
"14111",110,0,5109,1,0.287900874635568,56.7857142857143,3.00168918918919,2021
"14119",166,0,4091,1,0.287900874635568,56.7857142857143,3.00168918918919,2021
"14156",127,0,6631,1,2.28790087463557,56.7857142857143,6.00168918918919,2021
"14380",57,0,14403,1,-1.71209912536443,14.7857142857143,-2.99831081081081,2022
"14416",42,0,14347,1,4.28790087463557,14.7857142857143,-1.99831081081081,2022
"14417",104,0,14382,1,4.28790087463557,14.7857142857143,-1.99831081081081,2022
"14468",74,0,14376,1,4.28790087463557,14.7857142857143,3.00168918918919,2022
"14469",51,0,14346,1,4.28790087463557,14.7857142857143,3.00168918918919,2022
"6766",138,0,10092,0,-0.712099125364432,150.785714285714,2.00168918918919,2001
"6037",174,0,4632,0,-1.71209912536443,90.7857142857143,-2.99831081081081,1998
"3877",190,1,12322,0,5.28790087463557,-169.214285714286,-4.99831081081081,1987
"3646",161,0,9520,0,-0.712099125364432,8.78571428571428,6.00168918918919,1985
"3981",184,1,14091,0,6.28790087463557,-169.214285714286,10.0016891891892,1987
"3883",120,1,12313,0,5.28790087463557,-169.214285714286,-0.998310810810807,1987
"4055",154,0,944,0,10.2879008746356,-43.2142857142857,-11.9983108108108,1988
"4174",166,0,9026,0,12.2879008746356,-43.2142857142857,-2.99831081081081,1988
"3876",100,1,10427,0,5.28790087463557,-169.214285714286,-4.99831081081081,1987
"3893",170,1,12241,0,5.28790087463557,-169.214285714286,0.00168918918919303,1987
"4141",155,0,1549,0,10.2879008746356,-43.2142857142857,-2.99831081081081,1988
"4766",104,1,11867,0,-1.71209912536443,-179.214285714286,1.00168918918919,1992
"4232",209,0,346,0,1.28790087463557,-289.214285714286,-8.99831081081081,1989
"4150",195,0,9429,0,12.2879008746356,-43.2142857142857,-0.998310810810807,1988
"4414",185,0,1989,0,0.287900874635568,-210.214285714286,8.00168918918919,1990
"4097",147,0,12381,0,17.2879008746356,-43.2142857142857,-6.99831081081081,1988
"4810",95,1,5931,0,-1.71209912536443,-179.214285714286,1.00168918918919,1992
"4383",162,1,1438,0,0.287900874635568,-210.214285714286,-0.998310810810807,1990
"4559",120,0,11332,0,5.28790087463557,-86.2142857142857,-6.99831081081081,1991
"3934",164,1,4550,0,6.28790087463557,-169.214285714286,7.00168918918919,1987
"3887",85,1,10754,0,5.28790087463557,-169.214285714286,-1.99831081081081,1987
"4099",148,0,11495,0,9.28790087463557,-43.2142857142857,-5.99831081081081,1988
"3937",183,1,10582,0,9.28790087463557,-169.214285714286,8.00168918918919,1987
"4136",175,0,406,0,12.2879008746356,-43.2142857142857,-2.99831081081081,1988
"3881",150,1,4514,0,5.28790087463557,-169.214285714286,-1.99831081081081,1987
"3971",150,1,11996,0,5.28790087463557,-169.214285714286,26.0016891891892,1987
"4176",137,0,8965,0,12.2879008746356,-43.2142857142857,5.00168918918919,1988
"4777",163,0,3288,0,-0.712099125364432,-179.214285714286,4.00168918918919,1992
"4649",115,0,12099,0,2.28790087463557,-86.2142857142857,5.00168918918919,1991
"4767",155,1,3595,0,-0.712099125364432,-179.214285714286,1.00168918918919,1992
"5616",115,0,1986,0,5.28790087463557,74.7857142857143,7.00168918918919,1996
"4759",175,0,701,0,-0.712099125364432,-179.214285714286,1.00168918918919,1992
"4392",180,0,5673,0,0.287900874635568,-210.214285714286,1.00168918918919,1990
"3906",182,1,6994,0,5.28790087463557,-169.214285714286,2.00168918918919,1987
"4130",181,0,13641,0,14.2879008746356,-43.2142857142857,-2.99831081081081,1988
"4750",134,0,3131,0,-1.71209912536443,-179.214285714286,-1.99831081081081,1992
"4643",74,0,1785,0,1.28790087463557,-86.2142857142857,5.00168918918919,1991
"3957",129,1,14298,0,7.28790087463557,-169.214285714286,12.0016891891892,1987
"3929",35,1,3641,0,5.28790087463557,-169.214285714286,4.00168918918919,1987
"4068",137,1,11513,0,12.2879008746356,-43.2142857142857,-10.9983108108108,1988
"3935",155,1,5655,0,6.28790087463557,-169.214285714286,7.00168918918919,1987
"4103",142,0,266,0,9.28790087463557,-43.2142857142857,-5.99831081081081,1988
"3873",130,1,10920,0,5.28790087463557,-169.214285714286,-11.9983108108108,1987
"4188",100,0,8095,0,10.2879008746356,-43.2142857142857,-11.9983108108108,1988
"4118",133,0,12809,0,12.2879008746356,-43.2142857142857,-3.99831081081081,1988
"3896",110,1,12211,0,6.28790087463557,-169.214285714286,1.00168918918919,1987
"4771",111,1,6294,0,1.28790087463557,-179.214285714286,3.00168918918919,1992
"5217",173,0,5134,0,4.28790087463557,-65.2142857142857,4.00168918918919,1994
"4049",168,0,11956,0,17.2879008746356,-43.2142857142857,-13.9983108108108,1988
"5193",175,0,7609,0,2.28790087463557,-65.2142857142857,0.00168918918919303,1994
"4117",134,0,3751,0,6.28790087463557,-43.2142857142857,-4.99831081081081,1988
"5403",161,1,7898,0,6.28790087463557,-143.214285714286,10.0016891891892,1995
"4047",105,0,13765,0,12.2879008746356,-43.2142857142857,-20.9983108108108,1988
"5222",164,0,3471,0,4.28790087463557,-65.2142857142857,6.00168918918919,1994
"4530",190,0,6844,0,1.28790087463557,-86.2142857142857,-17.9983108108108,1991
"5379",106,1,14254,0,1.28790087463557,-143.214285714286,6.00168918918919,1995
"4640",192,0,1074,0,2.28790087463557,-86.2142857142857,3.00168918918919,1991
"4772",190,0,6480,0,-0.712099125364432,-179.214285714286,2.00168918918919,1992
"5024",156,1,8347,0,-1.71209912536443,-57.2142857142857,3.00168918918919,1993
"5683",187,0,11936,0,2.28790087463557,74.7857142857143,8.00168918918919,1996
"5902",141,0,9982,0,-2.71209912536443,41.7857142857143,10.0016891891892,1997
"6152",162,0,1781,0,-1.71209912536443,90.7857142857143,4.00168918918919,1998
"4175",117,0,13748,0,9.28790087463557,-43.2142857142857,3.00168918918919,1988
"5881",138,0,12011,0,-2.71209912536443,41.7857142857143,7.00168918918919,1997
"4162",74,0,1175,0,15.2879008746356,-43.2142857142857,0.00168918918919303,1988
"4641",170,1,5102,0,2.28790087463557,-86.2142857142857,4.00168918918919,1991
"5563",152,0,6745,0,1.28790087463557,74.7857142857143,2.00168918918919,1996
"6110",111,0,4461,0,-2.71209912536443,90.7857142857143,4.00168918918919,1998
"4546",166,0,6169,0,1.28790087463557,-86.2142857142857,-10.9983108108108,1991
"4936",193,0,9817,0,-1.71209912536443,-57.2142857142857,-4.99831081081081,1993
"6004",180,0,6029,0,-2.71209912536443,90.7857142857143,-4.99831081081081,1998
"6088",150,0,9719,0,0.287900874635568,90.7857142857143,2.00168918918919,1998
"4784",174,1,7169,0,2.28790087463557,-179.214285714286,1.00168918918919,1992
"5143",170,0,3525,0,8.28790087463557,-65.2142857142857,-4.99831081081081,1994
"4932",172,0,5206,0,-1.71209912536443,-57.2142857142857,-4.99831081081081,1993
"5334",108,1,3507,0,4.28790087463557,-143.214285714286,0.00168918918919303,1995
"4645",183,0,7503,0,1.28790087463557,-86.2142857142857,2.00168918918919,1991
"4910",208,1,388,0,1.28790087463557,-57.2142857142857,-10.9983108108108,1993
"5510",179,1,5007,0,0.287900874635568,74.7857142857143,-12.9983108108108,1996
"5151",71,0,4595,0,2.28790087463557,-65.2142857142857,-4.99831081081081,1994
"4443",100,0,10416,0,0.287900874635568,-210.214285714286,11.0016891891892,1990
"5864",146,0,11044,0,-2.71209912536443,41.7857142857143,5.00168918918919,1997
"6578",125,1,13543,0,-5.71209912536443,-39.2142857142857,4.00168918918919,2000
"4719",139,1,12618,0,-1.71209912536443,-179.214285714286,-13.9983108108108,1992
"5025",168,0,13550,0,1.28790087463557,-57.2142857142857,3.00168918918919,1993
"5317",179,0,12658,0,6.28790087463557,-143.214285714286,-6.99831081081081,1995
"5535",169,0,8830,0,2.28790087463557,74.7857142857143,-1.99831081081081,1996
"5743",189,1,13920,0,1.28790087463557,41.7857142857143,-12.9983108108108,1997
"6029",181,0,2877,0,2.28790087463557,90.7857142857143,-3.99831081081081,1998
"4977",191,1,14033,0,2.28790087463557,-57.2142857142857,-0.998310810810807,1993
"4738",145,1,13307,0,-1.71209912536443,-179.214285714286,-4.99831081081081,1992
"5528",180,1,13380,0,0.287900874635568,74.7857142857143,-1.99831081081081,1996
"4730",121,0,9583,0,-0.712099125364432,-179.214285714286,-7.99831081081081,1992
"6143",121,0,4936,0,0.287900874635568,90.7857142857143,4.00168918918919,1998
"4792",115,1,8413,0,-0.712099125364432,-179.214285714286,16.0016891891892,1992
"6153",160,0,1018,0,-2.71209912536443,90.7857142857143,6.00168918918919,1998
"6284",154,1,7793,0,-4.71209912536443,-175.214285714286,-0.998310810810807,1999
"5028",162,0,662,0,3.28790087463557,-57.2142857142857,2.00168918918919,1993
"5184",103,0,3472,0,4.28790087463557,-65.2142857142857,-1.99831081081081,1994
"5918",140,0,4969,0,-2.71209912536443,41.7857142857143,7.00168918918919,1997
"6326",94,1,11665,0,-1.71209912536443,-175.214285714286,4.00168918918919,1999
"5641",167,0,7838,0,1.28790087463557,74.7857142857143,5.00168918918919,1996
"5042",132,1,4905,0,3.28790087463557,-57.2142857142857,6.00168918918919,1993
"5114",116,0,11085,0,2.28790087463557,-65.2142857142857,-12.9983108108108,1994
"5134",139,0,4029,0,2.28790087463557,-65.2142857142857,-6.99831081081081,1994
"4558",105,0,12540,0,2.28790087463557,-86.2142857142857,-7.99831081081081,1991
"5324",134,1,12670,0,5.28790087463557,-143.214285714286,-2.99831081081081,1995
"5533",173,0,7364,0,2.28790087463557,74.7857142857143,-1.99831081081081,1996
"5122",190,0,7984,0,2.28790087463557,-65.2142857142857,-8.99831081081081,1994
"6087",183,0,13948,0,2.28790087463557,90.7857142857143,2.00168918918919,1998
"5130",148,0,13236,0,2.28790087463557,-65.2142857142857,-7.99831081081081,1994
"4965",187,1,876,0,-1.71209912536443,-57.2142857142857,-2.99831081081081,1993
"4799",50,1,827,0,-1.71209912536443,-179.214285714286,73.0016891891892,1992
"5150",178,0,5119,0,6.28790087463557,-65.2142857142857,-4.99831081081081,1994
"5689",173,1,14037,0,2.28790087463557,74.7857142857143,-0.998310810810807,1996
"6039",107,0,1658,0,0.287900874635568,90.7857142857143,-4.99831081081081,1998
"5876",139,0,2297,0,1.28790087463557,41.7857142857143,2.00168918918919,1997
"5532",189,1,4024,0,2.28790087463557,74.7857142857143,-1.99831081081081,1996
"6162",125,0,2750,0,-2.71209912536443,90.7857142857143,5.00168918918919,1998
"5750",163,0,11541,0,-2.71209912536443,41.7857142857143,-8.99831081081081,1997
"6258",169,0,2483,0,-4.71209912536443,-175.214285714286,-14.9983108108108,1999
"5564",139,0,4363,0,1.28790087463557,74.7857142857143,3.00168918918919,1996
"5393",117,0,4272,0,1.28790087463557,-143.214285714286,8.00168918918919,1995
"5923",89,1,320,0,-2.71209912536443,41.7857142857143,7.00168918918919,1997
"5662",169,0,6102,0,0.287900874635568,74.7857142857143,0.00168918918919303,1996
"6032",185,0,8657,0,0.287900874635568,90.7857142857143,-3.99831081081081,1998
"6700",115,0,6417,0,-6.71209912536443,150.785714285714,-4.99831081081081,2001
"6079",175,0,484,0,2.28790087463557,90.7857142857143,-0.998310810810807,1998
"5605",170,0,5354,0,1.28790087463557,74.7857142857143,8.00168918918919,1996
"5029",127,0,8646,0,3.28790087463557,-57.2142857142857,3.00168918918919,1993
"6097",149,0,12542,0,-2.71209912536443,90.7857142857143,3.00168918918919,1998
"5365",184,1,1841,0,1.28790087463557,-143.214285714286,4.00168918918919,1995
"5634",140,0,4210,0,0.287900874635568,74.7857142857143,7.00168918918919,1996
"5145",164,0,7139,0,4.28790087463557,-65.2142857142857,-5.99831081081081,1994
"6095",181,0,3823,0,-2.71209912536443,90.7857142857143,3.00168918918919,1998
"6315",96,0,4809,0,-4.71209912536443,-175.214285714286,3.00168918918919,1999
"5809",86,0,9764,0,1.28790087463557,41.7857142857143,-0.998310810810807,1997
"5681",92,0,2410,0,2.28790087463557,74.7857142857143,0.00168918918919303,1996
"5801",157,0,2376,0,3.28790087463557,41.7857142857143,-0.998310810810807,1997
"6182",165,0,8643,0,2.28790087463557,90.7857142857143,17.0016891891892,1998
"5231",131,0,6546,0,4.28790087463557,-65.2142857142857,11.0016891891892,1994
"5999",194,0,2334,0,4.28790087463557,90.7857142857143,-7.99831081081081,1998
"5586",162,1,13985,0,1.28790087463557,74.7857142857143,5.00168918918919,1996
"5762",168,1,12117,0,3.28790087463557,41.7857142857143,-4.99831081081081,1997
"6725",90,0,13210,0,-4.71209912536443,150.785714285714,-7.99831081081081,2001
"5033",95,0,2571,0,2.28790087463557,-57.2142857142857,4.00168918918919,1993
"5895",154,0,14079,0,-2.71209912536443,41.7857142857143,4.00168918918919,1997
"6129",185,0,1097,0,4.28790087463557,90.7857142857143,2.00168918918919,1998
"6699",126,0,4313,0,-6.71209912536443,150.785714285714,3.00168918918919,2001
"5626",188,0,1896,0,1.28790087463557,74.7857142857143,6.00168918918919,1996
"5845",126,0,13331,0,0.287900874635568,41.7857142857143,3.00168918918919,1997
"5539",132,1,3352,0,2.28790087463557,74.7857142857143,-0.998310810810807,1996
"5396",160,1,4402,0,5.28790087463557,-143.214285714286,8.00168918918919,1995
"5636",120,0,567,0,2.28790087463557,74.7857142857143,14.0016891891892,1996
"6734",150,0,4458,0,-4.71209912536443,150.785714285714,1.00168918918919,2001
"4989",110,0,3377,0,-1.71209912536443,-57.2142857142857,-2.99831081081081,1993
"7890",92,0,7828,0,-1.71209912536443,170.785714285714,0.00168918918919303,2004
"5897",157,0,1735,0,-2.71209912536443,41.7857142857143,3.00168918918919,1997
"5880",102,0,11894,0,0.287900874635568,41.7857142857143,6.00168918918919,1997
"5607",167,1,10411,0,0.287900874635568,74.7857142857143,6.00168918918919,1996
"5866",129,1,13880,0,1.28790087463557,41.7857142857143,4.00168918918919,1997
"5211",57,0,13830,0,2.28790087463557,-65.2142857142857,-5.99831081081081,1994
"6531",156,1,2649,0,-0.712099125364432,-39.2142857142857,-2.99831081081081,2000
"6054",162,0,14015,0,0.287900874635568,90.7857142857143,-2.99831081081081,1998
"7696",144,1,1112,0,1.28790087463557,-6.21428571428572,4.00168918918919,2003
"5792",162,0,1321,0,-2.71209912536443,41.7857142857143,-1.99831081081081,1997
"5832",112,0,3964,0,1.28790087463557,41.7857142857143,1.00168918918919,1997
"5826",116,0,7664,0,-2.71209912536443,41.7857142857143,0.00168918918919303,1997
"5613",170,0,11162,0,0.287900874635568,74.7857142857143,7.00168918918919,1996
"6015",190,0,2331,0,0.287900874635568,90.7857142857143,-3.99831081081081,1998
"5512",175,0,5408,0,1.28790087463557,74.7857142857143,-4.99831081081081,1996
"5825",140,1,11731,0,-2.71209912536443,41.7857142857143,1.00168918918919,1997
"6321",170,1,8336,0,3.28790087463557,-175.214285714286,3.00168918918919,1999
"8045",97,0,3230,0,-1.71209912536443,170.785714285714,-2.99831081081081,2004
"5538",151,0,19,0,5.28790087463557,74.7857142857143,-0.998310810810807,1996
"5855",184,0,12884,0,1.28790087463557,41.7857142857143,3.00168918918919,1997
"5841",155,0,9031,0,1.28790087463557,41.7857142857143,0.00168918918919303,1997
"5882",164,0,11172,0,1.28790087463557,41.7857142857143,8.00168918918919,1997
"6165",148,0,10622,0,0.287900874635568,90.7857142857143,8.00168918918919,1998
"6118",169,0,2732,0,0.287900874635568,90.7857142857143,3.00168918918919,1998
"6755",134,0,1113,0,-3.71209912536443,150.785714285714,3.00168918918919,2001
"5837",168,1,6643,0,-2.71209912536443,41.7857142857143,2.00168918918919,1997
"5926",120,1,13669,0,-2.71209912536443,41.7857142857143,8.00168918918919,1997
"6345",134,1,10767,0,-4.71209912536443,-175.214285714286,7.00168918918919,1999
"6150",140,0,8672,0,-2.71209912536443,90.7857142857143,7.00168918918919,1998
"6275",124,1,446,0,3.28790087463557,-175.214285714286,-3.99831081081081,1999
"8041",133,0,10460,0,-1.71209912536443,170.785714285714,-2.99831081081081,2004
"6324",139,1,1297,0,-2.71209912536443,-175.214285714286,2.00168918918919,1999
"5550",174,0,7087,0,1.28790087463557,74.7857142857143,1.00168918918919,1996
"5548",170,1,437,0,1.28790087463557,74.7857142857143,1.00168918918919,1996
"6541",189,0,8668,0,-3.71209912536443,-39.2142857142857,0.00168918918919303,2000
"5755",105,0,6986,0,-2.71209912536443,41.7857142857143,-6.99831081081081,1997
"6500",122,1,6306,0,-5.71209912536443,-39.2142857142857,-2.99831081081081,2000
"6309",169,0,13290,0,-0.712099125364432,-175.214285714286,-1.99831081081081,1999
"6748",56,0,11643,0,-3.71209912536443,150.785714285714,-2.99831081081081,2001
"6764",96,0,1081,0,-0.712099125364432,150.785714285714,-3.99831081081081,2001
"5919",148,0,1981,0,-2.71209912536443,41.7857142857143,2.00168918918919,1997
"6310",173,0,984,0,-4.71209912536443,-175.214285714286,1.00168918918919,1999
"6504",134,1,8456,0,-5.71209912536443,-39.2142857142857,-1.99831081081081,2000
"6675",127,0,11552,0,-0.712099125364432,150.785714285714,-7.99831081081081,2001
"7691",181,1,11904,0,-1.71209912536443,-6.21428571428572,3.00168918918919,2003
"6009",170,0,10222,0,2.28790087463557,90.7857142857143,-3.99831081081081,1998
"6019",130,0,7156,0,-2.71209912536443,90.7857142857143,-3.99831081081081,1998
"5818",106,0,128,0,-2.71209912536443,41.7857142857143,-1.99831081081081,1997
"5557",99,1,801,0,2.28790087463557,74.7857142857143,1.00168918918919,1996
"5828",105,1,1632,0,-2.71209912536443,41.7857142857143,-0.998310810810807,1997
"6570",172,1,977,0,-3.71209912536443,-39.2142857142857,-3.99831081081081,2000
"8022",83,0,9189,0,6.28790087463557,170.785714285714,-2.99831081081081,2004
"7407",105,0,6008,0,-1.71209912536443,150.785714285714,-0.998310810810807,2001
"5627",56,0,9515,0,1.28790087463557,74.7857142857143,3.00168918918919,1996
"6107",173,0,5811,0,0.287900874635568,90.7857142857143,2.00168918918919,1998
"6051",169,0,7412,0,-1.71209912536443,90.7857142857143,-0.998310810810807,1998
"7875",148,0,11021,0,-1.71209912536443,170.785714285714,-2.99831081081081,2004
"5645",48,0,13340,0,1.28790087463557,74.7857142857143,13.0016891891892,1996
"6057",137,0,7173,0,-2.71209912536443,90.7857142857143,-0.998310810810807,1998
"6679",104,0,11946,0,-6.71209912536443,150.785714285714,-9.99831081081081,2001
"6021",136,0,13749,0,0.287900874635568,90.7857142857143,-4.99831081081081,1998
"7964",99,0,13681,0,-1.71209912536443,170.785714285714,6.00168918918919,2004
"6581",85,0,302,0,-3.71209912536443,-39.2142857142857,5.00168918918919,2000
"6526",61,1,1846,0,-0.712099125364432,-39.2142857142857,-3.99831081081081,2000
"7699",184,0,2137,0,4.28790087463557,-6.21428571428572,12.0016891891892,2003
"6085",143,0,7909,0,0.287900874635568,90.7857142857143,0.00168918918919303,1998
"6445",135,1,5086,0,-3.71209912536443,-39.2142857142857,-14.9983108108108,2000
"6756",148,0,10104,0,-3.71209912536443,150.785714285714,3.00168918918919,2001
"6109",145,0,3715,0,-2.71209912536443,90.7857142857143,3.00168918918919,1998
"7946",67,0,6879,0,-1.71209912536443,170.785714285714,4.00168918918919,2004
"8431",142,0,5604,0,-5.71209912536443,-33.2142857142857,1.00168918918919,2006
"6179",89,0,9996,0,0.287900874635568,90.7857142857143,4.00168918918919,1998
"7605",132,0,2204,0,-1.71209912536443,-6.21428571428572,9.00168918918919,2003
"6128",110,0,12742,0,-2.71209912536443,90.7857142857143,2.00168918918919,1998
"9006",121,1,11203,0,-7.71209912536443,66.7857142857143,8.00168918918919,2008
"6010",170,0,4115,0,4.28790087463557,90.7857142857143,-4.99831081081081,1998
"7552",133,1,7926,0,-1.71209912536443,-6.21428571428572,1.00168918918919,2003
"6169",70,0,11608,0,0.287900874635568,90.7857142857143,6.00168918918919,1998
"6341",105,1,8425,0,-2.71209912536443,-175.214285714286,5.00168918918919,1999
"6705",73,0,6790,0,-6.71209912536443,150.785714285714,-3.99831081081081,2001
"6533",161,1,4830,0,-0.712099125364432,-39.2142857142857,-0.998310810810807,2000
"7204",91,1,7816,0,3.28790087463557,-165.214285714286,0.00168918918919303,2002
"7147",41,1,3299,0,3.28790087463557,-165.214285714286,-13.9983108108108,2002
"8725",62,1,4322,0,-4.71209912536443,-53.2142857142857,5.00168918918919,2007
"6706",177,0,13551,0,-6.71209912536443,150.785714285714,-3.99831081081081,2001
"8126",143,0,9865,0,5.28790087463557,-95.2142857142857,-6.99831081081081,2005
"7856",165,0,12938,0,-1.71209912536443,170.785714285714,-3.99831081081081,2004
"6786",179,0,3481,0,15.2879008746356,150.785714285714,2.00168918918919,2001
"6542",149,0,4209,0,-3.71209912536443,-39.2142857142857,1.00168918918919,2000
"7154",145,1,3458,0,3.28790087463557,-165.214285714286,-7.99831081081081,2002
"6678",163,0,8937,0,-6.71209912536443,150.785714285714,-5.99831081081081,2001
"7179",68,1,10826,0,3.28790087463557,-165.214285714286,-1.99831081081081,2002
"8423",67,0,9354,0,-2.71209912536443,-33.2142857142857,-0.998310810810807,2006
"6767",158,0,14134,0,-0.712099125364432,150.785714285714,-4.99831081081081,2001
"6715",103,0,13791,0,-4.71209912536443,150.785714285714,-0.998310810810807,2001
"6727",118,0,5107,0,-4.71209912536443,150.785714285714,-3.99831081081081,2001
"6778",90,0,4143,0,6.28790087463557,150.785714285714,-4.99831081081081,2001
"7886",128,0,12830,0,1.28790087463557,170.785714285714,-0.998310810810807,2004
"6783",104,0,8705,0,10.2879008746356,150.785714285714,-0.998310810810807,2001
"7202",129,1,8035,0,3.28790087463557,-165.214285714286,-4.99831081081081,2002
"8862",166,0,1600,0,-0.712099125364432,66.7857142857143,-6.99831081081081,2008
"8183",154,0,13140,0,-2.71209912536443,-95.2142857142857,1.00168918918919,2005
"8306",171,0,2717,0,-0.712099125364432,-95.2142857142857,17.0016891891892,2005
"6753",92,0,11977,0,-3.71209912536443,150.785714285714,-6.99831081081081,2001
"6747",171,0,7134,0,-3.71209912536443,150.785714285714,-0.998310810810807,2001
"8726",53,0,2017,0,-4.71209912536443,-53.2142857142857,3.00168918918919,2007
"9252",168,0,324,0,-1.71209912536443,116.785714285714,-5.99831081081081,2009
"6785",121,0,4512,0,14.2879008746356,150.785714285714,-7.99831081081081,2001
"6758",165,0,7419,0,-3.71209912536443,150.785714285714,-2.99831081081081,2001
"8137",70,1,4847,0,-0.712099125364432,-95.2142857142857,-3.99831081081081,2005
"7803",182,1,7264,0,-1.71209912536443,170.785714285714,-7.99831081081081,2004
"8641",109,1,11111,0,-4.71209912536443,-53.2142857142857,-1.99831081081081,2007
"7693",119,1,10740,0,4.28790087463557,-6.21428571428572,5.00168918918919,2003
"8396",111,0,10391,0,-2.71209912536443,-33.2142857142857,-2.99831081081081,2006
"10241",65,0,3787,0,-3.71209912536443,148.785714285714,-3.99831081081081,2011
"6688",35,0,8567,0,-13.7120991253644,150.785714285714,-3.99831081081081,2001
"9164",94,0,3740,0,-2.71209912536443,116.785714285714,-8.99831081081081,2009
"7534",178,1,5694,0,1.28790087463557,-6.21428571428572,-1.99831081081081,2003
"8375",171,0,3553,0,-5.71209912536443,-33.2142857142857,-5.99831081081081,2006
"9477",124,0,6082,0,-4.71209912536443,171.785714285714,-6.99831081081081,2010
"7560",156,1,1485,0,4.28790087463557,-6.21428571428572,2.00168918918919,2003
"7846",106,0,6171,0,-1.71209912536443,170.785714285714,-4.99831081081081,2004
"8426",120,0,13011,0,2.28790087463557,-33.2142857142857,0.00168918918919303,2006
"8929",63,0,2988,0,-7.71209912536443,66.7857142857143,-2.99831081081081,2008
"8222",139,0,6341,0,-2.71209912536443,-95.2142857142857,4.00168918918919,2005
"8480",129,0,11565,0,-5.71209912536443,-33.2142857142857,2.00168918918919,2006
"8153",160,0,693,0,-2.71209912536443,-95.2142857142857,-1.99831081081081,2005
"9320",130,0,2440,0,-1.71209912536443,116.785714285714,-7.99831081081081,2009
"7939",132,0,12544,0,-1.71209912536443,170.785714285714,1.00168918918919,2004
"8198",92,0,10262,0,-2.71209912536443,-95.2142857142857,2.00168918918919,2005
"8446",132,0,13998,0,-5.71209912536443,-33.2142857142857,2.00168918918919,2006
"7935",160,0,2191,0,-1.71209912536443,170.785714285714,0.00168918918919303,2004
"8550",124,0,8889,0,2.28790087463557,-33.2142857142857,6.00168918918919,2006
"8034",84,0,411,0,-1.71209912536443,170.785714285714,14.0016891891892,2004
"7496",179,1,1602,0,-1.71209912536443,-6.21428571428572,-9.99831081081081,2003
"9231",120,1,6461,0,-2.71209912536443,116.785714285714,-4.99831081081081,2009
"8980",142,1,11490,0,-7.71209912536443,66.7857142857143,-1.99831081081081,2008
"8503",79,0,12360,0,2.28790087463557,-33.2142857142857,7.00168918918919,2006
"7965",65,0,7494,0,-1.71209912536443,170.785714285714,4.00168918918919,2004
"7580",159,1,4835,0,-1.71209912536443,-6.21428571428572,5.00168918918919,2003
"7919",118,0,1730,0,-1.71209912536443,170.785714285714,1.00168918918919,2004
"7944",110,0,3248,0,-1.71209912536443,170.785714285714,2.00168918918919,2004
"8368",67,0,9606,0,-1.71209912536443,-33.2142857142857,-7.99831081081081,2006
"7525",167,0,458,0,-1.71209912536443,-6.21428571428572,-3.99831081081081,2003
"7953",80,0,4520,0,-1.71209912536443,170.785714285714,0.00168918918919303,2004
"8727",161,1,4166,0,-4.71209912536443,-53.2142857142857,-0.998310810810807,2007
"8941",98,0,8874,0,-7.71209912536443,66.7857142857143,-4.99831081081081,2008
"10470",84,0,2342,0,-3.71209912536443,148.785714285714,5.00168918918919,2011
"8903",173,1,12408,0,-0.712099125364432,66.7857142857143,-6.99831081081081,2008
"8585",146,0,11261,0,-0.712099125364432,-53.2142857142857,-11.9983108108108,2007
"7924",120,0,744,0,-1.71209912536443,170.785714285714,0.00168918918919303,2004
"8856",183,0,2221,0,-7.71209912536443,66.7857142857143,-7.99831081081081,2008
"7921",62,0,2111,0,-1.71209912536443,170.785714285714,0.00168918918919303,2004
"7546",80,1,8774,0,-1.71209912536443,-6.21428571428572,-1.99831081081081,2003
"8032",127,0,846,0,-1.71209912536443,170.785714285714,0.00168918918919303,2004
"9002",155,1,9218,0,-7.71209912536443,66.7857142857143,3.00168918918919,2008
"7867",121,0,10534,0,-1.71209912536443,170.785714285714,-2.99831081081081,2004
"7894",162,0,12270,0,-1.71209912536443,170.785714285714,0.00168918918919303,2004
"8938",178,1,10088,0,-6.71209912536443,66.7857142857143,-1.99831081081081,2008
"9212",184,0,11473,0,-1.71209912536443,116.785714285714,-10.9983108108108,2009
"8206",103,0,2308,0,-2.71209912536443,-95.2142857142857,3.00168918918919,2005
"7825",144,0,5334,0,6.28790087463557,170.785714285714,-4.99831081081081,2004
"8867",165,0,5341,0,-3.71209912536443,66.7857142857143,-7.99831081081081,2008
"9221",189,1,3136,0,4.28790087463557,116.785714285714,-7.99831081081081,2009
"8961",99,1,6715,0,-7.71209912536443,66.7857142857143,0.00168918918919303,2008
"7789",63,0,10892,0,4.28790087463557,170.785714285714,-12.9983108108108,2004
"7624",118,1,13107,0,-1.71209912536443,-6.21428571428572,11.0016891891892,2003
"8694",57,0,13804,0,-4.71209912536443,-53.2142857142857,1.00168918918919,2007
"9131",138,0,7990,0,-1.71209912536443,116.785714285714,-12.9983108108108,2009
"9467",95,0,8094,0,-4.71209912536443,171.785714285714,-6.99831081081081,2010
"8440",138,0,1465,0,2.28790087463557,-33.2142857142857,-1.99831081081081,2006
"8642",157,1,7918,0,1.28790087463557,-53.2142857142857,-1.99831081081081,2007
"9445",144,1,11153,0,4.28790087463557,171.785714285714,-16.9983108108108,2010
"8997",133,0,6237,0,-3.71209912536443,66.7857142857143,5.00168918918919,2008
"8845",126,1,10105,0,-6.71209912536443,66.7857142857143,-9.99831081081081,2008
"9144",161,0,13810,0,3.28790087463557,116.785714285714,-10.9983108108108,2009
"8428",119,1,12469,0,2.28790087463557,-33.2142857142857,0.00168918918919303,2006
"8670",168,0,40,0,-4.71209912536443,-53.2142857142857,1.00168918918919,2007
"8530",78,1,5350,0,-5.71209912536443,-33.2142857142857,11.0016891891892,2006
"10334",95,0,8698,0,-3.71209912536443,148.785714285714,4.00168918918919,2011
"8232",108,0,262,0,5.28790087463557,-95.2142857142857,-3.99831081081081,2005
"8737",163,1,13299,0,-4.71209912536443,-53.2142857142857,6.00168918918919,2007
"8467",65,0,11364,0,-2.71209912536443,-33.2142857142857,3.00168918918919,2006
"8714",50,1,300,0,-0.712099125364432,-53.2142857142857,3.00168918918919,2007
"8212",104,0,13766,0,-2.71209912536443,-95.2142857142857,4.00168918918919,2005
"9262",98,0,11250,0,-2.71209912536443,116.785714285714,2.00168918918919,2009
"10333",98,0,1605,0,-3.71209912536443,148.785714285714,4.00168918918919,2011
"8487",150,0,4214,0,2.28790087463557,-33.2142857142857,4.00168918918919,2006
"8529",110,0,10075,0,-5.71209912536443,-33.2142857142857,11.0016891891892,2006
"8741",77,0,11430,0,-4.71209912536443,-53.2142857142857,8.00168918918919,2007
"8492",153,1,11558,0,-5.71209912536443,-33.2142857142857,5.00168918918919,2006
"10308",143,0,111,0,-3.71209912536443,148.785714285714,3.00168918918919,2011
"8491",130,0,12604,0,-5.71209912536443,-33.2142857142857,4.00168918918919,2006
"8896",160,0,2635,0,-0.712099125364432,66.7857142857143,-4.99831081081081,2008
"9189",122,0,11242,0,3.28790087463557,116.785714285714,-3.99831081081081,2009
"9536",65,0,10142,0,-4.71209912536443,171.785714285714,-1.99831081081081,2010
"8505",151,0,648,0,-5.71209912536443,-33.2142857142857,7.00168918918919,2006
"9245",196,1,12514,0,-1.71209912536443,116.785714285714,-4.99831081081081,2009
"8655",131,0,4386,0,-4.71209912536443,-53.2142857142857,0.00168918918919303,2007
"8374",156,0,12343,0,-2.71209912536443,-33.2142857142857,-5.99831081081081,2006
"8474",142,0,3207,0,-5.71209912536443,-33.2142857142857,3.00168918918919,2006
"10368",140,0,11644,0,0.287900874635568,148.785714285714,-2.99831081081081,2011
"11111",170,0,12049,0,5.28790087463557,44.7857142857143,1.00168918918919,2013
"8981",166,0,1744,0,-0.712099125364432,66.7857142857143,-3.99831081081081,2008
"8194",160,0,11831,0,5.28790087463557,-95.2142857142857,-1.99831081081081,2005
"9461",179,1,2074,0,4.28790087463557,171.785714285714,-8.99831081081081,2010
"9254",157,0,12427,0,3.28790087463557,116.785714285714,-5.99831081081081,2009
"8710",155,1,7792,0,-0.712099125364432,-53.2142857142857,2.00168918918919,2007
"8427",124,0,429,0,-1.71209912536443,-33.2142857142857,0.00168918918919303,2006
"8611",34,0,10743,0,-4.71209912536443,-53.2142857142857,-3.99831081081081,2007
"9263",172,0,3247,0,-1.71209912536443,116.785714285714,0.00168918918919303,2009
"9551",130,0,8414,0,-4.71209912536443,171.785714285714,0.00168918918919303,2010
"7976",82,0,2469,0,-1.71209912536443,170.785714285714,4.00168918918919,2004
"8547",140,0,5712,0,2.28790087463557,-33.2142857142857,4.00168918918919,2006
"8197",148,0,10493,0,-2.71209912536443,-95.2142857142857,1.00168918918919,2005
"10244",134,0,9362,0,-3.71209912536443,148.785714285714,-2.99831081081081,2011
"10722",143,1,8062,0,2.28790087463557,-138.214285714286,-1.99831081081081,2012
"8485",80,0,7771,0,-2.71209912536443,-33.2142857142857,1.00168918918919,2006
"8470",100,0,5485,0,-2.71209912536443,-33.2142857142857,-0.998310810810807,2006
"8889",190,0,10869,0,-7.71209912536443,66.7857142857143,-4.99831081081081,2008
"9506",136,1,1134,0,-4.71209912536443,171.785714285714,-4.99831081081081,2010
"8708",155,0,2758,0,-0.712099125364432,-53.2142857142857,-1.99831081081081,2007
"8551",116,0,1135,0,2.28790087463557,-33.2142857142857,5.00168918918919,2006
"8976",112,0,3040,0,-7.71209912536443,66.7857142857143,1.00168918918919,2008
"9555",64,0,10490,0,-4.71209912536443,171.785714285714,1.00168918918919,2010
"9572",159,0,12082,0,2.28790087463557,171.785714285714,1.00168918918919,2010
"8920",163,0,5954,0,-7.71209912536443,66.7857142857143,-3.99831081081081,2008
"8932",96,1,3657,0,-0.712099125364432,66.7857142857143,-4.99831081081081,2008
"8983",144,0,12955,0,-7.71209912536443,66.7857142857143,0.00168918918919303,2008
"9498",165,0,8230,0,4.28790087463557,171.785714285714,-2.99831081081081,2010
"11871",98,0,12062,0,4.28790087463557,-18.2142857142857,1.00168918918919,2014
"10276",173,0,12461,0,-3.71209912536443,148.785714285714,-1.99831081081081,2011
"11053",165,0,2005,0,-2.71209912536443,44.7857142857143,-0.998310810810807,2013
"9569",125,1,10382,0,-4.71209912536443,171.785714285714,0.00168918918919303,2010
"11039",65,0,4679,0,0.287900874635568,44.7857142857143,-1.99831081081081,2013
"8957",125,0,9780,0,-7.71209912536443,66.7857142857143,-2.99831081081081,2008
"9207",80,0,1672,0,3.28790087463557,116.785714285714,-12.9983108108108,2009
"10255",68,0,9908,0,-3.71209912536443,148.785714285714,-4.99831081081081,2011
"11739",35,0,2602,0,-5.71209912536443,-18.2142857142857,-6.99831081081081,2014
"9211",73,1,10390,0,-2.71209912536443,116.785714285714,-7.99831081081081,2009
"9168",128,1,8853,0,-2.71209912536443,116.785714285714,-9.99831081081081,2009
"8985",71,1,10214,0,-7.71209912536443,66.7857142857143,2.00168918918919,2008
"10237",134,0,3892,0,-3.71209912536443,148.785714285714,-5.99831081081081,2011
"12415",93,0,12096,0,-7.71209912536443,12.7857142857143,19.0016891891892,2015
"8930",124,1,5128,0,-0.712099125364432,66.7857142857143,-4.99831081081081,2008
"8972",83,0,5375,0,-0.712099125364432,66.7857142857143,-3.99831081081081,2008
"9194",105,0,7200,0,3.28790087463557,116.785714285714,-5.99831081081081,2009
"8923",128,1,8490,0,-7.71209912536443,66.7857142857143,-3.99831081081081,2008
"8995",43,0,2399,0,-7.71209912536443,66.7857142857143,5.00168918918919,2008
"8936",83,0,3454,0,-0.712099125364432,66.7857142857143,-3.99831081081081,2008
"9521",173,0,14252,0,-4.71209912536443,171.785714285714,-4.99831081081081,2010
"11763",125,0,1474,0,4.28790087463557,-18.2142857142857,-1.99831081081081,2014
"13075",101,0,6441,0,-2.71209912536443,-122.214285714286,0.00168918918919303,2018
"10306",152,0,6064,0,0.287900874635568,148.785714285714,-2.99831081081081,2011
"9181",134,0,7262,0,3.28790087463557,116.785714285714,-7.99831081081081,2009
"9450",110,1,5476,0,-4.71209912536443,171.785714285714,-11.9983108108108,2010
"10230",112,0,10205,0,-1.71209912536443,148.785714285714,-8.99831081081081,2011
"11054",160,0,10487,0,-2.71209912536443,44.7857142857143,-1.99831081081081,2013
"10370",96,0,11584,0,-3.71209912536443,148.785714285714,9.00168918918919,2011
"11157",183,0,12998,0,-2.71209912536443,44.7857142857143,9.00168918918919,2013
"9692",142,0,10810,0,-4.71209912536443,171.785714285714,7.00168918918919,2010
"9216",153,0,1655,0,-1.71209912536443,116.785714285714,-8.99831081081081,2009
"10712",180,1,1921,0,0.287900874635568,-138.214285714286,-6.99831081081081,2012
"10238",151,0,250,0,-3.71209912536443,148.785714285714,-3.99831081081081,2011
"12185",110,0,11311,0,-7.71209912536443,12.7857142857143,1.00168918918919,2015
"9201",79,0,8254,0,-2.71209912536443,116.785714285714,-3.99831081081081,2009
"9567",97,0,11381,0,-9.71209912536443,171.785714285714,-1.99831081081081,2010
"9272",40,1,9804,0,-2.71209912536443,116.785714285714,1.00168918918919,2009
"9591",127,0,1725,0,-4.71209912536443,171.785714285714,3.00168918918919,2010
"11127",122,0,10269,0,0.287900874635568,44.7857142857143,4.00168918918919,2013
"11881",99,0,6375,0,-5.71209912536443,-18.2142857142857,8.00168918918919,2014
"10996",140,0,9897,0,7.28790087463557,44.7857142857143,-12.9983108108108,2013
"11901",46,0,10842,0,-5.71209912536443,-18.2142857142857,12.0016891891892,2014
"10361",36,0,5836,0,-3.71209912536443,148.785714285714,3.00168918918919,2011
"12255",55,0,52,0,-4.71209912536443,12.7857142857143,6.00168918918919,2015
"9129",99,0,9449,0,-1.71209912536443,116.785714285714,-15.9983108108108,2009
"9454",98,0,7481,0,-4.71209912536443,171.785714285714,-11.9983108108108,2010
"9483",75,0,2654,0,4.28790087463557,171.785714285714,-6.99831081081081,2010
"10269",90,0,13126,0,0.287900874635568,148.785714285714,-0.998310810810807,2011
"9251",110,0,8243,0,-2.71209912536443,116.785714285714,-4.99831081081081,2009
"9266",130,0,13899,0,-1.71209912536443,116.785714285714,-6.99831081081081,2009
"9233",115,0,8729,0,-2.71209912536443,116.785714285714,-7.99831081081081,2009
"10514",127,0,2209,0,0.287900874635568,148.785714285714,2.00168918918919,2011
"12513",79,0,7623,0,0.287900874635568,-56.2142857142857,2.00168918918919,2016
"9001",123,0,9561,0,-0.712099125364432,66.7857142857143,-3.99831081081081,2008
"10239",114,0,1808,0,-3.71209912536443,148.785714285714,-4.99831081081081,2011
"10243",124,0,11990,0,0.287900874635568,148.785714285714,-4.99831081081081,2011
"10257",90,0,7439,0,0.287900874635568,148.785714285714,-2.99831081081081,2011
"10234",136,0,5075,0,0.287900874635568,148.785714285714,-6.99831081081081,2011
"11741",165,0,12710,0,4.28790087463557,-18.2142857142857,-6.99831081081081,2014
"11079",167,0,4336,0,-2.71209912536443,44.7857142857143,-1.99831081081081,2013
"11750",101,0,13517,0,4.28790087463557,-18.2142857142857,-3.99831081081081,2014
"13039",86,0,11346,0,-2.71209912536443,-122.214285714286,-3.99831081081081,2018
"11868",127,0,572,0,-2.71209912536443,-18.2142857142857,5.00168918918919,2014
"12264",155,0,12647,0,-4.71209912536443,12.7857142857143,7.00168918918919,2015
"12603",178,0,3989,0,6.28790087463557,-56.2142857142857,12.0016891891892,2016
"12202",83,0,2042,0,2.28790087463557,12.7857142857143,3.00168918918919,2015
"10261",69,0,6196,0,0.287900874635568,148.785714285714,-0.998310810810807,2011
"12296",127,0,4943,0,-4.71209912536443,12.7857142857143,10.0016891891892,2015
"9590",80,0,5898,0,2.28790087463557,171.785714285714,2.00168918918919,2010
"10316",109,0,7522,0,0.287900874635568,148.785714285714,0.00168918918919303,2011
"9532",82,0,14325,0,-4.71209912536443,171.785714285714,-3.99831081081081,2010
"11074",182,0,7409,0,0.287900874635568,44.7857142857143,-0.998310810810807,2013
"11804",159,0,11808,0,-5.71209912536443,-18.2142857142857,2.00168918918919,2014
"11784",92,0,2592,0,-5.71209912536443,-18.2142857142857,0.00168918918919303,2014
"9531",158,0,13112,0,-4.71209912536443,171.785714285714,-1.99831081081081,2010
"10763",144,1,6693,0,0.287900874635568,-138.214285714286,2.00168918918919,2012
"12612",85,0,11744,0,0.287900874635568,-56.2142857142857,12.0016891891892,2016
"12801",138,0,286,0,0.287900874635568,27.7857142857143,2.00168918918919,2017
"10285",101,0,4961,0,-3.71209912536443,148.785714285714,0.00168918918919303,2011
"11108",155,0,8811,0,0.287900874635568,44.7857142857143,3.00168918918919,2013
"12317",86,0,11307,0,-7.71209912536443,12.7857142857143,11.0016891891892,2015
"12328",142,0,13578,0,0.287900874635568,12.7857142857143,12.0016891891892,2015
"10358",114,0,9161,0,-3.71209912536443,148.785714285714,4.00168918918919,2011
"12634",72,0,7281,0,0.287900874635568,-56.2142857142857,17.0016891891892,2016
"10293",62,0,2163,0,-3.71209912536443,148.785714285714,2.00168918918919,2011
"11861",136,0,5104,0,-5.71209912536443,-18.2142857142857,5.00168918918919,2014
"13129",159,1,4836,0,-2.71209912536443,-122.214285714286,6.00168918918919,2018
"9533",82,0,4959,0,-4.71209912536443,171.785714285714,-5.99831081081081,2010
"12276",139,0,1258,0,-7.71209912536443,12.7857142857143,7.00168918918919,2015
"12874",93,0,5058,0,7.28790087463557,27.7857142857143,3.00168918918919,2017
"11746",104,0,12565,0,-5.71209912536443,-18.2142857142857,-3.99831081081081,2014
"12159",187,1,10026,0,2.28790087463557,12.7857142857143,6.00168918918919,2015
"10256",43,0,9637,0,0.287900874635568,148.785714285714,-3.99831081081081,2011
"11071",113,0,909,0,7.28790087463557,44.7857142857143,-0.998310810810807,2013
"13425",171,1,8271,0,-2.71209912536443,7.78571428571428,-0.998310810810807,2019
"12860",34,0,1413,0,-2.71209912536443,27.7857142857143,4.00168918918919,2017
"11013",169,0,3284,0,0.287900874635568,44.7857142857143,-3.99831081081081,2013
"10323",98,0,1652,0,-3.71209912536443,148.785714285714,3.00168918918919,2011
"11807",126,1,348,0,-5.71209912536443,-18.2142857142857,2.00168918918919,2014
"11010",180,0,8573,0,-2.71209912536443,44.7857142857143,-4.99831081081081,2013
"12811",172,0,8004,0,0.287900874635568,27.7857142857143,1.00168918918919,2017
"10273",76,0,3026,0,-3.71209912536443,148.785714285714,-4.99831081081081,2011
"12777",114,0,7464,0,-2.71209912536443,27.7857142857143,-0.998310810810807,2017
"13409",158,0,9326,0,-2.71209912536443,7.78571428571428,0.00168918918919303,2019
"10775",113,1,14310,0,2.28790087463557,-138.214285714286,2.00168918918919,2012
"12213",115,0,4565,0,-7.71209912536443,12.7857142857143,4.00168918918919,2015
"12505",113,0,11797,0,0.287900874635568,-56.2142857142857,3.00168918918919,2016
"12871",159,0,13823,0,2.28790087463557,27.7857142857143,5.00168918918919,2017
"11104",123,0,7613,0,5.28790087463557,44.7857142857143,1.00168918918919,2013
"10721",156,1,10736,0,2.28790087463557,-138.214285714286,-2.99831081081081,2012
"12192",98,0,7017,0,2.28790087463557,12.7857142857143,2.00168918918919,2015
"12732",124,0,3817,0,-2.71209912536443,27.7857142857143,-12.9983108108108,2017
"10249",125,0,3792,0,-3.71209912536443,148.785714285714,-2.99831081081081,2011
"11786",136,0,7798,0,-5.71209912536443,-18.2142857142857,0.00168918918919303,2014
"14423",99,0,14392,0,-1.71209912536443,14.7857142857143,1.00168918918919,2022
"11852",92,1,5560,0,4.28790087463557,-18.2142857142857,4.00168918918919,2014
"12893",99,0,9371,0,-2.71209912536443,27.7857142857143,10.0016891891892,2017
"11003",144,0,5446,0,0.287900874635568,44.7857142857143,-6.99831081081081,2013
"12756",48,0,2229,0,-2.71209912536443,27.7857142857143,-1.99831081081081,2017
"11818",130,0,13268,0,-5.71209912536443,-18.2142857142857,2.00168918918919,2014
"13123",96,1,3035,0,-2.71209912536443,-122.214285714286,5.00168918918919,2018
"12527",158,1,12743,0,0.287900874635568,-56.2142857142857,5.00168918918919,2016
"12754",133,0,9619,0,-2.71209912536443,27.7857142857143,-1.99831081081081,2017
"13086",100,0,4656,0,-2.71209912536443,-122.214285714286,0.00168918918919303,2018
"11779",150,0,12789,0,-5.71209912536443,-18.2142857142857,0.00168918918919303,2014
"11888",127,0,8076,0,-5.71209912536443,-18.2142857142857,8.00168918918919,2014
"13144",115,1,12339,0,-2.71209912536443,-122.214285714286,8.00168918918919,2018
"11117",186,0,13761,0,0.287900874635568,44.7857142857143,3.00168918918919,2013
"12288",113,0,14304,0,-7.71209912536443,12.7857142857143,9.00168918918919,2015
"11870",98,0,10613,0,0.287900874635568,-18.2142857142857,5.00168918918919,2014
"12031",147,0,2365,0,0.287900874635568,-18.2142857142857,11.0016891891892,2014
"11057",141,0,13658,0,0.287900874635568,44.7857142857143,-3.99831081081081,2013
"12183",145,0,3308,0,-7.71209912536443,12.7857142857143,0.00168918918919303,2015
"12514",147,1,7061,0,0.287900874635568,-56.2142857142857,3.00168918918919,2016
"11023",105,0,6036,0,-2.71209912536443,44.7857142857143,-6.99831081081081,2013
"14127",168,0,8305,0,5.28790087463557,56.7857142857143,4.00168918918919,2021
"11736",142,0,9673,0,0.287900874635568,-18.2142857142857,-7.99831081081081,2014
"12538",153,0,10338,0,2.28790087463557,-56.2142857142857,3.00168918918919,2016
"13833",108,0,11570,0,-6.71209912536443,1.78571428571428,6.00168918918919,2020
"12154",94,0,13758,0,2.28790087463557,12.7857142857143,-15.9983108108108,2015
"14182",90,0,4610,0,7.28790087463557,56.7857142857143,-5.99831081081081,2021
"12172",118,0,1102,0,2.28790087463557,12.7857142857143,-0.998310810810807,2015
"13031",67,1,3318,0,1.28790087463557,-122.214285714286,-7.99831081081081,2018
"13372",88,0,6410,0,4.28790087463557,7.78571428571428,-9.99831081081081,2019
"12519",123,0,14250,0,2.28790087463557,-56.2142857142857,3.00168918918919,2016
"12193",151,0,13558,0,-4.71209912536443,12.7857142857143,2.00168918918919,2015
"12747",173,0,1604,0,-2.71209912536443,27.7857142857143,-1.99831081081081,2017
"13053",121,1,13723,0,-2.71209912536443,-122.214285714286,-2.99831081081081,2018
"13870",189,1,8285,0,17.2879008746356,1.78571428571428,-1.99831081081081,2020
"12592",161,0,1484,0,6.28790087463557,-56.2142857142857,10.0016891891892,2016
"12496",121,0,14034,0,0.287900874635568,-56.2142857142857,-0.998310810810807,2016
"12764",54,0,725,0,-2.71209912536443,27.7857142857143,-0.998310810810807,2017
"13030",85,1,12342,0,-2.71209912536443,-122.214285714286,-8.99831081081081,2018
"12196",60,0,5005,0,-7.71209912536443,12.7857142857143,3.00168918918919,2015
"12755",94,0,8669,0,-2.71209912536443,27.7857142857143,-0.998310810810807,2017
"13499",143,0,1956,0,-2.71209912536443,7.78571428571428,1.00168918918919,2019
"14059",142,0,9066,0,0.287900874635568,56.7857142857143,1.00168918918919,2021
"12507",163,0,14242,0,0.287900874635568,-56.2142857142857,3.00168918918919,2016
"11863",111,0,2454,0,-2.71209912536443,-18.2142857142857,2.00168918918919,2014
"13054",109,0,4637,0,-2.71209912536443,-122.214285714286,-1.99831081081081,2018
"13523",108,0,10061,0,4.28790087463557,7.78571428571428,9.00168918918919,2019
"12805",166,0,5462,0,5.28790087463557,27.7857142857143,1.00168918918919,2017
"13069",134,0,5532,0,6.28790087463557,-122.214285714286,-0.998310810810807,2018
"13073",120,1,9253,0,-2.71209912536443,-122.214285714286,-0.998310810810807,2018
"13116",62,1,10616,0,-2.71209912536443,-122.214285714286,2.00168918918919,2018
"14136",149,0,9266,0,5.28790087463557,56.7857142857143,4.00168918918919,2021
"12504",144,0,10590,0,8.28790087463557,-56.2142857142857,1.00168918918919,2016
"12798",159,0,7150,0,7.28790087463557,27.7857142857143,-0.998310810810807,2017
"11856",78,0,13812,0,-5.71209912536443,-18.2142857142857,3.00168918918919,2014
"12845",73,0,231,0,-2.71209912536443,27.7857142857143,5.00168918918919,2017
"13449",138,0,7999,0,-2.71209912536443,7.78571428571428,3.00168918918919,2019
"14138",128,0,1987,0,0.287900874635568,56.7857142857143,4.00168918918919,2021
"12571",168,1,9610,0,0.287900874635568,-56.2142857142857,8.00168918918919,2016
"12565",130,0,8411,0,2.28790087463557,-56.2142857142857,7.00168918918919,2016
"12265",45,0,13423,0,-7.71209912536443,12.7857142857143,5.00168918918919,2015
"13093",101,1,5635,0,-0.712099125364432,-122.214285714286,2.00168918918919,2018
"12028",70,0,1195,0,-2.71209912536443,-18.2142857142857,12.0016891891892,2014
"12746",169,0,12640,0,-2.71209912536443,27.7857142857143,-3.99831081081081,2017
"12272",131,0,11177,0,-7.71209912536443,12.7857142857143,7.00168918918919,2015
"11885",110,0,12221,0,-5.71209912536443,-18.2142857142857,5.00168918918919,2014
"12486",138,1,12423,0,6.28790087463557,-56.2142857142857,-0.998310810810807,2016
"11857",78,1,7992,0,-5.71209912536443,-18.2142857142857,3.00168918918919,2014
"12307",64,0,7805,0,-7.71209912536443,12.7857142857143,8.00168918918919,2015
"12056",39,0,9837,0,-10.7120991253644,-18.2142857142857,35.0016891891892,2014
"14014",64,1,11637,0,0.287900874635568,56.7857142857143,0.00168918918919303,2021
"14647",131,0,14345,0,-1.71209912536443,14.7857142857143,23.0016891891892,2022
"12320",136,1,6445,0,-4.71209912536443,12.7857142857143,11.0016891891892,2015
"13094",124,0,12880,0,-2.71209912536443,-122.214285714286,2.00168918918919,2018
"14096",72,0,9841,0,2.28790087463557,56.7857142857143,2.00168918918919,2021
"12835",146,0,13953,0,0.287900874635568,27.7857142857143,4.00168918918919,2017
"12878",75,0,7551,0,-2.71209912536443,27.7857142857143,7.00168918918919,2017
"13539",132,0,350,0,-2.71209912536443,7.78571428571428,10.0016891891892,2019
"13146",102,1,1622,0,-2.71209912536443,-122.214285714286,5.00168918918919,2018
"14106",174,0,1814,0,5.28790087463557,56.7857142857143,2.00168918918919,2021
"12812",163,0,13428,0,-2.71209912536443,27.7857142857143,3.00168918918919,2017
"13040",107,1,1277,0,6.28790087463557,-122.214285714286,-4.99831081081081,2018
"12231",84,0,1674,0,0.287900874635568,12.7857142857143,2.00168918918919,2015
"12773",160,0,12715,0,-2.71209912536443,27.7857142857143,-1.99831081081081,2017
"12182",62,1,813,0,-7.71209912536443,12.7857142857143,-2.99831081081081,2015
"12500",104,0,9040,0,0.287900874635568,-56.2142857142857,1.00168918918919,2016
"13057",99,1,12111,0,-2.71209912536443,-122.214285714286,-1.99831081081081,2018
"12806",154,0,4621,0,7.28790087463557,27.7857142857143,1.00168918918919,2017
"12310",44,1,5493,0,2.28790087463557,12.7857142857143,10.0016891891892,2015
"12819",162,0,9737,0,5.28790087463557,27.7857142857143,1.00168918918919,2017
"12561",149,0,2625,0,8.28790087463557,-56.2142857142857,6.00168918918919,2016
"12531",154,0,8353,0,6.28790087463557,-56.2142857142857,6.00168918918919,2016
"13497",179,0,11747,0,-2.71209912536443,7.78571428571428,5.00168918918919,2019
"14165",90,0,8170,0,7.28790087463557,56.7857142857143,6.00168918918919,2021
"14086",58,0,9290,0,9.28790087463557,56.7857142857143,1.00168918918919,2021
"12765",148,0,4635,0,-2.71209912536443,27.7857142857143,-0.998310810810807,2017
"13370",115,1,11622,0,4.28790087463557,7.78571428571428,-7.99831081081081,2019
"13842",117,0,10566,0,13.2879008746356,1.78571428571428,-10.9983108108108,2020
"14056",154,1,6142,0,7.28790087463557,56.7857142857143,-10.9983108108108,2021
"13397",160,0,4516,0,0.287900874635568,7.78571428571428,-0.998310810810807,2019
"14128",167,0,9819,0,2.28790087463557,56.7857142857143,4.00168918918919,2021
"14644",109,0,14397,0,0.287900874635568,14.7857142857143,20.0016891891892,2022
"12766",123,0,4676,0,-2.71209912536443,27.7857142857143,-1.99831081081081,2017
"12567",67,0,7529,0,2.28790087463557,-56.2142857142857,6.00168918918919,2016
"13457",156,1,8624,0,3.28790087463557,7.78571428571428,-0.998310810810807,2019
"13875",121,1,14074,0,11.2879008746356,1.78571428571428,-0.998310810810807,2020
"13055",117,0,11338,0,-2.71209912536443,-122.214285714286,-2.99831081081081,2018
"13376",140,0,12370,0,-2.71209912536443,7.78571428571428,-5.99831081081081,2019
"13810",121,1,797,0,7.28790087463557,1.78571428571428,-3.99831081081081,2020
"12889",114,0,7941,0,7.28790087463557,27.7857142857143,8.00168918918919,2017
"12587",76,0,7991,0,0.287900874635568,-56.2142857142857,7.00168918918919,2016
"14436",145,0,14391,0,0.287900874635568,14.7857142857143,3.00168918918919,2022
"12736",160,0,9046,0,7.28790087463557,27.7857142857143,-6.99831081081081,2017
"14358",101,0,14341,0,4.28790087463557,14.7857142857143,-6.99831081081081,2022
"13540",151,0,6690,0,0.287900874635568,7.78571428571428,10.0016891891892,2019
"13919",133,0,7637,0,-2.71209912536443,1.78571428571428,5.00168918918919,2020
"12758",168,0,5828,0,7.28790087463557,27.7857142857143,-4.99831081081081,2017
"12757",58,0,10596,0,-2.71209912536443,27.7857142857143,-4.99831081081081,2017
"14448",123,1,14365,0,-1.71209912536443,14.7857142857143,5.00168918918919,2022
"12875",40,0,4883,0,-2.71209912536443,27.7857142857143,0.00168918918919303,2017
"13447",99,1,14002,0,-2.71209912536443,7.78571428571428,2.00168918918919,2019
"13436",114,0,13587,0,-2.71209912536443,7.78571428571428,1.00168918918919,2019
"13087",91,0,2701,0,-2.71209912536443,-122.214285714286,1.00168918918919,2018
"13505",158,0,13594,0,-2.71209912536443,7.78571428571428,2.00168918918919,2019
"14154",136,0,10633,0,2.28790087463557,56.7857142857143,1.00168918918919,2021
"13465",152,0,8827,0,-2.71209912536443,7.78571428571428,2.00168918918919,2019
"14142",152,0,5669,0,0.287900874635568,56.7857142857143,5.00168918918919,2021
"13464",45,1,14008,0,0.287900874635568,7.78571428571428,3.00168918918919,2019
"13404",140,1,10043,0,3.28790087463557,7.78571428571428,-1.99831081081081,2019
"14053",136,1,10891,0,2.28790087463557,56.7857142857143,-0.998310810810807,2021
"14183",185,0,14200,0,9.28790087463557,56.7857142857143,-1.99831081081081,2021
"13084",91,1,8172,0,-2.71209912536443,-122.214285714286,-0.998310810810807,2018
"14438",125,0,14374,0,4.28790087463557,14.7857142857143,3.00168918918919,2022
"12615",159,0,5687,0,6.28790087463557,-56.2142857142857,13.0016891891892,2016
"12208",135,0,3775,0,0.287900874635568,12.7857142857143,2.00168918918919,2015
"14095",174,1,6377,0,5.28790087463557,56.7857142857143,1.00168918918919,2021
"14365",151,0,14377,0,-1.71209912536443,14.7857142857143,-1.99831081081081,2022
"13474",180,1,7581,0,-2.71209912536443,7.78571428571428,3.00168918918919,2019
"13829",202,0,13629,0,7.28790087463557,1.78571428571428,2.00168918918919,2020
"13917",165,1,13139,0,12.2879008746356,1.78571428571428,5.00168918918919,2020
"13106",72,1,14049,0,-2.71209912536443,-122.214285714286,1.00168918918919,2018
"13441",148,0,8371,0,3.28790087463557,7.78571428571428,1.00168918918919,2019
"14043",93,1,2193,0,2.28790087463557,56.7857142857143,-0.998310810810807,2021
"14158",70,0,9503,0,0.287900874635568,56.7857142857143,8.00168918918919,2021
"13393",121,0,8320,0,0.287900874635568,7.78571428571428,-2.99831081081081,2019
"13846",200,0,11192,0,13.2879008746356,1.78571428571428,-5.99831081081081,2020
"13871",102,1,723,0,11.2879008746356,1.78571428571428,-1.99831081081081,2020
"13107",111,0,3971,0,1.28790087463557,-122.214285714286,2.00168918918919,2018
"13035",88,0,3062,0,1.28790087463557,-122.214285714286,3.00168918918919,2018
"13423",89,1,2098,0,3.28790087463557,7.78571428571428,-0.998310810810807,2019
"13857",94,0,1459,0,11.2879008746356,1.78571428571428,-2.99831081081081,2020
"13868",148,0,12863,0,0.287900874635568,1.78571428571428,-1.99831081081081,2020
"13861",140,1,12787,0,11.2879008746356,1.78571428571428,-2.99831081081081,2020
"13999",171,0,1168,0,9.28790087463557,56.7857142857143,-5.99831081081081,2021
"14392",184,0,14358,0,4.28790087463557,14.7857142857143,0.00168918918919303,2022
"14015",160,1,6055,0,7.28790087463557,56.7857142857143,-6.99831081081081,2021
"13384",75,1,5397,0,3.28790087463557,7.78571428571428,-3.99831081081081,2019
"13953",169,0,5997,0,11.2879008746356,1.78571428571428,-1.99831081081081,2020
"13908",94,1,11696,0,11.2879008746356,1.78571428571428,1.00168918918919,2020
"14025",127,0,1259,0,2.28790087463557,56.7857142857143,-6.99831081081081,2021
"14359",52,1,14381,0,6.28790087463557,14.7857142857143,-3.99831081081081,2022
"14049",175,0,5797,0,9.28790087463557,56.7857142857143,-1.99831081081081,2021
"14388",107,0,14350,0,4.28790087463557,14.7857142857143,-0.998310810810807,2022
"14114",174,0,7465,0,9.28790087463557,56.7857142857143,1.00168918918919,2021
"14336",141,0,14363,0,0.287900874635568,14.7857142857143,-11.9983108108108,2022
"13909",117,1,13038,0,11.2879008746356,1.78571428571428,2.00168918918919,2020
"14408",148,0,14398,0,-1.71209912536443,14.7857142857143,0.00168918918919303,2022
"14131",109,0,12281,0,5.28790087463557,56.7857142857143,4.00168918918919,2021
"14400",124,0,14370,0,4.28790087463557,14.7857142857143,1.00168918918919,2022
"14446",140,0,14340,0,0.287900874635568,14.7857142857143,4.00168918918919,2022
"14045",173,0,12539,0,9.28790087463557,56.7857142857143,-2.99831081081081,2021
"14456",153,0,14369,0,-1.71209912536443,14.7857142857143,4.00168918918919,2022
"14035",65,1,5165,0,7.28790087463557,56.7857142857143,-5.99831081081081,2021
"14347",132,0,14361,0,4.28790087463557,14.7857142857143,-4.99831081081081,2022
"14039",174,1,1535,0,7.28790087463557,56.7857142857143,-5.99831081081081,2021
"14398",148,0,14342,0,4.28790087463557,14.7857142857143,-0.998310810810807,2022
"14383",101,0,14383,0,-1.71209912536443,14.7857142857143,-0.998310810810807,2022
"14018",187,0,2856,0,9.28790087463557,56.7857142857143,-2.99831081081081,2021
"14342",133,0,14355,0,4.28790087463557,14.7857142857143,-6.99831081081081,2022
"14389",134,0,14388,0,0.287900874635568,14.7857142857143,-0.998310810810807,2022
"14105",118,0,6430,0,2.28790087463557,56.7857142857143,1.00168918918919,2021
"14406",78,0,14339,0,4.28790087463557,14.7857142857143,-0.998310810810807,2022
"14167",135,0,855,0,7.28790087463557,56.7857142857143,4.00168918918919,2021
"14132",85,0,12678,0,0.287900874635568,56.7857142857143,2.00168918918919,2021
"14450",103,0,14379,0,0.287900874635568,14.7857142857143,5.00168918918919,2022
"14440",56,0,14367,0,-1.71209912536443,14.7857142857143,2.00168918918919,2022
"14061",117,0,4080,0,0.287900874635568,56.7857142857143,1.00168918918919,2021
"14403",126,0,14373,0,4.28790087463557,14.7857142857143,-0.998310810810807,2022
"14184",138,0,5072,0,9.28790087463557,56.7857142857143,-4.99831081081081,2021
"14476",102,0,14387,0,6.28790087463557,14.7857142857143,1.00168918918919,2022
"14478",58,0,14402,0,-1.71209912536443,14.7857142857143,5.00168918918919,2022
"3663",134,0,8741,0,0.287900874635568,8.78571428571428,7.00168918918919,1985
