"","LambBolCirc","Sur1","ID","Twin","jdateMC","PopDensMC","birthjdateMC","BirthYear"
"3889",175,1,3466,1,5.38041853512706,-181.500747384155,-1.2153443766347,1987
"4024",205,1,1641,1,5.38041853512706,-181.500747384155,7.7846556233653,1987
"3941",230,1,9861,1,5.38041853512706,-181.500747384155,7.7846556233653,1987
"5362",110,1,6052,1,3.38041853512706,-155.500747384155,3.7846556233653,1995
"5623",170,1,1120,1,2.38041853512706,62.4992526158445,7.7846556233653,1996
"7226",170,1,1187,1,-1.61958146487294,-177.500747384155,1.7846556233653,2002
"6313",191,1,1260,1,-4.61958146487294,-187.500747384155,-1.2153443766347,1999
"6314",191,1,5865,1,-4.61958146487294,-187.500747384155,-1.2153443766347,1999
"7555",165,1,12687,1,1.38041853512706,-18.5007473841555,-1.2153443766347,2003
"7511",120,1,13979,1,-1.61958146487294,-18.5007473841555,-6.2153443766347,2003
"7494",245,1,6614,1,4.38041853512706,-18.5007473841555,-11.2153443766347,2003
"7564",155,1,1538,1,-1.61958146487294,-18.5007473841555,3.7846556233653,2003
"7565",190,1,3409,1,-1.61958146487294,-18.5007473841555,3.7846556233653,2003
"6553",180,1,14275,1,-5.61958146487294,-51.5007473841555,1.7846556233653,2000
"6554",200,1,12363,1,-5.61958146487294,-51.5007473841555,1.7846556233653,2000
"7180",170,1,1733,1,3.38041853512706,-177.500747384155,-2.2153443766347,2002
"6573",210,1,8765,1,-5.61958146487294,-51.5007473841555,3.7846556233653,2000
"7185",195,1,5949,1,3.38041853512706,-177.500747384155,-3.2153443766347,2002
"6276",221,1,11193,1,-1.61958146487294,-187.500747384155,-2.2153443766347,1999
"6525",200,1,8593,1,-5.61958146487294,-51.5007473841555,-2.2153443766347,2000
"7506",190,1,2421,1,1.38041853512706,-18.5007473841555,-5.2153443766347,2003
"7687",200,1,5983,1,1.38041853512706,-18.5007473841555,1.7846556233653,2003
"6357",203,1,3178,1,-2.61958146487294,-187.500747384155,3.7846556233653,1999
"7190",160,1,2402,1,-1.61958146487294,-177.500747384155,-3.2153443766347,2002
"8696",208,1,10426,1,-0.619581464872937,-65.5007473841555,1.7846556233653,2007
"8743",209,1,1740,1,-4.61958146487294,-65.5007473841555,6.7846556233653,2007
"8974",229,1,4787,1,-7.61958146487294,54.4992526158445,0.784655623365296,2008
"8958",164,1,9526,1,-7.61958146487294,54.4992526158445,-2.2153443766347,2008
"8715",203,1,145,1,-4.61958146487294,-65.5007473841555,2.7846556233653,2007
"8922",157,1,11308,1,-6.61958146487294,54.4992526158445,-3.2153443766347,2008
"8915",195,1,7305,1,-0.619581464872937,54.4992526158445,-4.2153443766347,2008
"8953",173,1,9684,1,-6.61958146487294,54.4992526158445,-3.2153443766347,2008
"11837",125,0,12042,1,-5.61958146487294,-30.5007473841555,1.7846556233653,2014
"13058",185,1,2423,1,-2.61958146487294,-134.500747384155,-2.2153443766347,2018
"6319",221,1,2375,0,-2.61958146487294,-187.500747384155,0.784655623365296,1999
"6330",185,1,8566,0,-2.61958146487294,-187.500747384155,0.784655623365296,1999
"6450",220,1,10867,0,-3.61958146487294,-51.5007473841555,-11.2153443766347,2000
"3920",205,1,2955,0,5.38041853512706,-181.500747384155,2.7846556233653,1987
"4020",205,1,12562,0,6.38041853512706,-181.500747384155,9.7846556233653,1987
"4019",220,1,955,0,5.38041853512706,-181.500747384155,-6.2153443766347,1987
"4023",195,1,12209,0,6.38041853512706,-181.500747384155,2.7846556233653,1987
"3884",190,1,6999,0,5.38041853512706,-181.500747384155,-1.2153443766347,1987
"5339",209,1,5770,0,6.38041853512706,-155.500747384155,0.784655623365296,1995
"5405",210,1,10112,0,4.38041853512706,-155.500747384155,9.7846556233653,1995
"5347",227,1,7515,0,5.38041853512706,-155.500747384155,1.7846556233653,1995
"5401",165,1,12841,0,6.38041853512706,-155.500747384155,7.7846556233653,1995
"5618",220,1,6342,0,2.38041853512706,62.4992526158445,5.7846556233653,1996
"5349",195,1,640,0,1.38041853512706,-155.500747384155,2.7846556233653,1995
"6342",134,1,1085,0,3.38041853512706,-187.500747384155,-3.2153443766347,1999
"5584",230,0,6854,0,1.38041853512706,62.4992526158445,4.7846556233653,1996
"6490",220,1,9467,0,-3.61958146487294,-51.5007473841555,-4.2153443766347,2000
"5654",190,1,665,0,1.38041853512706,62.4992526158445,18.7846556233653,1996
"5376",174,1,10052,0,1.38041853512706,-155.500747384155,5.7846556233653,1995
"5660",230,0,6437,0,0.380418535127063,62.4992526158445,6.7846556233653,1996
"5392",197,1,9195,0,4.38041853512706,-155.500747384155,7.7846556233653,1995
"5395",216,1,97,0,1.38041853512706,-155.500747384155,8.7846556233653,1995
"6343",206,1,3019,0,3.38041853512706,-187.500747384155,0.784655623365296,1999
"6337",244,1,2027,0,3.38041853512706,-187.500747384155,1.7846556233653,1999
"5360",140,1,9608,0,1.38041853512706,-155.500747384155,3.7846556233653,1995
"7175",190,1,9229,0,-1.61958146487294,-177.500747384155,-4.2153443766347,2002
"5387",125,1,11220,0,1.38041853512706,-155.500747384155,6.7846556233653,1995
"6362",198,1,2911,0,-1.61958146487294,-187.500747384155,10.7846556233653,1999
"6293",205,1,2508,0,3.38041853512706,-187.500747384155,-4.2153443766347,1999
"6267",249,1,4597,0,-4.61958146487294,-187.500747384155,-3.2153443766347,1999
"6299",228,1,7777,0,3.38041853512706,-187.500747384155,-0.215344376634704,1999
"6296",223,1,12100,0,-4.61958146487294,-187.500747384155,0.784655623365296,1999
"6359",212,1,6381,0,-4.61958146487294,-187.500747384155,8.7846556233653,1999
"6280",194,1,355,0,-4.61958146487294,-187.500747384155,-3.2153443766347,1999
"7144",215,1,8818,0,3.38041853512706,-177.500747384155,-23.2153443766347,2002
"6272",243,1,2089,0,3.38041853512706,-187.500747384155,-2.2153443766347,1999
"7551",240,1,8460,0,4.38041853512706,-18.5007473841555,1.7846556233653,2003
"6444",210,1,5848,0,-3.61958146487294,-51.5007473841555,-17.2153443766347,2000
"6769",220,0,8494,0,-0.619581464872937,138.499252615845,-15.2153443766347,2001
"7184",175,1,9107,0,3.38041853512706,-177.500747384155,-1.2153443766347,2002
"7174",195,1,9620,0,-1.61958146487294,-177.500747384155,-4.2153443766347,2002
"6318",222,1,6898,0,-4.61958146487294,-187.500747384155,1.7846556233653,1999
"6281",240,1,1788,0,3.38041853512706,-187.500747384155,-2.2153443766347,1999
"7571",190,1,12970,0,-1.61958146487294,-18.5007473841555,3.7846556233653,2003
"5819",218,1,10457,0,3.38041853512706,29.4992526158445,-0.215344376634704,1997
"6302",238,1,3192,0,-2.61958146487294,-187.500747384155,1.7846556233653,1999
"7220",195,1,5426,0,-1.61958146487294,-177.500747384155,0.784655623365296,2002
"7165",195,1,11837,0,-1.61958146487294,-177.500747384155,-5.2153443766347,2002
"7246",210,1,9598,0,-1.61958146487294,-177.500747384155,5.7846556233653,2002
"7574",195,1,1880,0,-1.61958146487294,-18.5007473841555,1.7846556233653,2003
"6297",206,1,2685,0,3.38041853512706,-187.500747384155,-0.215344376634704,1999
"7159",215,1,7763,0,3.38041853512706,-177.500747384155,-9.2153443766347,2002
"7193",80,1,9757,0,-1.61958146487294,-177.500747384155,-2.2153443766347,2002
"6287",184,1,1858,0,-4.61958146487294,-187.500747384155,-1.2153443766347,1999
"6569",220,1,11890,0,-5.61958146487294,-51.5007473841555,2.7846556233653,2000
"7155",185,1,10827,0,3.38041853512706,-177.500747384155,-9.2153443766347,2002
"6338",223,1,2265,0,3.38041853512706,-187.500747384155,1.7846556233653,1999
"7692",235,1,8000,0,1.38041853512706,-18.5007473841555,2.7846556233653,2003
"6317",226,1,5893,0,-4.61958146487294,-187.500747384155,2.7846556233653,1999
"7197",220,1,8210,0,-1.61958146487294,-177.500747384155,-1.2153443766347,2002
"7941",205,0,10110,0,1.38041853512706,158.499252615845,0.784655623365296,2004
"8215",217,1,1299,0,-2.61958146487294,-107.500747384155,3.7846556233653,2005
"8740",209,1,686,0,-4.61958146487294,-65.5007473841555,5.7846556233653,2007
"6557",215,1,4611,0,-0.619581464872937,-51.5007473841555,-1.2153443766347,2000
"7233",195,1,12177,0,3.38041853512706,-177.500747384155,-0.215344376634704,2002
"8152",221,1,10488,0,-0.619581464872937,-107.500747384155,-2.2153443766347,2005
"6460",210,1,9825,0,-3.61958146487294,-51.5007473841555,-11.2153443766347,2000
"7201",190,1,12138,0,-1.61958146487294,-177.500747384155,-1.2153443766347,2002
"7622",220,1,1699,0,-1.61958146487294,-18.5007473841555,6.7846556233653,2003
"7235",180,1,116,0,6.38041853512706,-177.500747384155,2.7846556233653,2002
"7543",215,1,2390,0,-1.61958146487294,-18.5007473841555,-1.2153443766347,2003
"6532",230,1,1943,0,-3.61958146487294,-51.5007473841555,-0.215344376634704,2000
"7508",210,1,14133,0,1.38041853512706,-18.5007473841555,-5.2153443766347,2003
"7194",165,1,11005,0,-1.61958146487294,-177.500747384155,-5.2153443766347,2002
"8201",222,1,576,0,-2.61958146487294,-107.500747384155,-1.2153443766347,2005
"7216",160,1,10576,0,3.38041853512706,-177.500747384155,-2.2153443766347,2002
"8657",180,0,11483,0,-0.619581464872937,-65.5007473841555,-1.2153443766347,2007
"7217",145,1,13253,0,3.38041853512706,-177.500747384155,-1.2153443766347,2002
"7539",240,1,2605,0,4.38041853512706,-18.5007473841555,-2.2153443766347,2003
"7205",190,1,9607,0,3.38041853512706,-177.500747384155,-3.2153443766347,2002
"7533",225,1,1326,0,1.38041853512706,-18.5007473841555,-3.2153443766347,2003
"8233",215,1,8453,0,-0.619581464872937,-107.500747384155,10.7846556233653,2005
"7570",235,1,13741,0,-1.61958146487294,-18.5007473841555,4.7846556233653,2003
"7529",225,1,14007,0,1.38041853512706,-18.5007473841555,-3.2153443766347,2003
"7245",120,1,11300,0,-1.61958146487294,-177.500747384155,2.7846556233653,2002
"8584",221,1,7498,0,-0.619581464872937,-65.5007473841555,-15.2153443766347,2007
"7513",230,1,10880,0,-1.61958146487294,-18.5007473841555,-6.2153443766347,2003
"7813",243,1,4405,0,-1.61958146487294,158.499252615845,-6.2153443766347,2004
"8147",254,1,13519,0,-2.61958146487294,-107.500747384155,-2.2153443766347,2005
"8620",256,1,4358,0,-4.61958146487294,-65.5007473841555,-3.2153443766347,2007
"8133",250,1,14017,0,5.38041853512706,-107.500747384155,-5.2153443766347,2005
"11128",201,0,4148,0,0.380418535127063,32.4992526158445,3.7846556233653,2013
"7536",210,1,12244,0,-1.61958146487294,-18.5007473841555,-2.2153443766347,2003
"8671",220,1,12910,0,-4.61958146487294,-65.5007473841555,0.784655623365296,2007
"8688",230,1,4797,0,-0.619581464872937,-65.5007473841555,-0.215344376634704,2007
"8843",219,0,6191,0,-7.61958146487294,54.4992526158445,-14.2153443766347,2008
"8506",229,1,3643,0,-5.61958146487294,-45.5007473841555,6.7846556233653,2006
"8742",224,1,5691,0,-4.61958146487294,-65.5007473841555,7.7846556233653,2007
"8145",212,1,9062,0,-2.61958146487294,-107.500747384155,-4.2153443766347,2005
"9119",252,1,4018,0,4.38041853512706,104.499252615845,-20.2153443766347,2009
"8637",245,1,8053,0,-4.61958146487294,-65.5007473841555,-2.2153443766347,2007
"9146",225,1,582,0,-2.61958146487294,104.499252615845,-11.2153443766347,2009
"9151",180,1,6709,0,-2.61958146487294,104.499252615845,-11.2153443766347,2009
"8502",216,0,13778,0,2.38041853512706,-45.5007473841555,4.7846556233653,2006
"8633",232,0,11029,0,-4.61958146487294,-65.5007473841555,-3.2153443766347,2007
"7573",195,1,9283,0,-1.61958146487294,-18.5007473841555,2.7846556233653,2003
"8430",224,0,6378,0,-5.61958146487294,-45.5007473841555,-0.215344376634704,2006
"8886",219,1,13251,0,-6.61958146487294,54.4992526158445,-5.2153443766347,2008
"7523",205,1,6757,0,4.38041853512706,-18.5007473841555,-4.2153443766347,2003
"8598",237,1,11340,0,-4.61958146487294,-65.5007473841555,-7.2153443766347,2007
"8748",194,1,10289,0,-0.619581464872937,-65.5007473841555,6.7846556233653,2007
"9170",225,1,13200,0,-2.61958146487294,104.499252615845,-3.2153443766347,2009
"9185",205,1,10097,0,-2.61958146487294,104.499252615845,-3.2153443766347,2009
"11121",215,1,12516,0,-2.61958146487294,32.4992526158445,3.7846556233653,2013
"8513",235,1,9795,0,-5.61958146487294,-45.5007473841555,8.7846556233653,2006
"8586",210,1,1414,0,-4.61958146487294,-65.5007473841555,-11.2153443766347,2007
"8119",212,1,4003,0,5.38041853512706,-107.500747384155,-10.2153443766347,2005
"8717",245,1,6265,0,-4.61958146487294,-65.5007473841555,-0.215344376634704,2007
"8692",243,1,8819,0,-4.61958146487294,-65.5007473841555,1.7846556233653,2007
"8724",239,0,2914,0,-4.61958146487294,-65.5007473841555,1.7846556233653,2007
"8588",155,1,7076,0,-0.619581464872937,-65.5007473841555,-23.2153443766347,2007
"8847",216,1,8229,0,-3.61958146487294,54.4992526158445,-19.2153443766347,2008
"9556",225,1,12575,0,2.38041853512706,159.499252615845,-11.2153443766347,2010
"8612",185,1,1012,0,-0.619581464872937,-65.5007473841555,-5.2153443766347,2007
"9502",215,1,11810,0,-4.61958146487294,159.499252615845,-3.2153443766347,2010
"8901",198,1,7421,0,-3.61958146487294,54.4992526158445,-8.2153443766347,2008
"8666",209,1,12684,0,-4.61958146487294,-65.5007473841555,0.784655623365296,2007
"10768",230,1,11003,0,0.380418535127063,-150.500747384155,2.7846556233653,2012
"9186",210,1,11174,0,-2.61958146487294,104.499252615845,-3.2153443766347,2009
"9492",230,1,5425,0,-4.61958146487294,159.499252615845,-4.2153443766347,2010
"10798",180,1,10494,0,0.380418535127063,-150.500747384155,3.7846556233653,2012
"8885",180,1,3759,0,-7.61958146487294,54.4992526158445,-6.2153443766347,2008
"9596",220,0,6976,0,2.38041853512706,159.499252615845,-6.2153443766347,2010
"8654",222,1,10660,0,-4.61958146487294,-65.5007473841555,-1.2153443766347,2007
"8966",157,1,751,0,-3.61958146487294,54.4992526158445,-6.2153443766347,2008
"9250",250,1,3802,0,-2.61958146487294,104.499252615845,-5.2153443766347,2009
"10313",225,1,6408,0,-3.61958146487294,136.499252615845,-1.2153443766347,2011
"10732",230,1,1863,0,2.38041853512706,-150.500747384155,-1.2153443766347,2012
"9268",218,1,6952,0,3.38041853512706,104.499252615845,-5.2153443766347,2009
"8940",213,1,5559,0,-3.61958146487294,54.4992526158445,-6.2153443766347,2008
"10723",195,1,9704,0,2.38041853512706,-150.500747384155,-3.2153443766347,2012
"9228",203,1,3278,0,3.38041853512706,104.499252615845,-10.2153443766347,2009
"11892",195,0,6492,0,0.380418535127063,-30.5007473841555,-0.215344376634704,2014
"10809",165,1,9192,0,0.380418535127063,-150.500747384155,9.7846556233653,2012
"10709",230,1,6654,0,2.38041853512706,-150.500747384155,-9.2153443766347,2012
"11740",180,1,8872,0,0.380418535127063,-30.5007473841555,-5.2153443766347,2014
"11007",190,1,2364,0,0.380418535127063,32.4992526158445,-5.2153443766347,2013
"11822",230,1,520,0,4.38041853512706,-30.5007473841555,-0.215344376634704,2014
"11017",225,1,232,0,7.38041853512706,32.4992526158445,-4.2153443766347,2013
"10753",190,1,6741,0,0.380418535127063,-150.500747384155,1.7846556233653,2012
"12233",210,1,1395,0,-7.61958146487294,0.499252615844512,5.7846556233653,2015
"11035",215,0,1199,0,-2.61958146487294,32.4992526158445,-3.2153443766347,2013
"12253",160,1,768,0,-7.61958146487294,0.499252615844512,6.7846556233653,2015
"11880",220,1,10059,0,4.38041853512706,-30.5007473841555,6.7846556233653,2014
"10781",225,1,8393,0,0.380418535127063,-150.500747384155,5.7846556233653,2012
"12569",180,1,10769,0,0.380418535127063,-68.5007473841555,7.7846556233653,2016
"10726",240,1,11322,0,2.38041853512706,-150.500747384155,-3.2153443766347,2012
"10769",185,1,10802,0,0.380418535127063,-150.500747384155,3.7846556233653,2012
"11827",230,0,12305,0,0.380418535127063,-30.5007473841555,0.784655623365296,2014
"11096",235,0,1745,0,5.38041853512706,32.4992526158445,1.7846556233653,2013
"11758",230,1,11140,0,4.38041853512706,-30.5007473841555,-2.2153443766347,2014
"10745",240,1,60,0,8.38041853512706,-150.500747384155,-2.2153443766347,2012
"12559",190,0,1058,0,8.38041853512706,-68.5007473841555,6.7846556233653,2016
"11783",220,1,12861,0,4.38041853512706,-30.5007473841555,-0.215344376634704,2014
"11823",225,1,2722,0,-5.61958146487294,-30.5007473841555,2.7846556233653,2014
"12277",205,1,6896,0,-7.61958146487294,0.499252615844512,6.7846556233653,2015
"10780",190,1,862,0,0.380418535127063,-150.500747384155,4.7846556233653,2012
"12177",210,1,13840,0,-7.61958146487294,0.499252615844512,5.7846556233653,2015
"10756",195,1,1637,0,2.38041853512706,-150.500747384155,0.784655623365296,2012
"10746",170,1,2082,0,0.380418535127063,-150.500747384155,-1.2153443766347,2012
"12631",180,1,3088,0,0.380418535127063,-68.5007473841555,14.7846556233653,2016
"10771",225,1,976,0,0.380418535127063,-150.500747384155,2.7846556233653,2012
"11058",220,1,2944,0,0.380418535127063,32.4992526158445,-2.2153443766347,2013
"11792",230,1,7246,0,4.38041853512706,-30.5007473841555,0.784655623365296,2014
"12210",220,0,336,0,-7.61958146487294,0.499252615844512,3.7846556233653,2015
"12597",215,1,5330,0,0.380418535127063,-68.5007473841555,7.7846556233653,2016
"11895",180,0,4670,0,-5.61958146487294,-30.5007473841555,9.7846556233653,2014
"12169",195,0,3938,0,-4.61958146487294,0.499252615844512,-2.2153443766347,2015
"11063",240,1,4963,0,5.38041853512706,32.4992526158445,-3.2153443766347,2013
"13113",220,1,7968,0,-0.619581464872937,-134.500747384155,0.784655623365296,2018
"12558",220,1,8253,0,2.38041853512706,-68.5007473841555,4.7846556233653,2016
"12749",235,0,9981,0,7.38041853512706,15.4992526158445,-4.2153443766347,2017
"12602",190,1,6343,0,0.380418535127063,-68.5007473841555,10.7846556233653,2016
"12491",195,1,3294,0,0.380418535127063,-68.5007473841555,4.7846556233653,2016
"11745",160,0,6229,0,0.380418535127063,-30.5007473841555,-5.2153443766347,2014
"12581",190,1,10615,0,8.38041853512706,-68.5007473841555,8.7846556233653,2016
"12794",195,0,11188,0,-2.61958146487294,15.4992526158445,-0.215344376634704,2017
"8651",215,0,5390,1,-4.61958146487294,-65.5007473841555,-1.2153443766347,2007
"3914",195,1,7187,1,5.38041853512706,-181.500747384155,2.7846556233653,1987
"5921",141,0,1302,1,-2.61958146487294,29.4992526158445,5.7846556233653,1997
"3918",210,1,929,1,5.38041853512706,-181.500747384155,2.7846556233653,1987
"3983",180,1,10216,1,6.38041853512706,-181.500747384155,-2.2153443766347,1987
"3977",250,0,2523,1,5.38041853512706,-181.500747384155,2.7846556233653,1987
"3939",175,1,4043,1,6.38041853512706,-181.500747384155,6.7846556233653,1987
"3940",215,1,188,1,6.38041853512706,-181.500747384155,6.7846556233653,1987
"4062",180,0,1137,1,10.3804185351271,-55.5007473841555,-11.2153443766347,1988
"3946",175,0,10260,1,5.38041853512706,-181.500747384155,7.7846556233653,1987
"4154",160,0,8140,1,9.38041853512706,-55.5007473841555,-1.2153443766347,1988
"4125",180,0,10420,1,12.3804185351271,-55.5007473841555,-4.2153443766347,1988
"5527",150,0,13427,1,2.38041853512706,62.4992526158445,-2.2153443766347,1996
"5386",135,1,2114,1,1.38041853512706,-155.500747384155,6.7846556233653,1995
"5608",150,0,6041,1,1.38041853512706,62.4992526158445,5.7846556233653,1996
"6047",165,0,4433,1,-2.61958146487294,78.4992526158445,-2.2153443766347,1998
"6048",179,0,7257,1,-2.61958146487294,78.4992526158445,-2.2153443766347,1998
"5569",180,0,13721,1,1.38041853512706,62.4992526158445,-0.215344376634704,1996
"5570",190,0,14123,1,1.38041853512706,62.4992526158445,-0.215344376634704,1996
"5568",190,0,7924,1,1.38041853512706,62.4992526158445,1.7846556233653,1996
"6368",124,1,10634,1,-4.61958146487294,-187.500747384155,8.7846556233653,1999
"6080",187,0,8505,1,0.380418535127063,78.4992526158445,0.784655623365296,1998
"5778",194,0,3648,1,1.38041853512706,29.4992526158445,-3.2153443766347,1997
"5509",180,0,5133,1,1.38041853512706,62.4992526158445,-14.2153443766347,1996
"6025",138,0,4572,1,-2.61958146487294,78.4992526158445,-5.2153443766347,1998
"5888",134,0,13563,1,-2.61958146487294,29.4992526158445,8.7846556233653,1997
"5652",190,0,12785,1,1.38041853512706,62.4992526158445,18.7846556233653,1996
"5653",180,0,9578,1,1.38041853512706,62.4992526158445,18.7846556233653,1996
"5611",160,0,1382,1,1.38041853512706,62.4992526158445,6.7846556233653,1996
"5612",130,0,5789,1,1.38041853512706,62.4992526158445,6.7846556233653,1996
"5361",130,1,9816,1,1.38041853512706,-155.500747384155,3.7846556233653,1995
"5650",160,0,9778,1,1.38041853512706,62.4992526158445,18.7846556233653,1996
"6001",177,0,1304,1,-2.61958146487294,78.4992526158445,-5.2153443766347,1998
"5519",190,0,11092,1,2.38041853512706,62.4992526158445,-3.2153443766347,1996
"5591",170,0,4877,1,1.38041853512706,62.4992526158445,4.7846556233653,1996
"7503",205,1,9712,1,1.38041853512706,-18.5007473841555,-8.2153443766347,2003
"5908",148,0,6472,1,-2.61958146487294,29.4992526158445,16.7846556233653,1997
"5909",126,0,10995,1,-2.61958146487294,29.4992526158445,16.7846556233653,1997
"5602",190,0,980,1,1.38041853512706,62.4992526158445,5.7846556233653,1996
"5901",209,1,7644,1,3.38041853512706,29.4992526158445,12.7846556233653,1997
"5782",159,0,1095,1,1.38041853512706,29.4992526158445,-4.2153443766347,1997
"5783",166,0,10940,1,1.38041853512706,29.4992526158445,-4.2153443766347,1997
"6060",130,0,6154,1,-2.61958146487294,78.4992526158445,-1.2153443766347,1998
"6061",139,0,12866,1,-2.61958146487294,78.4992526158445,-1.2153443766347,1998
"7617",165,1,2250,1,1.38041853512706,-18.5007473841555,3.7846556233653,2003
"7828",145,0,2245,1,-1.61958146487294,158.499252615845,-6.2153443766347,2004
"6496",200,0,9793,1,-5.61958146487294,-51.5007473841555,-3.2153443766347,2000
"7922",130,0,3268,1,-1.61958146487294,158.499252615845,-1.2153443766347,2004
"6707",145,0,798,1,-6.61958146487294,138.499252615845,-7.2153443766347,2001
"6683",185,0,7290,1,-0.619581464872937,138.499252615845,-6.2153443766347,2001
"6765",165,0,9605,1,-0.619581464872937,138.499252615845,-6.2153443766347,2001
"5543",190,0,8580,1,5.38041853512706,62.4992526158445,-0.215344376634704,1996
"6332",180,0,8828,1,-4.61958146487294,-187.500747384155,2.7846556233653,1999
"6333",175,0,10234,1,-4.61958146487294,-187.500747384155,2.7846556233653,1999
"8071",110,0,10753,1,-1.61958146487294,158.499252615845,21.7846556233653,2004
"6046",175,0,2166,1,-1.61958146487294,78.4992526158445,-2.2153443766347,1998
"6763",175,0,13185,1,-0.619581464872937,138.499252615845,-2.2153443766347,2001
"5603",130,0,3753,1,1.38041853512706,62.4992526158445,2.7846556233653,1996
"7512",125,0,12048,1,-1.61958146487294,-18.5007473841555,-6.2153443766347,2003
"7885",210,0,10474,1,4.38041853512706,158.499252615845,-3.2153443766347,2004
"7879",160,0,4409,1,-1.61958146487294,158.499252615845,-3.2153443766347,2004
"6676",155,0,9143,1,-6.61958146487294,138.499252615845,-3.2153443766347,2001
"7239",130,1,3333,1,-1.61958146487294,-177.500747384155,-2.2153443766347,2002
"7598",150,1,13085,1,-1.61958146487294,-18.5007473841555,6.7846556233653,2003
"7776",130,0,6391,1,-1.61958146487294,158.499252615845,-13.2153443766347,2004
"7777",150,0,1496,1,-1.61958146487294,158.499252615845,-13.2153443766347,2004
"7967",201,0,7817,1,-1.61958146487294,158.499252615845,-6.2153443766347,2004
"6524",190,1,3070,1,-5.61958146487294,-51.5007473841555,-2.2153443766347,2000
"6680",150,0,9389,1,-6.61958146487294,138.499252615845,3.7846556233653,2001
"6681",140,0,2201,1,-6.61958146487294,138.499252615845,3.7846556233653,2001
"7528",240,1,13822,1,4.38041853512706,-18.5007473841555,-2.2153443766347,2003
"8420",142,0,1238,1,2.38041853512706,-45.5007473841555,-3.2153443766347,2006
"8017",155,0,3428,1,-1.61958146487294,158.499252615845,7.7846556233653,2004
"8018",135,0,832,1,-1.61958146487294,158.499252615845,7.7846556233653,2004
"6746",135,0,8699,1,-3.61958146487294,138.499252615845,-1.2153443766347,2001
"7607",195,1,10386,1,1.38041853512706,-18.5007473841555,7.7846556233653,2003
"7608",155,0,2299,1,1.38041853512706,-18.5007473841555,7.7846556233653,2003
"7840",190,0,8069,1,-1.61958146487294,158.499252615845,-4.2153443766347,2004
"9248",165,0,5689,1,-1.61958146487294,104.499252615845,-7.2153443766347,2009
"7888",219,0,724,1,4.38041853512706,158.499252615845,-2.2153443766347,2004
"8516",177,0,12981,1,-5.61958146487294,-45.5007473841555,1.7846556233653,2006
"7864",176,0,5987,1,1.38041853512706,158.499252615845,-2.2153443766347,2004
"7688",195,1,2016,1,4.38041853512706,-18.5007473841555,1.7846556233653,2003
"7966",231,0,7869,1,-1.61958146487294,158.499252615845,-1.2153443766347,2004
"7821",230,0,12536,1,4.38041853512706,158.499252615845,-7.2153443766347,2004
"8634",150,0,9519,1,-0.619581464872937,-65.5007473841555,-6.2153443766347,2007
"7950",180,0,3338,1,1.38041853512706,158.499252615845,3.7846556233653,2004
"7951",170,0,9234,1,1.38041853512706,158.499252615845,3.7846556233653,2004
"8450",163,1,10155,1,-5.61958146487294,-45.5007473841555,1.7846556233653,2006
"8451",167,0,932,1,-5.61958146487294,-45.5007473841555,1.7846556233653,2006
"8432",212,0,11940,1,-5.61958146487294,-45.5007473841555,-0.215344376634704,2006
"8908",151,0,6754,1,-7.61958146487294,54.4992526158445,-4.2153443766347,2008
"8878",185,1,10677,1,-0.619581464872937,54.4992526158445,-8.2153443766347,2008
"8673",205,0,4414,1,1.38041853512706,-65.5007473841555,-3.2153443766347,2007
"7587",160,1,3689,1,1.38041853512706,-18.5007473841555,5.7846556233653,2003
"9319",154,0,9115,1,3.38041853512706,104.499252615845,-9.2153443766347,2009
"7861",173,0,7321,1,-1.61958146487294,158.499252615845,-2.2153443766347,2004
"8752",175,0,9094,1,-4.61958146487294,-65.5007473841555,13.7846556233653,2007
"9530",180,0,1656,1,-4.61958146487294,159.499252615845,-5.2153443766347,2010
"9200",200,0,8855,1,-2.61958146487294,104.499252615845,-2.2153443766347,2009
"8607",175,0,12309,1,-0.619581464872937,-65.5007473841555,-5.2153443766347,2007
"8873",146,1,13024,1,-7.61958146487294,54.4992526158445,-6.2153443766347,2008
"8732",149,0,4102,1,-0.619581464872937,-65.5007473841555,1.7846556233653,2007
"9547",190,0,11918,1,2.38041853512706,159.499252615845,-2.2153443766347,2010
"9548",175,0,12692,1,2.38041853512706,159.499252615845,-2.2153443766347,2010
"8509",202,0,12278,1,-2.61958146487294,-45.5007473841555,7.7846556233653,2006
"8510",205,0,11031,1,-5.61958146487294,-45.5007473841555,7.7846556233653,2006
"8898",128,0,7232,1,-7.61958146487294,54.4992526158445,-6.2153443766347,2008
"9165",145,0,9271,1,-2.61958146487294,104.499252615845,-11.2153443766347,2009
"9166",140,0,4862,1,-2.61958146487294,104.499252615845,-11.2153443766347,2009
"8616",185,0,11850,1,-0.619581464872937,-65.5007473841555,-8.2153443766347,2007
"9149",193,1,3156,1,3.38041853512706,104.499252615845,-13.2153443766347,2009
"10287",80,0,13535,1,-3.61958146487294,136.499252615845,-1.2153443766347,2011
"9260",160,0,5262,1,-2.61958146487294,104.499252615845,0.784655623365296,2009
"8617",175,0,10007,1,-0.619581464872937,-65.5007473841555,-6.2153443766347,2007
"8618",169,0,7078,1,-0.619581464872937,-65.5007473841555,-6.2153443766347,2007
"8842",196,0,6416,1,-7.61958146487294,54.4992526158445,-17.2153443766347,2008
"9473",125,0,9349,1,2.38041853512706,159.499252615845,-9.2153443766347,2010
"9190",180,0,7917,1,-2.61958146487294,104.499252615845,-2.2153443766347,2009
"9176",180,0,5682,1,-2.61958146487294,104.499252615845,-4.2153443766347,2009
"9177",170,0,3810,1,-2.61958146487294,104.499252615845,-4.2153443766347,2009
"9553",145,1,8409,1,-4.61958146487294,159.499252615845,-0.215344376634704,2010
"9554",150,0,9586,1,-4.61958146487294,159.499252615845,-0.215344376634704,2010
"8977",193,1,11953,1,-7.61958146487294,54.4992526158445,-3.2153443766347,2008
"10355",125,0,7844,1,0.380418535127063,136.499252615845,1.7846556233653,2011
"9058",245,0,12351,1,-0.619581464872937,54.4992526158445,-6.2153443766347,2008
"9229",90,1,9559,1,3.38041853512706,104.499252615845,-10.2153443766347,2009
"9230",188,0,7734,1,3.38041853512706,104.499252615845,-10.2153443766347,2009
"9193",175,0,7567,1,-2.61958146487294,104.499252615845,-4.2153443766347,2009
"11110",170,0,3074,1,0.380418535127063,32.4992526158445,1.7846556233653,2013
"10270",100,0,4504,1,-3.61958146487294,136.499252615845,-7.2153443766347,2011
"11142",155,0,8583,1,-2.61958146487294,32.4992526158445,2.7846556233653,2013
"11143",170,0,4691,1,-2.61958146487294,32.4992526158445,2.7846556233653,2013
"9512",150,0,8263,1,-2.61958146487294,159.499252615845,-4.2153443766347,2010
"10279",170,0,8821,1,-3.61958146487294,136.499252615845,-0.215344376634704,2011
"10280",175,0,2150,1,-3.61958146487294,136.499252615845,-0.215344376634704,2011
"11793",130,0,12522,1,-2.61958146487294,-30.5007473841555,-2.2153443766347,2014
"11130",155,0,2024,1,-2.61958146487294,32.4992526158445,2.7846556233653,2013
"11021",175,0,14035,1,0.380418535127063,32.4992526158445,-5.2153443766347,2013
"12744",185,0,9211,1,0.380418535127063,15.4992526158445,-4.2153443766347,2017
"9447",160,0,6484,1,2.38041853512706,159.499252615845,-13.2153443766347,2010
"11046",170,0,9128,1,-2.61958146487294,32.4992526158445,-3.2153443766347,2013
"11139",165,0,8718,1,-2.61958146487294,32.4992526158445,5.7846556233653,2013
"11140",155,0,7526,1,-2.61958146487294,32.4992526158445,5.7846556233653,2013
"12489",175,0,10884,1,0.380418535127063,-68.5007473841555,-3.2153443766347,2016
"11858",185,0,3683,1,-2.61958146487294,-30.5007473841555,3.7846556233653,2014
"8794",180,0,1196,1,-0.619581464872937,-65.5007473841555,0.784655623365296,2007
"10363",200,0,1292,1,0.380418535127063,136.499252615845,-2.2153443766347,2011
"11037",200,0,12531,1,5.38041853512706,32.4992526158445,-4.2153443766347,2013
"11765",145,0,10397,1,-5.61958146487294,-30.5007473841555,-3.2153443766347,2014
"12759",130,0,5044,1,2.38041853512706,15.4992526158445,-4.2153443766347,2017
"11845",180,0,6772,1,4.38041853512706,-30.5007473841555,1.7846556233653,2014
"11067",185,0,9871,1,-2.61958146487294,32.4992526158445,-1.2153443766347,2013
"11860",200,0,4812,1,-2.61958146487294,-30.5007473841555,4.7846556233653,2014
"12283",110,0,8946,1,-7.61958146487294,0.499252615844512,7.7846556233653,2015
"11082",210,0,157,1,0.380418535127063,32.4992526158445,-0.215344376634704,2013
"11150",165,0,7471,1,-2.61958146487294,32.4992526158445,7.7846556233653,2013
"11151",190,0,13341,1,0.380418535127063,32.4992526158445,7.7846556233653,2013
"11903",100,0,13706,1,-5.61958146487294,-30.5007473841555,13.7846556233653,2014
"11085",190,0,8370,1,0.380418535127063,32.4992526158445,0.784655623365296,2013
"12305",105,0,8028,1,-7.61958146487294,0.499252615844512,8.7846556233653,2015
"12627",185,0,8072,1,0.380418535127063,-68.5007473841555,12.7846556233653,2016
"10317",180,0,10545,1,-3.61958146487294,136.499252615845,-0.215344376634704,2011
"11787",220,0,9152,1,4.38041853512706,-30.5007473841555,-0.215344376634704,2014
"12863",155,0,13480,1,5.38041853512706,15.4992526158445,4.7846556233653,2017
"12162",155,0,9626,1,-7.61958146487294,0.499252615844512,8.7846556233653,2015
"12574",180,1,4964,1,0.380418535127063,-68.5007473841555,6.7846556233653,2016
"11890",185,0,12611,1,0.380418535127063,-30.5007473841555,4.7846556233653,2014
"11842",150,0,13777,1,-2.61958146487294,-30.5007473841555,1.7846556233653,2014
"11077",200,0,772,1,-2.61958146487294,32.4992526158445,-2.2153443766347,2013
"11839",170,0,4019,1,-5.61958146487294,-30.5007473841555,0.784655623365296,2014
"11040",160,0,14307,1,-2.61958146487294,32.4992526158445,-3.2153443766347,2013
"11050",160,0,11343,1,-2.61958146487294,32.4992526158445,-4.2153443766347,2013
"11834",175,0,13571,1,-5.61958146487294,-30.5007473841555,2.7846556233653,2014
"12178",205,0,3407,1,-7.61958146487294,0.499252615844512,-0.215344376634704,2015
"12529",180,0,66,1,0.380418535127063,-68.5007473841555,3.7846556233653,2016
"12830",175,0,2072,1,-2.61958146487294,15.4992526158445,0.784655623365296,2017
"12215",190,0,9728,1,0.380418535127063,0.499252615844512,0.784655623365296,2015
"12312",110,0,10779,1,-4.61958146487294,0.499252615844512,10.7846556233653,2015
"12775",205,0,3038,1,-2.61958146487294,15.4992526158445,-2.2153443766347,2017
"7459",110,0,2413,1,-3.61958146487294,138.499252615845,-5.2153443766347,2001
"3656",180,0,11739,1,-0.619581464872937,-3.50074738415549,5.7846556233653,1985
"12302",185,0,12804,1,0.380418535127063,0.499252615844512,0.784655623365296,2015
"13099",165,0,223,1,-2.61958146487294,-134.500747384155,-0.215344376634704,2018
"13117",205,1,9303,1,6.38041853512706,-134.500747384155,2.7846556233653,2018
"13132",110,0,5525,1,-2.61958146487294,-134.500747384155,2.7846556233653,2018
"13138",195,0,8147,1,-2.61958146487294,-134.500747384155,6.7846556233653,2018
"13390",185,0,13514,1,0.380418535127063,-4.50074738415549,-4.2153443766347,2019
"13422",180,0,3901,1,-2.61958146487294,-4.50074738415549,-3.2153443766347,2019
"13433",110,0,2537,1,0.380418535127063,-4.50074738415549,-2.2153443766347,2019
"13459",120,0,14097,1,-2.61958146487294,-4.50074738415549,0.784655623365296,2019
"13478",205,0,1630,1,3.38041853512706,-4.50074738415549,1.7846556233653,2019
"13479",195,0,13679,1,3.38041853512706,-4.50074738415549,1.7846556233653,2019
"13516",205,0,10103,1,0.380418535127063,-4.50074738415549,6.7846556233653,2019
"13519",120,0,4169,1,-2.61958146487294,-4.50074738415549,6.7846556233653,2019
"13543",100,0,10011,1,-2.61958146487294,-4.50074738415549,8.7846556233653,2019
"13544",80,0,13744,1,-2.61958146487294,-4.50074738415549,8.7846556233653,2019
"13549",105,0,9797,1,-2.61958146487294,-4.50074738415549,11.7846556233653,2019
"13599",105,0,1540,1,-2.61958146487294,-4.50074738415549,22.7846556233653,2019
"13600",105,0,889,1,-2.61958146487294,-4.50074738415549,22.7846556233653,2019
"13813",160,1,6115,1,12.3804185351271,-10.5007473841555,-3.2153443766347,2020
"13831",210,0,2634,1,7.38041853512706,-10.5007473841555,-0.215344376634704,2020
"13838",140,1,12739,1,7.38041853512706,-10.5007473841555,-1.2153443766347,2020
"13839",150,1,13616,1,7.38041853512706,-10.5007473841555,-1.2153443766347,2020
"13841",165,0,8005,1,7.38041853512706,-10.5007473841555,2.7846556233653,2020
"13913",160,0,770,1,10.3804185351271,-10.5007473841555,2.7846556233653,2020
"13932",175,1,4384,1,0.380418535127063,-10.5007473841555,5.7846556233653,2020
"14032",170,0,7005,1,9.38041853512706,44.4992526158445,-4.2153443766347,2021
"14037",195,0,7952,1,7.38041853512706,44.4992526158445,-4.2153443766347,2021
"14055",150,0,10705,1,7.38041853512706,44.4992526158445,-4.2153443766347,2021
"14107",115,0,10312,1,2.38041853512706,44.4992526158445,2.7846556233653,2021
"14111",190,0,5109,1,0.380418535127063,44.4992526158445,2.7846556233653,2021
"14119",190,0,4091,1,0.380418535127063,44.4992526158445,2.7846556233653,2021
"14156",140,0,6631,1,2.38041853512706,44.4992526158445,5.7846556233653,2021
"14170",185,0,9828,1,7.38041853512706,44.4992526158445,7.7846556233653,2021
"14352",180,0,14366,1,4.38041853512706,2.49925261584451,-6.2153443766347,2022
"14380",135,0,14403,1,-1.61958146487294,2.49925261584451,-3.2153443766347,2022
"14416",100,0,14347,1,4.38041853512706,2.49925261584451,-2.2153443766347,2022
"14417",135,0,14382,1,4.38041853512706,2.49925261584451,-2.2153443766347,2022
"14468",145,0,14376,1,4.38041853512706,2.49925261584451,2.7846556233653,2022
"14469",110,0,14346,1,4.38041853512706,2.49925261584451,2.7846556233653,2022
"3993",245,1,4356,0,5.38041853512706,-181.500747384155,6.7846556233653,1987
"6761",105,0,3082,0,-0.619581464872937,138.499252615845,-7.2153443766347,2001
"6766",210,0,10092,0,-0.619581464872937,138.499252615845,1.7846556233653,2001
"6037",207,0,4632,0,-1.61958146487294,78.4992526158445,-3.2153443766347,1998
"3877",210,1,12322,0,5.38041853512706,-181.500747384155,-5.2153443766347,1987
"3646",240,0,9520,0,-0.619581464872937,-3.50074738415549,5.7846556233653,1985
"3883",225,1,12313,0,5.38041853512706,-181.500747384155,-1.2153443766347,1987
"3786",196,1,11505,0,14.3804185351271,-301.500747384155,-14.2153443766347,1986
"4055",197,0,944,0,10.3804185351271,-55.5007473841555,-12.2153443766347,1988
"4174",238,0,9026,0,12.3804185351271,-55.5007473841555,-3.2153443766347,1988
"3956",210,1,11330,0,6.38041853512706,-181.500747384155,10.7846556233653,1987
"3916",205,1,12348,0,6.38041853512706,-181.500747384155,3.7846556233653,1987
"3876",210,1,10427,0,5.38041853512706,-181.500747384155,-5.2153443766347,1987
"3893",225,1,12241,0,5.38041853512706,-181.500747384155,-0.215344376634704,1987
"3984",284,1,10379,0,7.38041853512706,-181.500747384155,-1.2153443766347,1987
"4141",195,0,1549,0,10.3804185351271,-55.5007473841555,-3.2153443766347,1988
"3898",270,1,4782,0,5.38041853512706,-181.500747384155,-1.2153443766347,1987
"4150",230,0,9429,0,12.3804185351271,-55.5007473841555,-1.2153443766347,1988
"4097",230,0,12381,0,17.3804185351271,-55.5007473841555,-7.2153443766347,1988
"3934",205,1,4550,0,6.38041853512706,-181.500747384155,6.7846556233653,1987
"3887",250,1,10754,0,5.38041853512706,-181.500747384155,-2.2153443766347,1987
"4099",235,0,11495,0,9.38041853512706,-55.5007473841555,-6.2153443766347,1988
"4136",195,0,406,0,12.3804185351271,-55.5007473841555,-3.2153443766347,1988
"3971",220,1,11996,0,5.38041853512706,-181.500747384155,25.7846556233653,1987
"4176",218,0,8965,0,12.3804185351271,-55.5007473841555,4.7846556233653,1988
"3951",227,1,7071,0,6.38041853512706,-181.500747384155,7.7846556233653,1987
"4135",245,1,5546,0,17.3804185351271,-55.5007473841555,-3.2153443766347,1988
"5616",140,0,1986,0,5.38041853512706,62.4992526158445,6.7846556233653,1996
"4106",210,0,11710,0,15.3804185351271,-55.5007473841555,-6.2153443766347,1988
"3906",212,1,6994,0,5.38041853512706,-181.500747384155,1.7846556233653,1987
"4130",210,0,13641,0,14.3804185351271,-55.5007473841555,-3.2153443766347,1988
"3957",191,1,14298,0,7.38041853512706,-181.500747384155,11.7846556233653,1987
"3929",120,1,3641,0,5.38041853512706,-181.500747384155,3.7846556233653,1987
"4068",180,1,11513,0,12.3804185351271,-55.5007473841555,-11.2153443766347,1988
"3935",209,1,5655,0,6.38041853512706,-181.500747384155,6.7846556233653,1987
"4103",223,0,266,0,9.38041853512706,-55.5007473841555,-6.2153443766347,1988
"3873",190,1,10920,0,5.38041853512706,-181.500747384155,-12.2153443766347,1987
"4188",190,0,8095,0,10.3804185351271,-55.5007473841555,-12.2153443766347,1988
"4118",205,0,12809,0,12.3804185351271,-55.5007473841555,-4.2153443766347,1988
"3896",185,1,12211,0,6.38041853512706,-181.500747384155,0.784655623365296,1987
"4107",205,0,3331,0,10.3804185351271,-55.5007473841555,-5.2153443766347,1988
"4049",244,0,11956,0,17.3804185351271,-55.5007473841555,-14.2153443766347,1988
"4116",137,0,234,0,10.3804185351271,-55.5007473841555,-4.2153443766347,1988
"4117",130,0,3751,0,6.38041853512706,-55.5007473841555,-5.2153443766347,1988
"5403",226,1,7898,0,6.38041853512706,-155.500747384155,9.7846556233653,1995
"4110",160,0,10470,0,10.3804185351271,-55.5007473841555,-5.2153443766347,1988
"4047",150,0,13765,0,12.3804185351271,-55.5007473841555,-21.2153443766347,1988
"5379",208,1,14254,0,1.38041853512706,-155.500747384155,5.7846556233653,1995
"5683",210,0,11936,0,2.38041853512706,62.4992526158445,7.7846556233653,1996
"5902",184,0,9982,0,-2.61958146487294,29.4992526158445,9.7846556233653,1997
"6152",203,0,1781,0,-1.61958146487294,78.4992526158445,3.7846556233653,1998
"4175",144,0,13748,0,9.38041853512706,-55.5007473841555,2.7846556233653,1988
"5881",140,0,12011,0,-2.61958146487294,29.4992526158445,6.7846556233653,1997
"4162",250,0,1175,0,15.3804185351271,-55.5007473841555,-0.215344376634704,1988
"5745",151,0,4005,0,-2.61958146487294,29.4992526158445,-15.2153443766347,1997
"5610",220,0,6567,0,4.38041853512706,62.4992526158445,2.7846556233653,1996
"5563",220,0,6745,0,1.38041853512706,62.4992526158445,1.7846556233653,1996
"6110",144,0,4461,0,-2.61958146487294,78.4992526158445,3.7846556233653,1998
"5878",207,0,4820,0,1.38041853512706,29.4992526158445,1.7846556233653,1997
"6004",189,0,6029,0,-2.61958146487294,78.4992526158445,-5.2153443766347,1998
"6088",211,0,9719,0,0.380418535127063,78.4992526158445,1.7846556233653,1998
"5820",115,0,7668,0,0.380418535127063,29.4992526158445,-0.215344376634704,1997
"5507",250,0,11508,0,1.38041853512706,62.4992526158445,-14.2153443766347,1996
"5334",185,1,3507,0,4.38041853512706,-155.500747384155,-0.215344376634704,1995
"5595",220,0,7225,0,2.38041853512706,62.4992526158445,2.7846556233653,1996
"5510",230,1,5007,0,0.380418535127063,62.4992526158445,-13.2153443766347,1996
"5857",213,0,5154,0,3.38041853512706,29.4992526158445,2.7846556233653,1997
"5864",179,0,11044,0,-2.61958146487294,29.4992526158445,4.7846556233653,1997
"6578",180,1,13543,0,-5.61958146487294,-51.5007473841555,3.7846556233653,2000
"5317",185,0,12658,0,6.38041853512706,-155.500747384155,-7.2153443766347,1995
"5743",180,1,13920,0,1.38041853512706,29.4992526158445,-13.2153443766347,1997
"6029",203,0,2877,0,2.38041853512706,78.4992526158445,-4.2153443766347,1998
"5528",240,1,13380,0,0.380418535127063,62.4992526158445,-2.2153443766347,1996
"6143",191,0,4936,0,0.380418535127063,78.4992526158445,3.7846556233653,1998
"6153",176,0,1018,0,-2.61958146487294,78.4992526158445,5.7846556233653,1998
"6284",203,1,7793,0,-4.61958146487294,-187.500747384155,-1.2153443766347,1999
"5696",220,1,5790,0,4.38041853512706,62.4992526158445,0.784655623365296,1996
"5918",190,0,4969,0,-2.61958146487294,29.4992526158445,6.7846556233653,1997
"6326",220,1,11665,0,-1.61958146487294,-187.500747384155,3.7846556233653,1999
"5641",210,0,7838,0,1.38041853512706,62.4992526158445,4.7846556233653,1996
"6158",205,0,10301,0,-2.61958146487294,78.4992526158445,7.7846556233653,1998
"5324",206,1,12670,0,5.38041853512706,-155.500747384155,-3.2153443766347,1995
"6087",249,0,13948,0,2.38041853512706,78.4992526158445,1.7846556233653,1998
"5753",198,1,9232,0,3.38041853512706,29.4992526158445,-9.2153443766347,1997
"6039",158,0,1658,0,0.380418535127063,78.4992526158445,-5.2153443766347,1998
"5876",191,0,2297,0,1.38041853512706,29.4992526158445,1.7846556233653,1997
"6123",195,0,10100,0,0.380418535127063,78.4992526158445,3.7846556233653,1998
"6148",251,0,10295,0,-2.61958146487294,78.4992526158445,4.7846556233653,1998
"7779",137,0,5838,0,-1.61958146487294,158.499252615845,-14.2153443766347,2004
"6162",183,0,2750,0,-2.61958146487294,78.4992526158445,4.7846556233653,1998
"5750",211,0,11541,0,-2.61958146487294,29.4992526158445,-9.2153443766347,1997
"6258",225,0,2483,0,-4.61958146487294,-187.500747384155,-15.2153443766347,1999
"5564",230,0,4363,0,1.38041853512706,62.4992526158445,2.7846556233653,1996
"5393",165,0,4272,0,1.38041853512706,-155.500747384155,7.7846556233653,1995
"5520",230,0,8714,0,0.380418535127063,62.4992526158445,-3.2153443766347,1996
"5662",230,0,6102,0,0.380418535127063,62.4992526158445,-0.215344376634704,1996
"6032",202,0,8657,0,0.380418535127063,78.4992526158445,-4.2153443766347,1998
"6700",150,0,6417,0,-6.61958146487294,138.499252615845,-5.2153443766347,2001
"6079",235,0,484,0,2.38041853512706,78.4992526158445,-1.2153443766347,1998
"5605",230,0,5354,0,1.38041853512706,62.4992526158445,7.7846556233653,1996
"6097",175,0,12542,0,-2.61958146487294,78.4992526158445,2.7846556233653,1998
"5365",214,1,1841,0,1.38041853512706,-155.500747384155,3.7846556233653,1995
"6095",216,0,3823,0,-2.61958146487294,78.4992526158445,2.7846556233653,1998
"5809",206,0,9764,0,1.38041853512706,29.4992526158445,-1.2153443766347,1997
"6084",202,0,5300,0,2.38041853512706,78.4992526158445,1.7846556233653,1998
"5681",190,0,2410,0,2.38041853512706,62.4992526158445,-0.215344376634704,1996
"5801",173,0,2376,0,3.38041853512706,29.4992526158445,-1.2153443766347,1997
"6182",199,0,8643,0,2.38041853512706,78.4992526158445,16.7846556233653,1998
"5999",211,0,2334,0,4.38041853512706,78.4992526158445,-8.2153443766347,1998
"5586",200,1,13985,0,1.38041853512706,62.4992526158445,4.7846556233653,1996
"5762",188,1,12117,0,3.38041853512706,29.4992526158445,-5.2153443766347,1997
"5371",134,1,8677,0,8.38041853512706,-155.500747384155,4.7846556233653,1995
"5895",209,0,14079,0,-2.61958146487294,29.4992526158445,3.7846556233653,1997
"6129",226,0,1097,0,4.38041853512706,78.4992526158445,1.7846556233653,1998
"6699",190,0,4313,0,-6.61958146487294,138.499252615845,2.7846556233653,2001
"5626",190,0,1896,0,1.38041853512706,62.4992526158445,5.7846556233653,1996
"5845",176,0,13331,0,0.380418535127063,29.4992526158445,2.7846556233653,1997
"5539",230,1,3352,0,2.38041853512706,62.4992526158445,-1.2153443766347,1996
"5396",176,1,4402,0,5.38041853512706,-155.500747384155,7.7846556233653,1995
"5636",210,0,567,0,2.38041853512706,62.4992526158445,13.7846556233653,1996
"6734",165,0,4458,0,-4.61958146487294,138.499252615845,0.784655623365296,2001
"7890",160,0,7828,0,-1.61958146487294,158.499252615845,-0.215344376634704,2004
"5897",187,0,1735,0,-2.61958146487294,29.4992526158445,2.7846556233653,1997
"5880",182,0,11894,0,0.380418535127063,29.4992526158445,5.7846556233653,1997
"6108",174,0,3167,0,-1.61958146487294,78.4992526158445,1.7846556233653,1998
"6316",193,0,4806,0,-4.61958146487294,-187.500747384155,2.7846556233653,1999
"7943",190,0,1305,0,-1.61958146487294,158.499252615845,2.7846556233653,2004
"5607",240,1,10411,0,0.380418535127063,62.4992526158445,5.7846556233653,1996
"5866",194,1,13880,0,1.38041853512706,29.4992526158445,3.7846556233653,1997
"6531",240,1,2649,0,-0.619581464872937,-51.5007473841555,-3.2153443766347,2000
"6054",197,0,14015,0,0.380418535127063,78.4992526158445,-3.2153443766347,1998
"7696",195,1,1112,0,1.38041853512706,-18.5007473841555,3.7846556233653,2003
"5832",184,0,3964,0,1.38041853512706,29.4992526158445,0.784655623365296,1997
"5826",179,0,7664,0,-2.61958146487294,29.4992526158445,-0.215344376634704,1997
"5613",240,0,11162,0,0.380418535127063,62.4992526158445,6.7846556233653,1996
"6015",229,0,2331,0,0.380418535127063,78.4992526158445,-4.2153443766347,1998
"5512",210,0,5408,0,1.38041853512706,62.4992526158445,-5.2153443766347,1996
"6321",242,1,8336,0,3.38041853512706,-187.500747384155,2.7846556233653,1999
"8045",212,0,3230,0,-1.61958146487294,158.499252615845,-3.2153443766347,2004
"5538",230,0,19,0,5.38041853512706,62.4992526158445,-1.2153443766347,1996
"5855",207,0,12884,0,1.38041853512706,29.4992526158445,2.7846556233653,1997
"5841",224,0,9031,0,1.38041853512706,29.4992526158445,-0.215344376634704,1997
"5882",188,0,11172,0,1.38041853512706,29.4992526158445,7.7846556233653,1997
"6118",210,0,2732,0,0.380418535127063,78.4992526158445,2.7846556233653,1998
"6755",200,0,1113,0,-3.61958146487294,138.499252615845,2.7846556233653,2001
"6361",225,0,11681,0,-1.61958146487294,-187.500747384155,8.7846556233653,1999
"5926",210,1,13669,0,-2.61958146487294,29.4992526158445,7.7846556233653,1997
"6345",213,1,10767,0,-4.61958146487294,-187.500747384155,6.7846556233653,1999
"5922",215,0,12406,0,-2.61958146487294,29.4992526158445,6.7846556233653,1997
"6150",182,0,8672,0,-2.61958146487294,78.4992526158445,6.7846556233653,1998
"6275",241,1,446,0,3.38041853512706,-187.500747384155,-4.2153443766347,1999
"6049",229,0,103,0,-1.61958146487294,78.4992526158445,-2.2153443766347,1998
"8041",224,0,10460,0,-1.61958146487294,158.499252615845,-3.2153443766347,2004
"6324",203,1,1297,0,-2.61958146487294,-187.500747384155,1.7846556233653,1999
"5550",220,0,7087,0,1.38041853512706,62.4992526158445,0.784655623365296,1996
"5548",210,1,437,0,1.38041853512706,62.4992526158445,0.784655623365296,1996
"6541",220,0,8668,0,-3.61958146487294,-51.5007473841555,-0.215344376634704,2000
"5995",219,0,8837,0,-2.61958146487294,78.4992526158445,-7.2153443766347,1998
"6500",180,1,6306,0,-5.61958146487294,-51.5007473841555,-3.2153443766347,2000
"6309",218,0,13290,0,-0.619581464872937,-187.500747384155,-2.2153443766347,1999
"6748",145,0,11643,0,-3.61958146487294,138.499252615845,-3.2153443766347,2001
"5779",180,0,715,0,1.38041853512706,29.4992526158445,-4.2153443766347,1997
"6764",110,0,1081,0,-0.619581464872937,138.499252615845,-4.2153443766347,2001
"5919",175,0,1981,0,-2.61958146487294,29.4992526158445,1.7846556233653,1997
"6310",222,0,984,0,-4.61958146487294,-187.500747384155,0.784655623365296,1999
"6504",220,1,8456,0,-5.61958146487294,-51.5007473841555,-2.2153443766347,2000
"6675",200,0,11552,0,-0.619581464872937,138.499252615845,-8.2153443766347,2001
"7691",215,1,11904,0,-1.61958146487294,-18.5007473841555,2.7846556233653,2003
"6009",200,0,10222,0,2.38041853512706,78.4992526158445,-4.2153443766347,1998
"6019",194,0,7156,0,-2.61958146487294,78.4992526158445,-4.2153443766347,1998
"6077",182,0,11369,0,-2.61958146487294,78.4992526158445,0.784655623365296,1998
"5828",151,1,1632,0,-2.61958146487294,29.4992526158445,-1.2153443766347,1997
"6570",235,1,977,0,-3.61958146487294,-51.5007473841555,-4.2153443766347,2000
"8022",215,0,9189,0,6.38041853512706,158.499252615845,-3.2153443766347,2004
"7407",170,0,6008,0,-1.61958146487294,138.499252615845,-1.2153443766347,2001
"7535",215,1,11806,0,-1.61958146487294,-18.5007473841555,-1.2153443766347,2003
"5627",90,0,9515,0,1.38041853512706,62.4992526158445,2.7846556233653,1996
"6107",226,0,5811,0,0.380418535127063,78.4992526158445,1.7846556233653,1998
"6051",166,0,7412,0,-1.61958146487294,78.4992526158445,-1.2153443766347,1998
"7875",184,0,11021,0,-1.61958146487294,158.499252615845,-3.2153443766347,2004
"5645",140,0,13340,0,1.38041853512706,62.4992526158445,12.7846556233653,1996
"6057",191,0,7173,0,-2.61958146487294,78.4992526158445,-1.2153443766347,1998
"6679",225,0,11946,0,-6.61958146487294,138.499252615845,-10.2153443766347,2001
"6021",192,0,13749,0,0.380418535127063,78.4992526158445,-5.2153443766347,1998
"7964",175,0,13681,0,-1.61958146487294,158.499252615845,5.7846556233653,2004
"6581",200,0,302,0,-3.61958146487294,-51.5007473841555,4.7846556233653,2000
"6526",215,1,1846,0,-0.619581464872937,-51.5007473841555,-4.2153443766347,2000
"6096",193,0,5564,0,-1.61958146487294,78.4992526158445,0.784655623365296,1998
"7699",250,0,2137,0,4.38041853512706,-18.5007473841555,11.7846556233653,2003
"6085",201,0,7909,0,0.380418535127063,78.4992526158445,-0.215344376634704,1998
"6445",260,1,5086,0,-3.61958146487294,-51.5007473841555,-15.2153443766347,2000
"6482",215,1,7738,0,-3.61958146487294,-51.5007473841555,-5.2153443766347,2000
"6756",210,0,10104,0,-3.61958146487294,138.499252615845,2.7846556233653,2001
"6109",158,0,3715,0,-2.61958146487294,78.4992526158445,2.7846556233653,1998
"7946",210,0,6879,0,-1.61958146487294,158.499252615845,3.7846556233653,2004
"8431",184,0,5604,0,-5.61958146487294,-45.5007473841555,0.784655623365296,2006
"6179",117,0,9996,0,0.380418535127063,78.4992526158445,3.7846556233653,1998
"7605",180,0,2204,0,-1.61958146487294,-18.5007473841555,8.7846556233653,2003
"6128",168,0,12742,0,-2.61958146487294,78.4992526158445,1.7846556233653,1998
"9006",143,1,11203,0,-7.61958146487294,54.4992526158445,7.7846556233653,2008
"6010",193,0,4115,0,4.38041853512706,78.4992526158445,-5.2153443766347,1998
"7552",215,1,7926,0,-1.61958146487294,-18.5007473841555,0.784655623365296,2003
"6169",128,0,11608,0,0.380418535127063,78.4992526158445,5.7846556233653,1998
"6341",171,1,8425,0,-2.61958146487294,-187.500747384155,4.7846556233653,1999
"6705",205,0,6790,0,-6.61958146487294,138.499252615845,-4.2153443766347,2001
"6533",235,1,4830,0,-0.619581464872937,-51.5007473841555,-1.2153443766347,2000
"7204",150,1,7816,0,3.38041853512706,-177.500747384155,-0.215344376634704,2002
"7147",205,1,3299,0,3.38041853512706,-177.500747384155,-14.2153443766347,2002
"8725",206,1,4322,0,-4.61958146487294,-65.5007473841555,4.7846556233653,2007
"6706",215,0,13551,0,-6.61958146487294,138.499252615845,-4.2153443766347,2001
"8126",233,0,9865,0,5.38041853512706,-107.500747384155,-7.2153443766347,2005
"7856",205,0,12938,0,-1.61958146487294,158.499252615845,-4.2153443766347,2004
"6356",138,0,7002,0,3.38041853512706,-187.500747384155,0.784655623365296,1999
"6542",215,0,4209,0,-3.61958146487294,-51.5007473841555,0.784655623365296,2000
"7154",230,1,3458,0,3.38041853512706,-177.500747384155,-8.2153443766347,2002
"6678",195,0,8937,0,-6.61958146487294,138.499252615845,-6.2153443766347,2001
"7179",140,1,10826,0,3.38041853512706,-177.500747384155,-2.2153443766347,2002
"8423",127,0,9354,0,-2.61958146487294,-45.5007473841555,-1.2153443766347,2006
"6767",195,0,14134,0,-0.619581464872937,138.499252615845,-5.2153443766347,2001
"7886",225,0,12830,0,1.38041853512706,158.499252615845,-1.2153443766347,2004
"7202",170,1,8035,0,3.38041853512706,-177.500747384155,-5.2153443766347,2002
"8862",229,0,1600,0,-0.619581464872937,54.4992526158445,-7.2153443766347,2008
"8183",237,0,13140,0,-2.61958146487294,-107.500747384155,0.784655623365296,2005
"8306",210,0,2717,0,-0.619581464872937,-107.500747384155,16.7846556233653,2005
"6753",170,0,11977,0,-3.61958146487294,138.499252615845,-7.2153443766347,2001
"6747",145,0,7134,0,-3.61958146487294,138.499252615845,-1.2153443766347,2001
"8726",140,0,2017,0,-4.61958146487294,-65.5007473841555,2.7846556233653,2007
"9252",220,0,324,0,-1.61958146487294,104.499252615845,-6.2153443766347,2009
"6758",165,0,7419,0,-3.61958146487294,138.499252615845,-3.2153443766347,2001
"8137",175,1,4847,0,-0.619581464872937,-107.500747384155,-4.2153443766347,2005
"7803",220,1,7264,0,-1.61958146487294,158.499252615845,-8.2153443766347,2004
"8641",235,1,11111,0,-4.61958146487294,-65.5007473841555,-2.2153443766347,2007
"7693",215,1,10740,0,4.38041853512706,-18.5007473841555,4.7846556233653,2003
"8396",248,0,10391,0,-2.61958146487294,-45.5007473841555,-3.2153443766347,2006
"9219",221,0,4700,0,4.38041853512706,104.499252615845,-7.2153443766347,2009
"10241",180,0,3787,0,-3.61958146487294,136.499252615845,-4.2153443766347,2011
"9164",175,0,3740,0,-2.61958146487294,104.499252615845,-9.2153443766347,2009
"7534",230,1,5694,0,1.38041853512706,-18.5007473841555,-2.2153443766347,2003
"8375",250,0,3553,0,-5.61958146487294,-45.5007473841555,-6.2153443766347,2006
"9477",175,0,6082,0,-4.61958146487294,159.499252615845,-7.2153443766347,2010
"8073",182,0,12507,0,-1.61958146487294,158.499252615845,36.7846556233653,2004
"7560",210,1,1485,0,4.38041853512706,-18.5007473841555,1.7846556233653,2003
"7846",205,0,6171,0,-1.61958146487294,158.499252615845,-5.2153443766347,2004
"8426",210,0,13011,0,2.38041853512706,-45.5007473841555,-0.215344376634704,2006
"8929",193,0,2988,0,-7.61958146487294,54.4992526158445,-3.2153443766347,2008
"8222",220,0,6341,0,-2.61958146487294,-107.500747384155,3.7846556233653,2005
"8480",234,0,11565,0,-5.61958146487294,-45.5007473841555,1.7846556233653,2006
"8153",208,0,693,0,-2.61958146487294,-107.500747384155,-2.2153443766347,2005
"9320",160,0,2440,0,-1.61958146487294,104.499252615845,-8.2153443766347,2009
"7939",293,0,12544,0,-1.61958146487294,158.499252615845,0.784655623365296,2004
"8198",190,0,10262,0,-2.61958146487294,-107.500747384155,1.7846556233653,2005
"8446",193,0,13998,0,-5.61958146487294,-45.5007473841555,1.7846556233653,2006
"7935",183,0,2191,0,-1.61958146487294,158.499252615845,-0.215344376634704,2004
"8532",165,0,6134,0,-5.61958146487294,-45.5007473841555,13.7846556233653,2006
"8550",215,0,8889,0,2.38041853512706,-45.5007473841555,5.7846556233653,2006
"8034",192,0,411,0,-1.61958146487294,158.499252615845,13.7846556233653,2004
"7496",235,1,1602,0,-1.61958146487294,-18.5007473841555,-10.2153443766347,2003
"9231",250,1,6461,0,-2.61958146487294,104.499252615845,-5.2153443766347,2009
"8980",190,1,11490,0,-7.61958146487294,54.4992526158445,-2.2153443766347,2008
"8503",212,0,12360,0,2.38041853512706,-45.5007473841555,6.7846556233653,2006
"7965",211,0,7494,0,-1.61958146487294,158.499252615845,3.7846556233653,2004
"7580",220,1,4835,0,-1.61958146487294,-18.5007473841555,4.7846556233653,2003
"7919",175,0,1730,0,-1.61958146487294,158.499252615845,0.784655623365296,2004
"7944",205,0,3248,0,-1.61958146487294,158.499252615845,1.7846556233653,2004
"8368",216,0,9606,0,-1.61958146487294,-45.5007473841555,-8.2153443766347,2006
"7525",195,0,458,0,-1.61958146487294,-18.5007473841555,-4.2153443766347,2003
"7953",185,0,4520,0,-1.61958146487294,158.499252615845,-0.215344376634704,2004
"8727",265,1,4166,0,-4.61958146487294,-65.5007473841555,-1.2153443766347,2007
"8941",185,0,8874,0,-7.61958146487294,54.4992526158445,-5.2153443766347,2008
"10470",100,0,2342,0,-3.61958146487294,136.499252615845,4.7846556233653,2011
"8903",241,1,12408,0,-0.619581464872937,54.4992526158445,-7.2153443766347,2008
"8585",220,0,11261,0,-0.619581464872937,-65.5007473841555,-12.2153443766347,2007
"7924",178,0,744,0,-1.61958146487294,158.499252615845,-0.215344376634704,2004
"8856",222,0,2221,0,-7.61958146487294,54.4992526158445,-8.2153443766347,2008
"9446",225,0,9011,0,-4.61958146487294,159.499252615845,-13.2153443766347,2010
"7921",160,0,2111,0,-1.61958146487294,158.499252615845,-0.215344376634704,2004
"7546",115,1,8774,0,-1.61958146487294,-18.5007473841555,-2.2153443766347,2003
"8032",176,0,846,0,-1.61958146487294,158.499252615845,-0.215344376634704,2004
"9002",204,1,9218,0,-7.61958146487294,54.4992526158445,2.7846556233653,2008
"7867",183,0,10534,0,-1.61958146487294,158.499252615845,-3.2153443766347,2004
"7894",211,0,12270,0,-1.61958146487294,158.499252615845,-0.215344376634704,2004
"8938",210,1,10088,0,-6.61958146487294,54.4992526158445,-2.2153443766347,2008
"9212",225,0,11473,0,-1.61958146487294,104.499252615845,-11.2153443766347,2009
"8206",186,0,2308,0,-2.61958146487294,-107.500747384155,2.7846556233653,2005
"7825",205,0,5334,0,6.38041853512706,158.499252615845,-5.2153443766347,2004
"8867",234,0,5341,0,-3.61958146487294,54.4992526158445,-8.2153443766347,2008
"9221",216,1,3136,0,4.38041853512706,104.499252615845,-8.2153443766347,2009
"8961",175,1,6715,0,-7.61958146487294,54.4992526158445,-0.215344376634704,2008
"7789",175,0,10892,0,4.38041853512706,158.499252615845,-13.2153443766347,2004
"8644",204,1,1798,0,-0.619581464872937,-65.5007473841555,-1.2153443766347,2007
"7624",155,1,13107,0,-1.61958146487294,-18.5007473841555,10.7846556233653,2003
"8595",227,0,10669,0,-4.61958146487294,-65.5007473841555,-8.2153443766347,2007
"8694",208,0,13804,0,-4.61958146487294,-65.5007473841555,0.784655623365296,2007
"9131",210,0,7990,0,-1.61958146487294,104.499252615845,-13.2153443766347,2009
"9467",175,0,8094,0,-4.61958146487294,159.499252615845,-7.2153443766347,2010
"8440",240,0,1465,0,2.38041853512706,-45.5007473841555,-2.2153443766347,2006
"8642",206,1,7918,0,1.38041853512706,-65.5007473841555,-2.2153443766347,2007
"9445",215,1,11153,0,4.38041853512706,159.499252615845,-17.2153443766347,2010
"8997",208,0,6237,0,-3.61958146487294,54.4992526158445,4.7846556233653,2008
"8845",201,1,10105,0,-6.61958146487294,54.4992526158445,-10.2153443766347,2008
"9144",229,0,13810,0,3.38041853512706,104.499252615845,-11.2153443766347,2009
"8428",228,1,12469,0,2.38041853512706,-45.5007473841555,-0.215344376634704,2006
"8670",241,0,40,0,-4.61958146487294,-65.5007473841555,0.784655623365296,2007
"8530",192,1,5350,0,-5.61958146487294,-45.5007473841555,10.7846556233653,2006
"10334",190,0,8698,0,-3.61958146487294,136.499252615845,3.7846556233653,2011
"8232",172,0,262,0,5.38041853512706,-107.500747384155,-4.2153443766347,2005
"8737",239,1,13299,0,-4.61958146487294,-65.5007473841555,5.7846556233653,2007
"8467",206,0,11364,0,-2.61958146487294,-45.5007473841555,2.7846556233653,2006
"8714",185,1,300,0,-0.619581464872937,-65.5007473841555,2.7846556233653,2007
"8919",237,0,8628,0,-0.619581464872937,54.4992526158445,-3.2153443766347,2008
"8212",135,0,13766,0,-2.61958146487294,-107.500747384155,3.7846556233653,2005
"9262",200,0,11250,0,-2.61958146487294,104.499252615845,1.7846556233653,2009
"10333",155,0,1605,0,-3.61958146487294,136.499252615845,3.7846556233653,2011
"12293",175,0,9014,0,-4.61958146487294,0.499252615844512,8.7846556233653,2015
"12866",105,0,4991,0,-2.61958146487294,15.4992526158445,6.7846556233653,2017
"8487",214,0,4214,0,2.38041853512706,-45.5007473841555,3.7846556233653,2006
"8529",218,0,10075,0,-5.61958146487294,-45.5007473841555,10.7846556233653,2006
"8741",212,0,11430,0,-4.61958146487294,-65.5007473841555,7.7846556233653,2007
"8683",218,1,10410,0,-0.619581464872937,-65.5007473841555,-0.215344376634704,2007
"7977",135,0,10970,0,-1.61958146487294,158.499252615845,5.7846556233653,2004
"8492",223,1,11558,0,-5.61958146487294,-45.5007473841555,4.7846556233653,2006
"10308",205,0,111,0,-3.61958146487294,136.499252615845,2.7846556233653,2011
"8491",207,0,12604,0,-5.61958146487294,-45.5007473841555,3.7846556233653,2006
"8896",192,0,2635,0,-0.619581464872937,54.4992526158445,-5.2153443766347,2008
"9189",192,0,11242,0,3.38041853512706,104.499252615845,-4.2153443766347,2009
"9536",135,0,10142,0,-4.61958146487294,159.499252615845,-2.2153443766347,2010
"8505",219,0,648,0,-5.61958146487294,-45.5007473841555,6.7846556233653,2006
"9245",240,1,12514,0,-1.61958146487294,104.499252615845,-5.2153443766347,2009
"8655",224,0,4386,0,-4.61958146487294,-65.5007473841555,-0.215344376634704,2007
"8374",186,0,12343,0,-2.61958146487294,-45.5007473841555,-6.2153443766347,2006
"8474",199,0,3207,0,-5.61958146487294,-45.5007473841555,2.7846556233653,2006
"10368",220,0,11644,0,0.380418535127063,136.499252615845,-3.2153443766347,2011
"11111",255,0,12049,0,5.38041853512706,32.4992526158445,0.784655623365296,2013
"8981",196,0,1744,0,-0.619581464872937,54.4992526158445,-4.2153443766347,2008
"8194",218,0,11831,0,5.38041853512706,-107.500747384155,-2.2153443766347,2005
"9461",240,1,2074,0,4.38041853512706,159.499252615845,-9.2153443766347,2010
"9254",194,0,12427,0,3.38041853512706,104.499252615845,-6.2153443766347,2009
"8710",190,1,7792,0,-0.619581464872937,-65.5007473841555,1.7846556233653,2007
"8427",211,0,429,0,-1.61958146487294,-45.5007473841555,-0.215344376634704,2006
"8611",135,0,10743,0,-4.61958146487294,-65.5007473841555,-4.2153443766347,2007
"9263",210,0,3247,0,-1.61958146487294,104.499252615845,-0.215344376634704,2009
"9551",160,0,8414,0,-4.61958146487294,159.499252615845,-0.215344376634704,2010
"7976",128,0,2469,0,-1.61958146487294,158.499252615845,3.7846556233653,2004
"7872",155,0,10309,0,4.38041853512706,158.499252615845,-2.2153443766347,2004
"8547",240,0,5712,0,2.38041853512706,-45.5007473841555,3.7846556233653,2006
"8197",227,0,10493,0,-2.61958146487294,-107.500747384155,0.784655623365296,2005
"10244",200,0,9362,0,-3.61958146487294,136.499252615845,-3.2153443766347,2011
"10722",255,1,8062,0,2.38041853512706,-150.500747384155,-2.2153443766347,2012
"8485",217,0,7771,0,-2.61958146487294,-45.5007473841555,0.784655623365296,2006
"8470",182,0,5485,0,-2.61958146487294,-45.5007473841555,-1.2153443766347,2006
"8889",227,0,10869,0,-7.61958146487294,54.4992526158445,-5.2153443766347,2008
"9506",180,1,1134,0,-4.61958146487294,159.499252615845,-5.2153443766347,2010
"8708",206,0,2758,0,-0.619581464872937,-65.5007473841555,-2.2153443766347,2007
"8551",233,0,1135,0,2.38041853512706,-45.5007473841555,4.7846556233653,2006
"8976",161,0,3040,0,-7.61958146487294,54.4992526158445,0.784655623365296,2008
"9555",130,0,10490,0,-4.61958146487294,159.499252615845,0.784655623365296,2010
"9572",230,0,12082,0,2.38041853512706,159.499252615845,0.784655623365296,2010
"8920",164,0,5954,0,-7.61958146487294,54.4992526158445,-4.2153443766347,2008
"8932",199,1,3657,0,-0.619581464872937,54.4992526158445,-5.2153443766347,2008
"8983",220,0,12955,0,-7.61958146487294,54.4992526158445,-0.215344376634704,2008
"10262",210,0,6665,0,-3.61958146487294,136.499252615845,-1.2153443766347,2011
"9498",195,0,8230,0,4.38041853512706,159.499252615845,-3.2153443766347,2010
"11871",165,0,12062,0,4.38041853512706,-30.5007473841555,0.784655623365296,2014
"10276",205,0,12461,0,-3.61958146487294,136.499252615845,-2.2153443766347,2011
"11053",200,0,2005,0,-2.61958146487294,32.4992526158445,-1.2153443766347,2013
"9569",180,1,10382,0,-4.61958146487294,159.499252615845,-0.215344376634704,2010
"11039",190,0,4679,0,0.380418535127063,32.4992526158445,-2.2153443766347,2013
"8957",208,0,9780,0,-7.61958146487294,54.4992526158445,-3.2153443766347,2008
"9207",143,0,1672,0,3.38041853512706,104.499252615845,-13.2153443766347,2009
"10255",175,0,9908,0,-3.61958146487294,136.499252615845,-5.2153443766347,2011
"11739",150,0,2602,0,-5.61958146487294,-30.5007473841555,-7.2153443766347,2014
"9211",215,1,10390,0,-2.61958146487294,104.499252615845,-8.2153443766347,2009
"9168",215,1,8853,0,-2.61958146487294,104.499252615845,-10.2153443766347,2009
"8985",190,1,10214,0,-7.61958146487294,54.4992526158445,1.7846556233653,2008
"10237",225,0,3892,0,-3.61958146487294,136.499252615845,-6.2153443766347,2011
"12415",180,0,12096,0,-7.61958146487294,0.499252615844512,18.7846556233653,2015
"8930",188,1,5128,0,-0.619581464872937,54.4992526158445,-5.2153443766347,2008
"8972",185,0,5375,0,-0.619581464872937,54.4992526158445,-4.2153443766347,2008
"9194",212,0,7200,0,3.38041853512706,104.499252615845,-6.2153443766347,2009
"8923",164,1,8490,0,-7.61958146487294,54.4992526158445,-4.2153443766347,2008
"8995",146,0,2399,0,-7.61958146487294,54.4992526158445,4.7846556233653,2008
"8936",172,0,3454,0,-0.619581464872937,54.4992526158445,-4.2153443766347,2008
"9571",210,0,12882,0,4.38041853512706,159.499252615845,-0.215344376634704,2010
"9521",180,0,14252,0,-4.61958146487294,159.499252615845,-5.2153443766347,2010
"11763",225,0,1474,0,4.38041853512706,-30.5007473841555,-2.2153443766347,2014
"13075",135,0,6441,0,-2.61958146487294,-134.500747384155,-0.215344376634704,2018
"10306",185,0,6064,0,0.380418535127063,136.499252615845,-3.2153443766347,2011
"9181",162,0,7262,0,3.38041853512706,104.499252615845,-8.2153443766347,2009
"9450",170,1,5476,0,-4.61958146487294,159.499252615845,-12.2153443766347,2010
"10230",200,0,10205,0,-1.61958146487294,136.499252615845,-9.2153443766347,2011
"11054",230,0,10487,0,-2.61958146487294,32.4992526158445,-2.2153443766347,2013
"10370",170,0,11584,0,-3.61958146487294,136.499252615845,8.7846556233653,2011
"11157",195,0,12998,0,-2.61958146487294,32.4992526158445,8.7846556233653,2013
"9692",175,0,10810,0,-4.61958146487294,159.499252615845,6.7846556233653,2010
"9216",215,0,1655,0,-1.61958146487294,104.499252615845,-9.2153443766347,2009
"10712",225,1,1921,0,0.380418535127063,-150.500747384155,-7.2153443766347,2012
"10238",205,0,250,0,-3.61958146487294,136.499252615845,-4.2153443766347,2011
"12185",185,0,11311,0,-7.61958146487294,0.499252615844512,0.784655623365296,2015
"9201",170,0,8254,0,-2.61958146487294,104.499252615845,-4.2153443766347,2009
"10362",135,0,12103,0,-3.61958146487294,136.499252615845,2.7846556233653,2011
"12199",190,0,12813,0,-7.61958146487294,0.499252615844512,1.7846556233653,2015
"9272",185,1,9804,0,-2.61958146487294,104.499252615845,0.784655623365296,2009
"9591",190,0,1725,0,-4.61958146487294,159.499252615845,2.7846556233653,2010
"10291",190,0,1269,0,-3.61958146487294,136.499252615845,0.784655623365296,2011
"11127",210,0,10269,0,0.380418535127063,32.4992526158445,3.7846556233653,2013
"11881",195,0,6375,0,-5.61958146487294,-30.5007473841555,7.7846556233653,2014
"12867",190,0,11704,0,-2.61958146487294,15.4992526158445,5.7846556233653,2017
"10996",210,0,9897,0,7.38041853512706,32.4992526158445,-13.2153443766347,2013
"11901",185,0,10842,0,-5.61958146487294,-30.5007473841555,11.7846556233653,2014
"10361",125,0,5836,0,-3.61958146487294,136.499252615845,2.7846556233653,2011
"12255",125,0,52,0,-4.61958146487294,0.499252615844512,5.7846556233653,2015
"11781",215,0,4918,0,4.38041853512706,-30.5007473841555,-0.215344376634704,2014
"9129",150,0,9449,0,-1.61958146487294,104.499252615845,-16.2153443766347,2009
"9454",175,0,7481,0,-4.61958146487294,159.499252615845,-12.2153443766347,2010
"9483",230,0,2654,0,4.38041853512706,159.499252615845,-7.2153443766347,2010
"10269",210,0,13126,0,0.380418535127063,136.499252615845,-1.2153443766347,2011
"9251",205,0,8243,0,-2.61958146487294,104.499252615845,-5.2153443766347,2009
"9592",200,0,9419,0,-4.61958146487294,159.499252615845,1.7846556233653,2010
"9266",165,0,13899,0,-1.61958146487294,104.499252615845,-7.2153443766347,2009
"9233",130,0,8729,0,-2.61958146487294,104.499252615845,-8.2153443766347,2009
"10338",185,0,14054,0,-1.61958146487294,136.499252615845,3.7846556233653,2011
"10514",180,0,2209,0,0.380418535127063,136.499252615845,1.7846556233653,2011
"12513",215,0,7623,0,0.380418535127063,-68.5007473841555,1.7846556233653,2016
"9001",174,0,9561,0,-0.619581464872937,54.4992526158445,-4.2153443766347,2008
"10239",195,0,1808,0,-3.61958146487294,136.499252615845,-5.2153443766347,2011
"10243",195,0,11990,0,0.380418535127063,136.499252615845,-5.2153443766347,2011
"10257",210,0,7439,0,0.380418535127063,136.499252615845,-3.2153443766347,2011
"10234",170,0,5075,0,0.380418535127063,136.499252615845,-7.2153443766347,2011
"11741",210,0,12710,0,4.38041853512706,-30.5007473841555,-7.2153443766347,2014
"11079",185,0,4336,0,-2.61958146487294,32.4992526158445,-2.2153443766347,2013
"11750",190,0,13517,0,4.38041853512706,-30.5007473841555,-4.2153443766347,2014
"13039",195,0,11346,0,-2.61958146487294,-134.500747384155,-4.2153443766347,2018
"11868",215,0,572,0,-2.61958146487294,-30.5007473841555,4.7846556233653,2014
"12264",180,0,12647,0,-4.61958146487294,0.499252615844512,6.7846556233653,2015
"12603",190,0,3989,0,6.38041853512706,-68.5007473841555,11.7846556233653,2016
"9573",185,0,11761,0,4.38041853512706,159.499252615845,-3.2153443766347,2010
"12202",205,0,2042,0,2.38041853512706,0.499252615844512,2.7846556233653,2015
"10261",230,0,6196,0,0.380418535127063,136.499252615845,-1.2153443766347,2011
"11872",155,0,3342,0,-2.61958146487294,-30.5007473841555,3.7846556233653,2014
"12296",150,0,4943,0,-4.61958146487294,0.499252615844512,9.7846556233653,2015
"9590",150,0,5898,0,2.38041853512706,159.499252615845,1.7846556233653,2010
"10316",175,0,7522,0,0.380418535127063,136.499252615845,-0.215344376634704,2011
"9532",130,0,14325,0,-4.61958146487294,159.499252615845,-4.2153443766347,2010
"11074",195,0,7409,0,0.380418535127063,32.4992526158445,-1.2153443766347,2013
"11804",215,0,11808,0,-5.61958146487294,-30.5007473841555,1.7846556233653,2014
"9581",140,0,8922,0,-4.61958146487294,159.499252615845,-1.2153443766347,2010
"11784",220,0,2592,0,-5.61958146487294,-30.5007473841555,-0.215344376634704,2014
"9531",160,0,13112,0,-4.61958146487294,159.499252615845,-2.2153443766347,2010
"10763",190,1,6693,0,0.380418535127063,-150.500747384155,1.7846556233653,2012
"12612",170,0,11744,0,0.380418535127063,-68.5007473841555,11.7846556233653,2016
"12801",195,0,286,0,0.380418535127063,15.4992526158445,1.7846556233653,2017
"10285",175,0,4961,0,-3.61958146487294,136.499252615845,-0.215344376634704,2011
"11108",220,0,8811,0,0.380418535127063,32.4992526158445,2.7846556233653,2013
"12317",165,0,11307,0,-7.61958146487294,0.499252615844512,10.7846556233653,2015
"12328",185,0,13578,0,0.380418535127063,0.499252615844512,11.7846556233653,2015
"10358",190,0,9161,0,-3.61958146487294,136.499252615845,3.7846556233653,2011
"12634",140,0,7281,0,0.380418535127063,-68.5007473841555,16.7846556233653,2016
"10293",165,0,2163,0,-3.61958146487294,136.499252615845,1.7846556233653,2011
"11861",210,0,5104,0,-5.61958146487294,-30.5007473841555,4.7846556233653,2014
"13129",175,1,4836,0,-2.61958146487294,-134.500747384155,5.7846556233653,2018
"9533",140,0,4959,0,-4.61958146487294,159.499252615845,-6.2153443766347,2010
"12276",125,0,1258,0,-7.61958146487294,0.499252615844512,6.7846556233653,2015
"12874",185,0,5058,0,7.38041853512706,15.4992526158445,2.7846556233653,2017
"9612",165,0,6451,0,2.38041853512706,159.499252615845,0.784655623365296,2010
"11746",205,0,12565,0,-5.61958146487294,-30.5007473841555,-4.2153443766347,2014
"12159",245,1,10026,0,2.38041853512706,0.499252615844512,5.7846556233653,2015
"10256",130,0,9637,0,0.380418535127063,136.499252615845,-4.2153443766347,2011
"11071",195,0,909,0,7.38041853512706,32.4992526158445,-1.2153443766347,2013
"12854",230,0,113,0,-2.61958146487294,15.4992526158445,4.7846556233653,2017
"13425",210,1,8271,0,-2.61958146487294,-4.50074738415549,-1.2153443766347,2019
"12860",135,0,1413,0,-2.61958146487294,15.4992526158445,3.7846556233653,2017
"11013",250,0,3284,0,0.380418535127063,32.4992526158445,-4.2153443766347,2013
"10323",120,0,1652,0,-3.61958146487294,136.499252615845,2.7846556233653,2011
"11807",220,1,348,0,-5.61958146487294,-30.5007473841555,1.7846556233653,2014
"11010",230,0,8573,0,-2.61958146487294,32.4992526158445,-5.2153443766347,2013
"12811",235,0,8004,0,0.380418535127063,15.4992526158445,0.784655623365296,2017
"10273",160,0,3026,0,-3.61958146487294,136.499252615845,-5.2153443766347,2011
"11019",255,0,12037,0,0.380418535127063,32.4992526158445,-4.2153443766347,2013
"12777",225,0,7464,0,-2.61958146487294,15.4992526158445,-1.2153443766347,2017
"13409",205,0,9326,0,-2.61958146487294,-4.50074738415549,-0.215344376634704,2019
"10775",195,1,14310,0,2.38041853512706,-150.500747384155,1.7846556233653,2012
"12213",185,0,4565,0,-7.61958146487294,0.499252615844512,3.7846556233653,2015
"12505",215,0,11797,0,0.380418535127063,-68.5007473841555,2.7846556233653,2016
"12871",220,0,13823,0,2.38041853512706,15.4992526158445,4.7846556233653,2017
"11104",210,0,7613,0,5.38041853512706,32.4992526158445,0.784655623365296,2013
"10721",205,1,10736,0,2.38041853512706,-150.500747384155,-3.2153443766347,2012
"12192",210,0,7017,0,2.38041853512706,0.499252615844512,1.7846556233653,2015
"12732",225,0,3817,0,-2.61958146487294,15.4992526158445,-13.2153443766347,2017
"10249",145,0,3792,0,-3.61958146487294,136.499252615845,-3.2153443766347,2011
"11786",195,0,7798,0,-5.61958146487294,-30.5007473841555,-0.215344376634704,2014
"14423",170,0,14392,0,-1.61958146487294,2.49925261584451,0.784655623365296,2022
"11852",200,1,5560,0,4.38041853512706,-30.5007473841555,3.7846556233653,2014
"12893",165,0,9371,0,-2.61958146487294,15.4992526158445,9.7846556233653,2017
"11003",225,0,5446,0,0.380418535127063,32.4992526158445,-7.2153443766347,2013
"12756",175,0,2229,0,-2.61958146487294,15.4992526158445,-2.2153443766347,2017
"11818",230,0,13268,0,-5.61958146487294,-30.5007473841555,1.7846556233653,2014
"13123",210,1,3035,0,-2.61958146487294,-134.500747384155,4.7846556233653,2018
"12527",195,1,12743,0,0.380418535127063,-68.5007473841555,4.7846556233653,2016
"12754",175,0,9619,0,-2.61958146487294,15.4992526158445,-2.2153443766347,2017
"13086",170,0,4656,0,-2.61958146487294,-134.500747384155,-0.215344376634704,2018
"11779",225,0,12789,0,-5.61958146487294,-30.5007473841555,-0.215344376634704,2014
"11156",205,0,9138,0,-2.61958146487294,32.4992526158445,11.7846556233653,2013
"11888",195,0,8076,0,-5.61958146487294,-30.5007473841555,7.7846556233653,2014
"13144",190,1,12339,0,-2.61958146487294,-134.500747384155,7.7846556233653,2018
"11117",215,0,13761,0,0.380418535127063,32.4992526158445,2.7846556233653,2013
"12288",180,0,14304,0,-7.61958146487294,0.499252615844512,8.7846556233653,2015
"13108",185,1,3267,0,1.38041853512706,-134.500747384155,1.7846556233653,2018
"11870",195,0,10613,0,0.380418535127063,-30.5007473841555,4.7846556233653,2014
"12031",215,0,2365,0,0.380418535127063,-30.5007473841555,10.7846556233653,2014
"11057",210,0,13658,0,0.380418535127063,32.4992526158445,-4.2153443766347,2013
"12183",175,0,3308,0,-7.61958146487294,0.499252615844512,-0.215344376634704,2015
"12514",230,1,7061,0,0.380418535127063,-68.5007473841555,2.7846556233653,2016
"11023",195,0,6036,0,-2.61958146487294,32.4992526158445,-7.2153443766347,2013
"14127",180,0,8305,0,5.38041853512706,44.4992526158445,3.7846556233653,2021
"11736",225,0,9673,0,0.380418535127063,-30.5007473841555,-8.2153443766347,2014
"12538",255,0,10338,0,2.38041853512706,-68.5007473841555,2.7846556233653,2016
"13833",155,0,11570,0,-6.61958146487294,-10.5007473841555,5.7846556233653,2020
"12154",195,0,13758,0,2.38041853512706,0.499252615844512,-16.2153443766347,2015
"11144",195,0,5387,0,5.38041853512706,32.4992526158445,3.7846556233653,2013
"14182",195,0,4610,0,7.38041853512706,44.4992526158445,-6.2153443766347,2021
"12172",215,0,1102,0,2.38041853512706,0.499252615844512,-1.2153443766347,2015
"13031",150,1,3318,0,1.38041853512706,-134.500747384155,-8.2153443766347,2018
"13372",225,0,6410,0,4.38041853512706,-4.50074738415549,-10.2153443766347,2019
"12519",205,0,14250,0,2.38041853512706,-68.5007473841555,2.7846556233653,2016
"12193",195,0,13558,0,-4.61958146487294,0.499252615844512,1.7846556233653,2015
"12512",210,0,4390,0,6.38041853512706,-68.5007473841555,2.7846556233653,2016
"12747",220,0,1604,0,-2.61958146487294,15.4992526158445,-2.2153443766347,2017
"13053",215,1,13723,0,-2.61958146487294,-134.500747384155,-3.2153443766347,2018
"13870",230,1,8285,0,17.3804185351271,-10.5007473841555,-2.2153443766347,2020
"12592",195,0,1484,0,6.38041853512706,-68.5007473841555,9.7846556233653,2016
"12496",195,0,14034,0,0.380418535127063,-68.5007473841555,-1.2153443766347,2016
"12764",225,0,725,0,-2.61958146487294,15.4992526158445,-1.2153443766347,2017
"13030",185,1,12342,0,-2.61958146487294,-134.500747384155,-9.2153443766347,2018
"12196",165,0,5005,0,-7.61958146487294,0.499252615844512,2.7846556233653,2015
"12506",85,0,5616,0,0.380418535127063,-68.5007473841555,2.7846556233653,2016
"12755",230,0,8669,0,-2.61958146487294,15.4992526158445,-1.2153443766347,2017
"13499",220,0,1956,0,-2.61958146487294,-4.50074738415549,0.784655623365296,2019
"14059",215,0,9066,0,0.380418535127063,44.4992526158445,0.784655623365296,2021
"12507",210,0,14242,0,0.380418535127063,-68.5007473841555,2.7846556233653,2016
"11863",160,0,2454,0,-2.61958146487294,-30.5007473841555,1.7846556233653,2014
"13054",150,0,4637,0,-2.61958146487294,-134.500747384155,-2.2153443766347,2018
"13523",200,0,10061,0,4.38041853512706,-4.50074738415549,8.7846556233653,2019
"11153",130,0,6321,0,5.38041853512706,32.4992526158445,1.7846556233653,2013
"12805",215,0,5462,0,5.38041853512706,15.4992526158445,0.784655623365296,2017
"13069",160,0,5532,0,6.38041853512706,-134.500747384155,-1.2153443766347,2018
"13073",200,1,9253,0,-2.61958146487294,-134.500747384155,-1.2153443766347,2018
"12541",170,0,8850,0,2.38041853512706,-68.5007473841555,5.7846556233653,2016
"13116",150,1,10616,0,-2.61958146487294,-134.500747384155,1.7846556233653,2018
"14136",205,0,9266,0,5.38041853512706,44.4992526158445,3.7846556233653,2021
"12504",195,0,10590,0,8.38041853512706,-68.5007473841555,0.784655623365296,2016
"12798",185,0,7150,0,7.38041853512706,15.4992526158445,-1.2153443766347,2017
"11856",170,0,13812,0,-5.61958146487294,-30.5007473841555,2.7846556233653,2014
"12845",195,0,231,0,-2.61958146487294,15.4992526158445,4.7846556233653,2017
"13449",215,0,7999,0,-2.61958146487294,-4.50074738415549,2.7846556233653,2019
"14138",225,0,1987,0,0.380418535127063,44.4992526158445,3.7846556233653,2021
"12571",210,1,9610,0,0.380418535127063,-68.5007473841555,7.7846556233653,2016
"12565",190,0,8411,0,2.38041853512706,-68.5007473841555,6.7846556233653,2016
"12265",135,0,13423,0,-7.61958146487294,0.499252615844512,4.7846556233653,2015
"13093",195,1,5635,0,-0.619581464872937,-134.500747384155,1.7846556233653,2018
"12028",130,0,1195,0,-2.61958146487294,-30.5007473841555,11.7846556233653,2014
"12746",200,0,12640,0,-2.61958146487294,15.4992526158445,-4.2153443766347,2017
"12895",195,0,2207,0,0.380418535127063,15.4992526158445,10.7846556233653,2017
"12272",210,0,11177,0,-7.61958146487294,0.499252615844512,6.7846556233653,2015
"11885",130,0,12221,0,-5.61958146487294,-30.5007473841555,4.7846556233653,2014
"12486",210,1,12423,0,6.38041853512706,-68.5007473841555,-1.2153443766347,2016
"11857",180,1,7992,0,-5.61958146487294,-30.5007473841555,2.7846556233653,2014
"12307",155,0,7805,0,-7.61958146487294,0.499252615844512,7.7846556233653,2015
"12056",105,0,9837,0,-10.6195814648729,-30.5007473841555,34.7846556233653,2014
"14014",205,1,11637,0,0.380418535127063,44.4992526158445,-0.215344376634704,2021
"14647",145,0,14345,0,-1.61958146487294,2.49925261584451,22.7846556233653,2022
"12320",150,1,6445,0,-4.61958146487294,0.499252615844512,10.7846556233653,2015
"12852",165,0,6922,0,-2.61958146487294,15.4992526158445,4.7846556233653,2017
"13094",125,0,12880,0,-2.61958146487294,-134.500747384155,1.7846556233653,2018
"14096",95,0,9841,0,2.38041853512706,44.4992526158445,1.7846556233653,2021
"12835",195,0,13953,0,0.380418535127063,15.4992526158445,3.7846556233653,2017
"12878",195,0,7551,0,-2.61958146487294,15.4992526158445,6.7846556233653,2017
"13437",220,1,2490,0,-2.61958146487294,-4.50074738415549,0.784655623365296,2019
"13146",155,1,1622,0,-2.61958146487294,-134.500747384155,4.7846556233653,2018
"14106",190,0,1814,0,5.38041853512706,44.4992526158445,1.7846556233653,2021
"12812",200,0,13428,0,-2.61958146487294,15.4992526158445,2.7846556233653,2017
"13040",140,1,1277,0,6.38041853512706,-134.500747384155,-5.2153443766347,2018
"12231",165,0,1674,0,0.380418535127063,0.499252615844512,1.7846556233653,2015
"12773",180,0,12715,0,-2.61958146487294,15.4992526158445,-2.2153443766347,2017
"13514",220,0,11237,0,-2.61958146487294,-4.50074738415549,6.7846556233653,2019
"12182",165,1,813,0,-7.61958146487294,0.499252615844512,-3.2153443766347,2015
"12500",215,0,9040,0,0.380418535127063,-68.5007473841555,0.784655623365296,2016
"13057",220,1,12111,0,-2.61958146487294,-134.500747384155,-2.2153443766347,2018
"12806",220,0,4621,0,7.38041853512706,15.4992526158445,0.784655623365296,2017
"12310",115,1,5493,0,2.38041853512706,0.499252615844512,9.7846556233653,2015
"12819",220,0,9737,0,5.38041853512706,15.4992526158445,0.784655623365296,2017
"12561",200,0,2625,0,8.38041853512706,-68.5007473841555,5.7846556233653,2016
"12531",190,0,8353,0,6.38041853512706,-68.5007473841555,5.7846556233653,2016
"13497",205,0,11747,0,-2.61958146487294,-4.50074738415549,4.7846556233653,2019
"14165",155,0,8170,0,7.38041853512706,44.4992526158445,5.7846556233653,2021
"14086",175,0,9290,0,9.38041853512706,44.4992526158445,0.784655623365296,2021
"12765",220,0,4635,0,-2.61958146487294,15.4992526158445,-1.2153443766347,2017
"13370",245,1,11622,0,4.38041853512706,-4.50074738415549,-8.2153443766347,2019
"12733",210,0,2437,0,2.38041853512706,15.4992526158445,-14.2153443766347,2017
"13842",190,0,10566,0,13.3804185351271,-10.5007473841555,-11.2153443766347,2020
"14056",245,1,6142,0,7.38041853512706,44.4992526158445,-11.2153443766347,2021
"12588",145,0,14050,0,0.380418535127063,-68.5007473841555,6.7846556233653,2016
"13397",215,0,4516,0,0.380418535127063,-4.50074738415549,-1.2153443766347,2019
"14128",170,0,9819,0,2.38041853512706,44.4992526158445,3.7846556233653,2021
"14644",120,0,14397,0,0.380418535127063,2.49925261584451,19.7846556233653,2022
"12766",125,0,4676,0,-2.61958146487294,15.4992526158445,-2.2153443766347,2017
"12567",185,0,7529,0,2.38041853512706,-68.5007473841555,5.7846556233653,2016
"13457",225,1,8624,0,3.38041853512706,-4.50074738415549,-1.2153443766347,2019
"13875",210,1,14074,0,11.3804185351271,-10.5007473841555,-1.2153443766347,2020
"13055",170,0,11338,0,-2.61958146487294,-134.500747384155,-3.2153443766347,2018
"13376",210,0,12370,0,-2.61958146487294,-4.50074738415549,-6.2153443766347,2019
"13810",180,1,797,0,7.38041853512706,-10.5007473841555,-4.2153443766347,2020
"14159",170,0,12160,0,0.380418535127063,44.4992526158445,10.7846556233653,2021
"12889",210,0,7941,0,7.38041853512706,15.4992526158445,7.7846556233653,2017
"12587",130,0,7991,0,0.380418535127063,-68.5007473841555,6.7846556233653,2016
"14436",180,0,14391,0,0.380418535127063,2.49925261584451,2.7846556233653,2022
"12736",190,0,9046,0,7.38041853512706,15.4992526158445,-7.2153443766347,2017
"14358",95,0,14341,0,4.38041853512706,2.49925261584451,-7.2153443766347,2022
"13540",175,0,6690,0,0.380418535127063,-4.50074738415549,9.7846556233653,2019
"13919",150,0,7637,0,-2.61958146487294,-10.5007473841555,4.7846556233653,2020
"12758",205,0,5828,0,7.38041853512706,15.4992526158445,-5.2153443766347,2017
"12757",200,0,10596,0,-2.61958146487294,15.4992526158445,-5.2153443766347,2017
"13451",195,0,9217,0,-2.61958146487294,-4.50074738415549,2.7846556233653,2019
"14448",195,1,14365,0,-1.61958146487294,2.49925261584451,4.7846556233653,2022
"12875",170,0,4883,0,-2.61958146487294,15.4992526158445,-0.215344376634704,2017
"13447",160,1,14002,0,-2.61958146487294,-4.50074738415549,1.7846556233653,2019
"14088",205,0,10355,0,0.380418535127063,44.4992526158445,1.7846556233653,2021
"12832",180,0,10846,0,-2.61958146487294,15.4992526158445,1.7846556233653,2017
"13436",235,0,13587,0,-2.61958146487294,-4.50074738415549,0.784655623365296,2019
"13087",145,0,2701,0,-2.61958146487294,-134.500747384155,0.784655623365296,2018
"13505",195,0,13594,0,-2.61958146487294,-4.50074738415549,1.7846556233653,2019
"14154",160,0,10633,0,2.38041853512706,44.4992526158445,0.784655623365296,2021
"13465",210,0,8827,0,-2.61958146487294,-4.50074738415549,1.7846556233653,2019
"14142",180,0,5669,0,0.380418535127063,44.4992526158445,4.7846556233653,2021
"13464",190,1,14008,0,0.380418535127063,-4.50074738415549,2.7846556233653,2019
"12797",190,1,1440,0,2.38041853512706,15.4992526158445,-1.2153443766347,2017
"13404",220,1,10043,0,3.38041853512706,-4.50074738415549,-2.2153443766347,2019
"14053",210,1,10891,0,2.38041853512706,44.4992526158445,-1.2153443766347,2021
"14183",205,0,14200,0,9.38041853512706,44.4992526158445,-2.2153443766347,2021
"13084",155,1,8172,0,-2.61958146487294,-134.500747384155,-1.2153443766347,2018
"14438",170,0,14374,0,4.38041853512706,2.49925261584451,2.7846556233653,2022
"12615",195,0,5687,0,6.38041853512706,-68.5007473841555,12.7846556233653,2016
"12208",180,0,3775,0,0.380418535127063,0.499252615844512,1.7846556233653,2015
"14095",220,1,6377,0,5.38041853512706,44.4992526158445,0.784655623365296,2021
"14365",185,0,14377,0,-1.61958146487294,2.49925261584451,-2.2153443766347,2022
"13474",185,1,7581,0,-2.61958146487294,-4.50074738415549,2.7846556233653,2019
"13829",240,0,13629,0,7.38041853512706,-10.5007473841555,1.7846556233653,2020
"13917",225,1,13139,0,12.3804185351271,-10.5007473841555,4.7846556233653,2020
"13106",190,1,14049,0,-2.61958146487294,-134.500747384155,0.784655623365296,2018
"13441",210,0,8371,0,3.38041853512706,-4.50074738415549,0.784655623365296,2019
"14043",215,1,2193,0,2.38041853512706,44.4992526158445,-1.2153443766347,2021
"14158",200,0,9503,0,0.380418535127063,44.4992526158445,7.7846556233653,2021
"13393",220,0,8320,0,0.380418535127063,-4.50074738415549,-3.2153443766347,2019
"13955",200,0,5202,0,13.3804185351271,-10.5007473841555,-0.215344376634704,2020
"13493",195,0,3225,0,-2.61958146487294,-4.50074738415549,4.7846556233653,2019
"13846",200,0,11192,0,13.3804185351271,-10.5007473841555,-6.2153443766347,2020
"13871",215,1,723,0,11.3804185351271,-10.5007473841555,-2.2153443766347,2020
"13398",250,1,10738,0,4.38041853512706,-4.50074738415549,-2.2153443766347,2019
"13107",160,0,3971,0,1.38041853512706,-134.500747384155,1.7846556233653,2018
"13035",180,0,3062,0,1.38041853512706,-134.500747384155,2.7846556233653,2018
"13423",165,1,2098,0,3.38041853512706,-4.50074738415549,-1.2153443766347,2019
"13857",130,0,1459,0,11.3804185351271,-10.5007473841555,-3.2153443766347,2020
"13545",200,0,3315,0,4.38041853512706,-4.50074738415549,10.7846556233653,2019
"14431",210,0,14338,0,6.38041853512706,2.49925261584451,-6.2153443766347,2022
"13868",195,0,12863,0,0.380418535127063,-10.5007473841555,-2.2153443766347,2020
"13861",190,1,12787,0,11.3804185351271,-10.5007473841555,-3.2153443766347,2020
"13999",230,0,1168,0,9.38041853512706,44.4992526158445,-6.2153443766347,2021
"14392",190,0,14358,0,4.38041853512706,2.49925261584451,-0.215344376634704,2022
"14015",195,1,6055,0,7.38041853512706,44.4992526158445,-7.2153443766347,2021
"13384",230,1,5397,0,3.38041853512706,-4.50074738415549,-4.2153443766347,2019
"13953",165,0,5997,0,11.3804185351271,-10.5007473841555,-2.2153443766347,2020
"13908",170,1,11696,0,11.3804185351271,-10.5007473841555,0.784655623365296,2020
"14025",195,0,1259,0,2.38041853512706,44.4992526158445,-7.2153443766347,2021
"14359",220,1,14381,0,6.38041853512706,2.49925261584451,-4.2153443766347,2022
"14049",225,0,5797,0,9.38041853512706,44.4992526158445,-2.2153443766347,2021
"14388",135,0,14350,0,4.38041853512706,2.49925261584451,-1.2153443766347,2022
"14114",210,0,7465,0,9.38041853512706,44.4992526158445,0.784655623365296,2021
"14336",170,0,14363,0,0.380418535127063,2.49925261584451,-12.2153443766347,2022
"14399",185,0,14386,0,-1.61958146487294,2.49925261584451,-0.215344376634704,2022
"14066",170,0,1844,0,0.380418535127063,44.4992526158445,-1.2153443766347,2021
"13909",150,1,13038,0,11.3804185351271,-10.5007473841555,1.7846556233653,2020
"14408",210,0,14398,0,-1.61958146487294,2.49925261584451,-0.215344376634704,2022
"14131",210,0,12281,0,5.38041853512706,44.4992526158445,3.7846556233653,2021
"14400",150,0,14370,0,4.38041853512706,2.49925261584451,0.784655623365296,2022
"14446",130,0,14340,0,0.380418535127063,2.49925261584451,3.7846556233653,2022
"14045",200,0,12539,0,9.38041853512706,44.4992526158445,-3.2153443766347,2021
"14456",175,0,14369,0,-1.61958146487294,2.49925261584451,3.7846556233653,2022
"14035",215,1,5165,0,7.38041853512706,44.4992526158445,-6.2153443766347,2021
"14347",200,0,14361,0,4.38041853512706,2.49925261584451,-5.2153443766347,2022
"14039",210,1,1535,0,7.38041853512706,44.4992526158445,-6.2153443766347,2021
"14398",175,0,14342,0,4.38041853512706,2.49925261584451,-1.2153443766347,2022
"13496",220,1,5272,0,3.38041853512706,-4.50074738415549,3.7846556233653,2019
"14383",210,0,14383,0,-1.61958146487294,2.49925261584451,-1.2153443766347,2022
"14018",230,0,2856,0,9.38041853512706,44.4992526158445,-3.2153443766347,2021
"14342",200,0,14355,0,4.38041853512706,2.49925261584451,-7.2153443766347,2022
"14389",165,0,14388,0,0.380418535127063,2.49925261584451,-1.2153443766347,2022
"14105",175,0,6430,0,2.38041853512706,44.4992526158445,0.784655623365296,2021
"14406",115,0,14339,0,4.38041853512706,2.49925261584451,-1.2153443766347,2022
"14167",210,0,855,0,7.38041853512706,44.4992526158445,3.7846556233653,2021
"14132",155,0,12678,0,0.380418535127063,44.4992526158445,1.7846556233653,2021
"14450",150,0,14379,0,0.380418535127063,2.49925261584451,4.7846556233653,2022
"14061",140,0,4080,0,0.380418535127063,44.4992526158445,0.784655623365296,2021
"14403",175,0,14373,0,4.38041853512706,2.49925261584451,-1.2153443766347,2022
"14184",180,0,5072,0,9.38041853512706,44.4992526158445,-5.2153443766347,2021
"14476",145,0,14387,0,6.38041853512706,2.49925261584451,0.784655623365296,2022
"3591",180,0,10163,0,0.380418535127063,-3.50074738415549,1.7846556233653,1985
