"","ID","HornLen","CapAgeYears","Sex","Twin","jdateMC","PopDensMC","CapYear","BirthYear","animal"
"416",4164,300,1,2,1,5.30257936507937,-191.364087301587,1987,1986,4164
"418",14088,370,1,2,0,5.30257936507937,-191.364087301587,1987,1986,14088
"419",3332,365,1,2,0,5.30257936507937,-191.364087301587,1987,1986,3332
"420",12579,330,1,2,0,5.30257936507937,-191.364087301587,1987,1986,12579
"421",7470,312,1,2,0,5.30257936507937,-191.364087301587,1987,1986,7470
"423",7943,285,1,2,0,5.30257936507937,-191.364087301587,1987,1986,7943
"424",1318,296,1,2,0,5.30257936507937,-191.364087301587,1987,1986,1318
"470",8410,355,1,2,0,5.30257936507937,-191.364087301587,1987,1986,8410
"505",9581,365,1,2,0,6.30257936507937,-191.364087301587,1987,1986,9581
"517",11784,305,1,2,0,6.30257936507937,-191.364087301587,1987,1986,11784
"658",4164,370,2,2,1,10.3025793650794,-65.3640873015873,1988,1986,4164
"659",4017,320,2,2,0,10.3025793650794,-65.3640873015873,1988,1986,4017
"660",14088,425,2,2,0,10.3025793650794,-65.3640873015873,1988,1986,14088
"661",3332,440,2,2,0,10.3025793650794,-65.3640873015873,1988,1986,3332
"663",7470,410,2,2,0,10.3025793650794,-65.3640873015873,1988,1986,7470
"664",10920,234,1,2,0,10.3025793650794,-65.3640873015873,1988,1987,10920
"665",10427,285,1,2,0,10.3025793650794,-65.3640873015873,1988,1987,10427
"666",4514,313,1,2,0,10.3025793650794,-65.3640873015873,1988,1987,4514
"668",1492,340,1,2,1,10.3025793650794,-65.3640873015873,1988,1987,1492
"669",2955,265,1,2,0,10.3025793650794,-65.3640873015873,1988,1987,2955
"670",1641,250,1,2,1,10.3025793650794,-65.3640873015873,1988,1987,1641
"671",10476,325,1,2,0,10.3025793650794,-65.3640873015873,1988,1987,10476
"672",11996,325,1,2,0,10.3025793650794,-65.3640873015873,1988,1987,11996
"673",10379,345,1,2,0,10.3025793650794,-65.3640873015873,1988,1987,10379
"692",8410,425,2,2,0,10.3025793650794,-65.3640873015873,1988,1986,8410
"693",12322,332,1,2,0,10.3025793650794,-65.3640873015873,1988,1987,12322
"695",6619,366,1,2,1,10.3025793650794,-65.3640873015873,1988,1987,6619
"696",7187,338,1,2,1,10.3025793650794,-65.3640873015873,1988,1987,7187
"701",6481,356,2,2,0,10.3025793650794,-65.3640873015873,1988,1986,6481
"725",3466,324,1,2,1,12.3025793650794,-65.3640873015873,1988,1987,3466
"728",14298,300,1,2,0,12.3025793650794,-65.3640873015873,1988,1987,14298
"729",4356,355,1,2,0,12.3025793650794,-65.3640873015873,1988,1987,4356
"743",3641,180,1,2,0,12.3025793650794,-65.3640873015873,1988,1987,3641
"760",2768,324,2,2,0,16.3025793650794,-65.3640873015873,1988,1986,2768
"761",12313,249,1,2,0,16.3025793650794,-65.3640873015873,1988,1987,12313
"762",12241,334,1,2,0,16.3025793650794,-65.3640873015873,1988,1987,12241
"763",3999,324,1,2,1,16.3025793650794,-65.3640873015873,1988,1987,3999
"764",6994,308,1,2,0,16.3025793650794,-65.3640873015873,1988,1987,6994
"767",12579,420,2,2,0,17.3025793650794,-65.3640873015873,1988,1986,12579
"768",7943,359,2,2,0,17.3025793650794,-65.3640873015873,1988,1986,7943
"770",7071,298,1,2,0,17.3025793650794,-65.3640873015873,1988,1987,7071
"774",11784,383,2,2,0,17.3025793650794,-65.3640873015873,1988,1986,11784
"1019",955,455,2,2,0,-0.697420634920633,-311.364087301587,1989,1987,955
"1125",12175,362,1,2,0,0.302579365079367,-232.364087301587,1990,1989,12175
"1128",2803,290,1,2,1,0.302579365079367,-232.364087301587,1990,1989,2803
"1129",14112,320,1,2,0,0.302579365079367,-232.364087301587,1990,1989,14112
"1130",11590,369,1,2,0,0.302579365079367,-232.364087301587,1990,1989,11590
"1146",3610,310,1,2,0,0.302579365079367,-232.364087301587,1990,1989,3610
"1158",11979,395,2,2,0,0.302579365079367,-232.364087301587,1990,1988,11979
"1159",7267,340,1,2,0,0.302579365079367,-232.364087301587,1990,1989,7267
"1161",10095,352,1,2,0,0.302579365079367,-232.364087301587,1990,1989,10095
"1210",5562,344,1,2,0,3.30257936507937,-232.364087301587,1990,1989,5562
"1213",197,375,1,2,0,8.30257936507937,-232.364087301587,1990,1989,197
"1308",8195,313,1,2,0,1.30257936507937,-108.364087301587,1991,1990,8195
"1310",7159,400,1,2,0,1.30257936507937,-108.364087301587,1991,1990,7159
"1311",5344,318,1,2,0,1.30257936507937,-108.364087301587,1991,1990,5344
"1312",2725,385,1,2,0,1.30257936507937,-108.364087301587,1991,1990,2725
"1313",7303,331,1,2,1,1.30257936507937,-108.364087301587,1991,1990,7303
"1315",12175,471,2,2,0,1.30257936507937,-108.364087301587,1991,1989,12175
"1316",2803,360,2,2,1,1.30257936507937,-108.364087301587,1991,1989,2803
"1317",11590,470,2,2,0,1.30257936507937,-108.364087301587,1991,1989,11590
"1328",3610,392,2,2,0,1.30257936507937,-108.364087301587,1991,1989,3610
"1339",13051,128,1,2,1,1.30257936507937,-108.364087301587,1991,1990,13051
"1341",7267,445,2,2,0,1.30257936507937,-108.364087301587,1991,1989,7267
"1342",10095,425,2,2,0,1.30257936507937,-108.364087301587,1991,1989,10095
"1405",8553,205,1,2,1,2.30257936507937,-108.364087301587,1991,1990,8553
"1406",2380,174,1,2,1,2.30257936507937,-108.364087301587,1991,1990,2380
"1407",6712,312,1,2,0,2.30257936507937,-108.364087301587,1991,1990,6712
"1408",2208,250,1,2,0,2.30257936507937,-108.364087301587,1991,1990,2208
"1409",11436,310,1,2,0,2.30257936507937,-108.364087301587,1991,1990,11436
"1410",8341,289,1,2,1,2.30257936507937,-108.364087301587,1991,1990,8341
"1411",13524,358,1,2,1,2.30257936507937,-108.364087301587,1991,1990,13524
"1414",5562,427,2,2,0,2.30257936507937,-108.364087301587,1991,1989,5562
"1415",11348,382,2,2,1,2.30257936507937,-108.364087301587,1991,1989,11348
"1460",13000,310,1,2,0,2.30257936507937,-108.364087301587,1991,1990,13000
"1461",10387,310,1,2,1,2.30257936507937,-108.364087301587,1991,1990,10387
"1463",13995,330,1,2,1,2.30257936507937,-108.364087301587,1991,1990,13995
"1464",5910,350,1,2,1,2.30257936507937,-108.364087301587,1991,1990,5910
"1466",4130,365,2,2,0,2.30257936507937,-108.364087301587,1991,1989,4130
"1472",1438,325,1,2,0,2.30257936507937,-108.364087301587,1991,1990,1438
"1480",11829,321,1,2,0,3.30257936507937,-108.364087301587,1991,1990,11829
"1482",1641,440,4,2,1,3.30257936507937,-108.364087301587,1991,1987,1641
"1483",4870,161,1,2,1,3.30257936507937,-108.364087301587,1991,1990,4870
"1486",10396,355,1,2,0,3.30257936507937,-108.364087301587,1991,1990,10396
"1487",4489,313,1,2,0,3.30257936507937,-108.364087301587,1991,1990,4489
"1495",934,323,1,2,1,4.30257936507937,-108.364087301587,1991,1990,934
"1503",5641,302,1,2,0,4.30257936507937,-108.364087301587,1991,1990,5641
"1504",8728,188,1,2,0,4.30257936507937,-108.364087301587,1991,1990,8728
"1515",11532,196,1,2,1,5.30257936507937,-108.364087301587,1991,1990,11532
"1516",875,325,1,2,0,5.30257936507937,-108.364087301587,1991,1990,875
"1518",10354,297,1,2,0,5.30257936507937,-108.364087301587,1991,1990,10354
"1519",9765,360,1,2,0,5.30257936507937,-108.364087301587,1991,1990,9765
"1632",9482,235,1,2,0,-1.69742063492063,-201.364087301587,1992,1991,9482
"1635",11532,258,2,2,1,-1.69742063492063,-201.364087301587,1992,1990,11532
"1636",875,395,2,2,0,-1.69742063492063,-201.364087301587,1992,1990,875
"1664",13084,311,1,2,0,-1.69742063492063,-201.364087301587,1992,1991,13084
"1665",7402,231,1,2,1,-1.69742063492063,-201.364087301587,1992,1991,7402
"1669",9765,458,2,2,0,-1.69742063492063,-201.364087301587,1992,1990,9765
"1670",5205,413,2,2,0,-1.69742063492063,-201.364087301587,1992,1990,5205
"1675",3910,301,1,2,0,-1.69742063492063,-201.364087301587,1992,1991,3910
"1731",5102,293,1,2,0,-0.697420634920633,-201.364087301587,1992,1991,5102
"1733",11579,305,1,2,0,-0.697420634920633,-201.364087301587,1992,1991,11579
"1734",6108,283,1,2,0,-0.697420634920633,-201.364087301587,1992,1991,6108
"1737",6712,425,2,2,0,-0.697420634920633,-201.364087301587,1992,1990,6712
"1738",11829,435,2,2,0,-0.697420634920633,-201.364087301587,1992,1990,11829
"1739",11436,428,2,2,0,-0.697420634920633,-201.364087301587,1992,1990,11436
"1740",8195,414,2,2,0,-0.697420634920633,-201.364087301587,1992,1990,8195
"1742",7159,493,2,2,0,-0.697420634920633,-201.364087301587,1992,1990,7159
"1743",2725,487,2,2,0,-0.697420634920633,-201.364087301587,1992,1990,2725
"1746",5562,487,3,2,0,-0.697420634920633,-201.364087301587,1992,1989,5562
"1747",12175,466,3,2,0,-0.697420634920633,-201.364087301587,1992,1989,12175
"1748",2803,367,3,2,1,-0.697420634920633,-201.364087301587,1992,1989,2803
"1749",11348,446,3,2,1,-0.697420634920633,-201.364087301587,1992,1989,11348
"1761",3610,428,3,2,0,-0.697420634920633,-201.364087301587,1992,1989,3610
"1772",4489,395,2,2,0,-0.697420634920633,-201.364087301587,1992,1990,4489
"1774",5910,469,2,2,1,-0.697420634920633,-201.364087301587,1992,1990,5910
"1775",4130,420,3,2,0,-0.697420634920633,-201.364087301587,1992,1989,4130
"1787",9509,171,1,2,0,1.30257936507937,-201.364087301587,1992,1991,9509
"1788",1546,285,1,2,1,1.30257936507937,-201.364087301587,1992,1991,1546
"1789",4341,273,1,2,0,1.30257936507937,-201.364087301587,1992,1991,4341
"1790",8341,341,2,2,1,1.30257936507937,-201.364087301587,1992,1990,8341
"1797",12400,260,1,2,0,1.30257936507937,-201.364087301587,1992,1991,12400
"1798",13051,196,2,2,1,1.30257936507937,-201.364087301587,1992,1990,13051
"1813",2208,372,2,2,0,3.30257936507937,-201.364087301587,1992,1990,2208
"1815",5641,425,2,2,0,3.30257936507937,-201.364087301587,1992,1990,5641
"1871",1641,472,6,2,1,-1.69742063492063,-79.3640873015873,1993,1987,1641
"1872",5562,531,4,2,0,-1.69742063492063,-79.3640873015873,1993,1989,5562
"1873",12175,513,4,2,0,-1.69742063492063,-79.3640873015873,1993,1989,12175
"1874",11348,496,4,2,1,-1.69742063492063,-79.3640873015873,1993,1989,11348
"1875",2803,377,4,2,1,-1.69742063492063,-79.3640873015873,1993,1989,2803
"1876",8195,486,3,2,0,-1.69742063492063,-79.3640873015873,1993,1990,8195
"1878",7159,580,3,2,0,-1.69742063492063,-79.3640873015873,1993,1990,7159
"1879",2725,557,3,2,0,-1.69742063492063,-79.3640873015873,1993,1990,2725
"1884",5102,412,2,2,0,-1.69742063492063,-79.3640873015873,1993,1991,5102
"1886",11579,402,2,2,0,-1.69742063492063,-79.3640873015873,1993,1991,11579
"1887",9732,287,1,2,0,-1.69742063492063,-79.3640873015873,1993,1992,9732
"1890",9421,320,1,2,0,-1.69742063492063,-79.3640873015873,1993,1992,9421
"1891",9760,318,1,2,1,-1.69742063492063,-79.3640873015873,1993,1992,9760
"1892",6370,218,1,2,0,-1.69742063492063,-79.3640873015873,1993,1992,6370
"1893",5931,183,1,2,0,-1.69742063492063,-79.3640873015873,1993,1992,5931
"1913",3610,442,4,2,0,-1.69742063492063,-79.3640873015873,1993,1989,3610
"1921",12562,535,6,2,0,-1.69742063492063,-79.3640873015873,1993,1987,12562
"1923",5910,535,3,2,1,-1.69742063492063,-79.3640873015873,1993,1990,5910
"1932",8413,177,1,2,0,-1.69742063492063,-79.3640873015873,1993,1992,8413
"1939",827,235,1,2,0,1.30257936507937,-79.3640873015873,1993,1992,827
"1941",1769,215,1,2,0,1.30257936507937,-79.3640873015873,1993,1992,1769
"1944",12607,269,1,2,0,1.30257936507937,-79.3640873015873,1993,1992,12607
"1948",13307,271,1,2,0,1.30257936507937,-79.3640873015873,1993,1992,13307
"1972",3597,291,1,2,0,1.30257936507937,-79.3640873015873,1993,1992,3597
"1999",1490,227,1,2,0,2.30257936507937,-79.3640873015873,1993,1992,1490
"2000",12740,270,1,2,0,2.30257936507937,-79.3640873015873,1993,1992,12740
"2007",3238,315,1,2,0,2.30257936507937,-79.3640873015873,1993,1992,3238
"2009",2541,334,1,2,0,2.30257936507937,-79.3640873015873,1993,1992,2541
"2011",3595,292,1,2,0,2.30257936507937,-79.3640873015873,1993,1992,3595
"2021",11867,224,1,2,0,2.30257936507937,-79.3640873015873,1993,1992,11867
"2031",9967,313,1,2,1,2.30257936507937,-79.3640873015873,1993,1992,9967
"2034",8219,278,1,2,0,2.30257936507937,-79.3640873015873,1993,1992,8219
"2060",6108,394,2,2,0,3.30257936507937,-79.3640873015873,1993,1991,6108
"2065",5038,305,1,2,1,3.30257936507937,-79.3640873015873,1993,1992,5038
"2079",13555,333,1,2,0,3.30257936507937,-79.3640873015873,1993,1992,13555
"2089",10766,362,1,2,0,3.30257936507937,-79.3640873015873,1993,1992,10766
"2129",6912,157,1,2,1,2.30257936507937,-87.3640873015873,1994,1993,6912
"2132",1490,308,2,2,0,2.30257936507937,-87.3640873015873,1994,1992,1490
"2133",1769,297,2,2,0,2.30257936507937,-87.3640873015873,1994,1992,1769
"2134",2173,301,2,2,0,2.30257936507937,-87.3640873015873,1994,1992,2173
"2136",6108,447,3,2,0,2.30257936507937,-87.3640873015873,1994,1991,6108
"2166",8692,190,1,2,1,3.30257936507937,-87.3640873015873,1994,1993,8692
"2167",8195,504,4,2,0,3.30257936507937,-87.3640873015873,1994,1990,8195
"2168",2725,591,4,2,0,3.30257936507937,-87.3640873015873,1994,1990,2725
"2170",12175,527,5,2,0,3.30257936507937,-87.3640873015873,1994,1989,12175
"2171",2803,371,5,2,1,3.30257936507937,-87.3640873015873,1994,1989,2803
"2172",3610,451,5,2,0,3.30257936507937,-87.3640873015873,1994,1989,3610
"2219",630,244,1,2,0,4.30257936507937,-87.3640873015873,1994,1993,630
"2220",13789,263,1,2,0,4.30257936507937,-87.3640873015873,1994,1993,13789
"2221",876,309,1,2,0,4.30257936507937,-87.3640873015873,1994,1993,876
"2222",2841,198,1,2,0,4.30257936507937,-87.3640873015873,1994,1993,2841
"2225",12740,381,2,2,0,4.30257936507937,-87.3640873015873,1994,1992,12740
"2229",9760,404,2,2,1,4.30257936507937,-87.3640873015873,1994,1992,9760
"2248",3597,367,2,2,0,4.30257936507937,-87.3640873015873,1994,1992,3597
"2249",9967,391,2,2,1,4.30257936507937,-87.3640873015873,1994,1992,9967
"2273",9421,411,2,2,0,6.30257936507937,-87.3640873015873,1994,1992,9421
"2274",6370,252,2,2,0,6.30257936507937,-87.3640873015873,1994,1992,6370
"2275",4341,421,3,2,0,6.30257936507937,-87.3640873015873,1994,1991,4341
"2276",11829,558,4,2,0,6.30257936507937,-87.3640873015873,1994,1990,11829
"2278",4894,518,5,2,0,6.30257936507937,-87.3640873015873,1994,1989,4894
"2285",12400,472,3,2,0,6.30257936507937,-87.3640873015873,1994,1991,12400
"2287",13051,262,4,2,1,6.30257936507937,-87.3640873015873,1994,1990,13051
"2292",3238,405,2,2,0,7.30257936507937,-87.3640873015873,1994,1992,3238
"2293",3595,387,2,2,0,7.30257936507937,-87.3640873015873,1994,1992,3595
"2294",12607,325,2,2,0,7.30257936507937,-87.3640873015873,1994,1992,12607
"2295",2541,432,2,2,0,7.30257936507937,-87.3640873015873,1994,1992,2541
"2297",8219,385,2,2,0,7.30257936507937,-87.3640873015873,1994,1992,8219
"2322",5205,522,4,2,0,8.30257936507937,-87.3640873015873,1994,1990,5205
"2354",13789,353,2,2,0,1.30257936507937,-165.364087301587,1995,1993,13789
"2355",2841,288,2,2,0,1.30257936507937,-165.364087301587,1995,1993,2841
"2386",2725,594,5,2,0,1.30257936507937,-165.364087301587,1995,1990,2725
"2394",630,323,2,2,0,1.30257936507937,-165.364087301587,1995,1993,630
"2395",2803,374,6,2,1,1.30257936507937,-165.364087301587,1995,1989,2803
"2399",9760,468,3,2,1,1.30257936507937,-165.364087301587,1995,1992,9760
"2433",11215,360,2,2,0,4.30257936507937,-165.364087301587,1995,1993,11215
"2434",8137,278,2,2,0,4.30257936507937,-165.364087301587,1995,1993,8137
"2438",3747,314,2,2,0,4.30257936507937,-165.364087301587,1995,1993,3747
"2486",875,505,5,2,0,6.30257936507937,-165.364087301587,1995,1990,875
"2507",2650,500,5,2,0,6.30257936507937,-165.364087301587,1995,1990,2650
"2508",9498,348,2,2,1,6.30257936507937,-165.364087301587,1995,1993,9498
"2511",13278,344,2,2,0,6.30257936507937,-165.364087301587,1995,1993,13278
"2514",9482,432,4,2,0,6.30257936507937,-165.364087301587,1995,1991,9482
"2515",9509,387,4,2,0,6.30257936507937,-165.364087301587,1995,1991,9509
"2555",5770,264,1,2,0,0.302579365079367,52.6359126984127,1996,1995,5770
"2590",6518,295,1,2,0,0.302579365079367,52.6359126984127,1996,1995,6518
"2593",7515,278,1,2,0,0.302579365079367,52.6359126984127,1996,1995,7515
"2625",9542,235,1,2,1,1.30257936507937,52.6359126984127,1996,1995,9542
"2628",10052,242,1,2,0,1.30257936507937,52.6359126984127,1996,1995,10052
"2630",14254,237,1,2,0,1.30257936507937,52.6359126984127,1996,1995,14254
"2634",11220,236,1,2,0,1.30257936507937,52.6359126984127,1996,1995,11220
"2637",8051,173,1,2,0,1.30257936507937,52.6359126984127,1996,1995,8051
"2638",9195,272,1,2,0,1.30257936507937,52.6359126984127,1996,1995,9195
"2640",97,314,1,2,0,1.30257936507937,52.6359126984127,1996,1995,97
"2668",2114,257,1,2,1,1.30257936507937,52.6359126984127,1996,1995,2114
"2675",9608,290,1,2,0,1.30257936507937,52.6359126984127,1996,1995,9608
"2693",1841,347,1,2,0,1.30257936507937,52.6359126984127,1996,1995,1841
"2707",9816,201,1,2,1,1.30257936507937,52.6359126984127,1996,1995,9816
"2755",9482,458,5,2,0,2.30257936507937,52.6359126984127,1996,1991,9482
"2758",875,516,6,2,0,2.30257936507937,52.6359126984127,1996,1990,875
"2765",14244,274,1,2,0,2.30257936507937,52.6359126984127,1996,1995,14244
"2767",4402,297,1,2,0,2.30257936507937,52.6359126984127,1996,1995,4402
"2772",954,263,1,2,1,2.30257936507937,52.6359126984127,1996,1995,954
"2776",13278,408,3,2,0,2.30257936507937,52.6359126984127,1996,1993,13278
"2777",9498,445,3,2,1,2.30257936507937,52.6359126984127,1996,1993,9498
"2785",13007,221,1,2,0,2.30257936507937,52.6359126984127,1996,1995,13007
"2788",8962,258,1,2,0,2.30257936507937,52.6359126984127,1996,1995,8962
"2789",13074,322,1,2,0,2.30257936507937,52.6359126984127,1996,1995,13074
"2797",9967,479,4,2,1,2.30257936507937,52.6359126984127,1996,1992,9967
"2808",6052,210,1,2,1,2.30257936507937,52.6359126984127,1996,1995,6052
"2810",530,293,1,2,1,2.30257936507937,52.6359126984127,1996,1995,530
"2816",4396,273,1,2,0,2.30257936507937,52.6359126984127,1996,1995,4396
"2819",2650,518,6,2,0,2.30257936507937,52.6359126984127,1996,1990,2650
"2825",9509,392,5,2,0,2.30257936507937,52.6359126984127,1996,1991,9509
"2836",8519,227,1,2,0,2.30257936507937,52.6359126984127,1996,1995,8519
"2853",12607,388,4,2,0,4.30257936507937,52.6359126984127,1996,1992,12607
"2859",3507,236,1,2,0,4.30257936507937,52.6359126984127,1996,1995,3507
"2861",12657,228,1,2,0,4.30257936507937,52.6359126984127,1996,1995,12657
"2864",11215,433,3,2,0,4.30257936507937,52.6359126984127,1996,1993,11215
"2866",2803,379,7,2,1,4.30257936507937,52.6359126984127,1996,1989,2803
"2868",2725,605,6,2,0,4.30257936507937,52.6359126984127,1996,1990,2725
"2869",9760,510,4,2,1,4.30257936507937,52.6359126984127,1996,1992,9760
"2870",6108,506,5,2,0,4.30257936507937,52.6359126984127,1996,1991,6108
"2873",12670,257,1,2,0,4.30257936507937,52.6359126984127,1996,1995,12670
"2874",5562,545,7,2,0,4.30257936507937,52.6359126984127,1996,1989,5562
"2877",2068,229,1,2,0,4.30257936507937,52.6359126984127,1996,1995,2068
"2878",3747,365,3,2,0,4.30257936507937,52.6359126984127,1996,1993,3747
"2881",10146,460,3,2,0,4.30257936507937,52.6359126984127,1996,1993,10146
"2897",13789,420,3,2,0,5.30257936507937,52.6359126984127,1996,1993,13789
"2902",12841,271,1,2,0,5.30257936507937,52.6359126984127,1996,1995,12841
"2913",1245,200,1,2,0,5.30257936507937,52.6359126984127,1996,1995,1245
"2914",2173,439,4,2,0,5.30257936507937,52.6359126984127,1996,1992,2173
"2969",5562,550,8,2,0,-2.69742063492063,19.6359126984127,1997,1989,5562
"2971",2803,378,8,2,1,-2.69742063492063,19.6359126984127,1997,1989,2803
"2994",6108,525,6,2,0,-2.69742063492063,19.6359126984127,1997,1991,6108
"3002",12740,526,5,2,0,-2.69742063492063,19.6359126984127,1997,1992,12740
"3004",9967,502,5,2,1,-2.69742063492063,19.6359126984127,1997,1992,9967
"3009",12607,402,5,2,0,-2.69742063492063,19.6359126984127,1997,1992,12607
"3016",3747,390,4,2,0,-2.69742063492063,19.6359126984127,1997,1993,3747
"3017",11215,452,4,2,0,-2.69742063492063,19.6359126984127,1997,1993,11215
"3018",630,437,4,2,0,-2.69742063492063,19.6359126984127,1997,1993,630
"3024",6912,362,4,2,1,-2.69742063492063,19.6359126984127,1997,1993,6912
"3026",10146,504,4,2,0,-2.69742063492063,19.6359126984127,1997,1993,10146
"3032",5025,396,3,2,0,-2.69742063492063,19.6359126984127,1997,1994,5025
"3041",9816,310,2,2,1,-2.69742063492063,19.6359126984127,1997,1995,9816
"3042",6052,286,2,2,1,-2.69742063492063,19.6359126984127,1997,1995,6052
"3045",10052,334,2,2,0,-2.69742063492063,19.6359126984127,1997,1995,10052
"3052",97,396,2,2,0,-2.69742063492063,19.6359126984127,1997,1995,97
"3053",4402,388,2,2,0,-2.69742063492063,19.6359126984127,1997,1995,4402
"3054",530,381,2,2,1,-2.69742063492063,19.6359126984127,1997,1995,530
"3057",954,356,2,2,1,-2.69742063492063,19.6359126984127,1997,1995,954
"3059",13521,271,2,2,0,-2.69742063492063,19.6359126984127,1997,1995,13521
"3060",1245,392,2,2,0,-2.69742063492063,19.6359126984127,1997,1995,1245
"3062",437,265,1,2,0,-2.69742063492063,19.6359126984127,1997,1996,437
"3063",12752,284,1,2,0,-2.69742063492063,19.6359126984127,1997,1996,12752
"3064",3806,239,1,2,1,-2.69742063492063,19.6359126984127,1997,1996,3806
"3067",13985,239,1,2,0,-2.69742063492063,19.6359126984127,1997,1996,13985
"3069",6342,255,1,2,0,-2.69742063492063,19.6359126984127,1997,1996,6342
"3070",1120,221,1,2,1,-2.69742063492063,19.6359126984127,1997,1996,1120
"3152",9542,291,2,2,1,0.302579365079367,19.6359126984127,1997,1995,9542
"3153",4396,332,2,2,0,0.302579365079367,19.6359126984127,1997,1995,4396
"3171",875,527,7,2,0,1.30257936507937,19.6359126984127,1997,1990,875
"3173",2650,537,7,2,0,1.30257936507937,19.6359126984127,1997,1990,2650
"3176",9482,476,6,2,0,1.30257936507937,19.6359126984127,1997,1991,9482
"3182",13278,461,4,2,0,1.30257936507937,19.6359126984127,1997,1993,13278
"3197",3073,218,1,2,0,1.30257936507937,19.6359126984127,1997,1996,3073
"3202",14037,249,1,2,0,1.30257936507937,19.6359126984127,1997,1996,14037
"3203",6694,307,1,2,0,1.30257936507937,19.6359126984127,1997,1996,6694
"3204",2463,218,1,2,0,1.30257936507937,19.6359126984127,1997,1996,2463
"3233",11220,305,2,2,0,2.30257936507937,19.6359126984127,1997,1995,11220
"3244",14254,337,2,2,0,3.30257936507937,19.6359126984127,1997,1995,14254
"3248",6518,405,2,2,0,3.30257936507937,19.6359126984127,1997,1995,6518
"3249",5007,292,1,2,0,3.30257936507937,19.6359126984127,1997,1996,5007
"3254",7906,220,1,2,0,3.30257936507937,19.6359126984127,1997,1996,7906
"3319",11731,268,1,2,0,-2.69742063492063,68.6359126984127,1998,1997,11731
"3320",1632,241,1,2,0,-2.69742063492063,68.6359126984127,1998,1997,1632
"3322",13880,249,1,2,0,-2.69742063492063,68.6359126984127,1998,1997,13880
"3324",9208,234,1,2,0,-2.69742063492063,68.6359126984127,1998,1997,9208
"3399",4469,312,1,2,0,-1.69742063492063,68.6359126984127,1998,1997,4469
"3401",320,173,1,2,0,-1.69742063492063,68.6359126984127,1998,1997,320
"3402",3806,308,2,2,1,-1.69742063492063,68.6359126984127,1998,1996,3806
"3403",6342,343,2,2,0,-1.69742063492063,68.6359126984127,1998,1996,6342
"3404",10173,339,2,2,0,-1.69742063492063,68.6359126984127,1998,1996,10173
"3405",9816,376,3,2,1,-1.69742063492063,68.6359126984127,1998,1995,9816
"3406",6052,339,3,2,1,-1.69742063492063,68.6359126984127,1998,1995,6052
"3409",97,455,3,2,0,-1.69742063492063,68.6359126984127,1998,1995,97
"3411",14254,385,3,2,0,-1.69742063492063,68.6359126984127,1998,1995,14254
"3412",9542,347,3,2,1,-1.69742063492063,68.6359126984127,1998,1995,9542
"3415",4402,459,3,2,0,-1.69742063492063,68.6359126984127,1998,1995,4402
"3416",954,405,3,2,1,-1.69742063492063,68.6359126984127,1998,1995,954
"3421",630,442,5,2,0,-1.69742063492063,68.6359126984127,1998,1993,630
"3469",140,244,1,2,0,0.302579365079367,68.6359126984127,1998,1997,140
"3472",3559,289,1,2,0,0.302579365079367,68.6359126984127,1998,1997,3559
"3481",13920,333,1,2,0,0.302579365079367,68.6359126984127,1998,1997,13920
"3484",14037,329,2,2,0,0.302579365079367,68.6359126984127,1998,1996,14037
"3486",6694,436,2,2,0,0.302579365079367,68.6359126984127,1998,1996,6694
"3535",5708,323,2,2,0,2.30257936507937,68.6359126984127,1998,1996,5708
"3538",13278,487,5,2,0,2.30257936507937,68.6359126984127,1998,1993,13278
"3540",8137,393,5,2,0,2.30257936507937,68.6359126984127,1998,1993,8137
"3545",9482,483,7,2,0,2.30257936507937,68.6359126984127,1998,1991,9482
"3547",2650,545,8,2,0,2.30257936507937,68.6359126984127,1998,1990,2650
"3551",4024,408,2,2,0,3.30257936507937,68.6359126984127,1998,1996,4024
"3552",9393,318,2,2,1,3.30257936507937,68.6359126984127,1998,1996,9393
"3553",3644,445,3,2,0,3.30257936507937,68.6359126984127,1998,1995,3644
"3715",4469,380,2,2,0,-4.69742063492063,-197.364087301587,1999,1997,4469
"3723",8051,379,4,2,0,-4.69742063492063,-197.364087301587,1999,1995,8051
"3726",97,487,4,2,0,-4.69742063492063,-197.364087301587,1999,1995,97
"3733",954,423,4,2,1,-4.69742063492063,-197.364087301587,1999,1995,954
"3734",12657,397,4,2,0,-4.69742063492063,-197.364087301587,1999,1995,12657
"3778",229,280,1,2,0,-2.69742063492063,-197.364087301587,1999,1998,229
"3874",10457,299,2,2,0,3.30257936507937,-197.364087301587,1999,1997,10457
"3990",4597,359,1,2,0,-5.69742063492063,-61.3640873015873,2000,1999,4597
"3991",9060,323,1,2,0,-5.69742063492063,-61.3640873015873,2000,1999,9060
"3992",1858,307,1,2,0,-5.69742063492063,-61.3640873015873,2000,1999,1858
"3994",1260,261,1,2,1,-5.69742063492063,-61.3640873015873,2000,1999,1260
"3995",5865,245,1,2,1,-5.69742063492063,-61.3640873015873,2000,1999,5865
"3996",5893,333,1,2,0,-5.69742063492063,-61.3640873015873,2000,1999,5893
"3997",6898,259,1,2,0,-5.69742063492063,-61.3640873015873,2000,1999,6898
"4004",10634,197,1,2,1,-5.69742063492063,-61.3640873015873,2000,1999,10634
"4006",4469,461,3,2,0,-5.69742063492063,-61.3640873015873,2000,1997,4469
"4011",97,512,5,2,0,-5.69742063492063,-61.3640873015873,2000,1995,97
"4016",954,444,5,2,1,-5.69742063492063,-61.3640873015873,2000,1995,954
"4056",2508,298,1,2,0,-3.69742063492063,-61.3640873015873,2000,1999,2508
"4057",11665,237,1,2,0,-3.69742063492063,-61.3640873015873,2000,1999,11665
"4058",2027,324,1,2,0,-3.69742063492063,-61.3640873015873,2000,1999,2027
"4059",8425,218,1,2,0,-3.69742063492063,-61.3640873015873,2000,1999,8425
"4060",10767,291,1,2,0,-3.69742063492063,-61.3640873015873,2000,1999,10767
"4061",6381,272,1,2,0,-3.69742063492063,-61.3640873015873,2000,1999,6381
"4063",8882,232,1,2,0,-3.69742063492063,-61.3640873015873,2000,1999,8882
"4093",12752,542,4,2,0,-1.69742063492063,-61.3640873015873,2000,1996,12752
"4094",6518,533,5,2,0,-1.69742063492063,-61.3640873015873,2000,1995,6518
"4095",12841,428,5,2,0,-1.69742063492063,-61.3640873015873,2000,1995,12841
"4096",1245,474,5,2,0,-1.69742063492063,-61.3640873015873,2000,1995,1245
"4114",9348,268,1,2,0,-0.697420634920633,-61.3640873015873,2000,1999,9348
"4116",2265,214,1,2,0,-0.697420634920633,-61.3640873015873,2000,1999,2265
"4120",2825,192,1,2,0,-0.697420634920633,-61.3640873015873,2000,1999,2825
"4125",1107,323,4,2,1,-0.697420634920633,-61.3640873015873,2000,1996,1107
"4138",11193,236,1,2,1,0.302579365079367,-61.3640873015873,2000,1999,11193
"4139",7258,160,1,2,0,0.302579365079367,-61.3640873015873,2000,1999,7258
"4356",6594,245,1,2,0,-6.69742063492063,128.635912698413,2001,2000,6594
"4358",6306,277,1,2,0,-6.69742063492063,128.635912698413,2001,2000,6306
"4363",3070,181,1,2,1,-6.69742063492063,128.635912698413,2001,2000,3070
"4364",8593,288,1,2,1,-6.69742063492063,128.635912698413,2001,2000,8593
"4365",2457,258,1,2,0,-6.69742063492063,128.635912698413,2001,2000,2457
"4367",12363,214,1,2,1,-6.69742063492063,128.635912698413,2001,2000,12363
"4369",977,272,1,2,0,-6.69742063492063,128.635912698413,2001,2000,977
"4371",8765,220,1,2,1,-6.69742063492063,128.635912698413,2001,2000,8765
"4372",13543,177,1,2,0,-6.69742063492063,128.635912698413,2001,2000,13543
"4374",11832,190,1,2,0,-6.69742063492063,128.635912698413,2001,2000,11832
"4376",4597,451,2,2,0,-6.69742063492063,128.635912698413,2001,1999,4597
"4377",2089,402,2,2,0,-6.69742063492063,128.635912698413,2001,1999,2089
"4378",11193,352,2,2,1,-6.69742063492063,128.635912698413,2001,1999,11193
"4379",355,373,2,2,0,-6.69742063492063,128.635912698413,2001,1999,355
"4380",7793,379,2,2,0,-6.69742063492063,128.635912698413,2001,1999,7793
"4381",1858,385,2,2,0,-6.69742063492063,128.635912698413,2001,1999,1858
"4382",7408,344,2,2,1,-6.69742063492063,128.635912698413,2001,1999,7408
"4384",554,210,2,2,0,-6.69742063492063,128.635912698413,2001,1999,554
"4385",1260,381,2,2,1,-6.69742063492063,128.635912698413,2001,1999,1260
"4386",5893,427,2,2,0,-6.69742063492063,128.635912698413,2001,1999,5893
"4387",6898,349,2,2,0,-6.69742063492063,128.635912698413,2001,1999,6898
"4389",2027,415,2,2,0,-6.69742063492063,128.635912698413,2001,1999,2027
"4392",6381,374,2,2,0,-6.69742063492063,128.635912698413,2001,1999,6381
"4396",10634,290,2,2,1,-6.69742063492063,128.635912698413,2001,1999,10634
"4399",4469,505,4,2,0,-6.69742063492063,128.635912698413,2001,1997,4469
"4406",97,535,6,2,0,-6.69742063492063,128.635912698413,2001,1995,97
"4444",5848,298,1,2,0,-4.69742063492063,128.635912698413,2001,2000,5848
"4445",1846,171,1,2,0,-4.69742063492063,128.635912698413,2001,2000,1846
"4446",11646,234,1,2,1,-4.69742063492063,128.635912698413,2001,2000,11646
"4449",4968,304,1,2,0,-4.69742063492063,128.635912698413,2001,2000,4968
"4452",425,230,1,2,0,-4.69742063492063,128.635912698413,2001,2000,425
"4453",649,263,1,2,0,-4.69742063492063,128.635912698413,2001,2000,649
"4460",2265,301,2,2,0,-4.69742063492063,128.635912698413,2001,1999,2265
"4464",2825,314,2,2,0,-4.69742063492063,128.635912698413,2001,1999,2825
"4503",10186,278,1,2,1,-3.69742063492063,128.635912698413,2001,2000,10186
"4504",8939,221,1,2,1,-3.69742063492063,128.635912698413,2001,2000,8939
"4506",4083,273,1,2,0,-3.69742063492063,128.635912698413,2001,2000,4083
"4507",10722,311,1,2,0,-3.69742063492063,128.635912698413,2001,2000,10722
"4509",8456,256,1,2,0,-3.69742063492063,128.635912698413,2001,2000,8456
"4512",14275,279,1,2,1,-3.69742063492063,128.635912698413,2001,2000,14275
"4513",1719,315,1,2,0,-3.69742063492063,128.635912698413,2001,2000,1719
"4518",7121,273,1,2,0,-3.69742063492063,128.635912698413,2001,2000,7121
"4520",12724,200,1,2,0,-3.69742063492063,128.635912698413,2001,2000,12724
"4525",7258,226,2,2,0,-3.69742063492063,128.635912698413,2001,1999,7258
"4527",5865,363,2,2,1,-3.69742063492063,128.635912698413,2001,1999,5865
"4529",11665,341,2,2,0,-3.69742063492063,128.635912698413,2001,1999,11665
"4536",8882,335,2,2,0,-3.69742063492063,128.635912698413,2001,1999,8882
"4590",697,285,1,2,0,-0.697420634920633,128.635912698413,2001,2000,697
"4591",4982,209,1,2,1,-0.697420634920633,128.635912698413,2001,2000,4982
"4595",7737,410,2,2,0,-0.697420634920633,128.635912698413,2001,1999,7737
"4596",1834,351,2,2,0,-0.697420634920633,128.635912698413,2001,1999,1834
"4597",1297,362,2,2,0,-0.697420634920633,128.635912698413,2001,1999,1297
"4600",1085,423,2,2,0,-0.697420634920633,128.635912698413,2001,1999,1085
"4602",10457,405,4,2,0,-0.697420634920633,128.635912698413,2001,1997,10457
"4605",6694,592,5,2,0,-0.697420634920633,128.635912698413,2001,1996,6694
"4621",3559,465,4,2,0,3.30257936507937,128.635912698413,2001,1997,3559
"4622",954,451,6,2,1,3.30257936507937,128.635912698413,2001,1995,954
"4623",8051,434,6,2,0,3.30257936507937,128.635912698413,2001,1995,8051
"6369",10867,363,2,2,0,-1.69742063492063,-187.364087301587,2002,2000,10867
"6370",9825,315,2,2,0,-1.69742063492063,-187.364087301587,2002,2000,9825
"6374",8593,397,2,2,1,-1.69742063492063,-187.364087301587,2002,2000,8593
"6377",12668,239,2,2,0,-1.69742063492063,-187.364087301587,2002,2000,12668
"6405",12724,282,2,2,0,-1.69742063492063,-187.364087301587,2002,2000,12724
"6407",8537,391,3,2,0,-1.69742063492063,-187.364087301587,2002,1999,8537
"6419",1107,373,6,2,1,-1.69742063492063,-187.364087301587,2002,1996,1107
"6536",12802,167,1,2,0,3.30257936507937,-187.364087301587,2002,2001,12802
"6537",5580,364,2,2,0,3.30257936507937,-187.364087301587,2002,2000,5580
"6551",1788,454,3,2,0,3.30257936507937,-187.364087301587,2002,1999,1788
"6794",8873,184,1,2,0,-1.69742063492063,-28.3640873015873,2003,2002,8873
"6795",10827,268,1,2,0,-1.69742063492063,-28.3640873015873,2003,2002,10827
"6797",11837,292,1,2,0,-1.69742063492063,-28.3640873015873,2003,2002,11837
"6799",9620,330,1,2,0,-1.69742063492063,-28.3640873015873,2003,2002,9620
"6800",9229,229,1,2,0,-1.69742063492063,-28.3640873015873,2003,2002,9229
"6801",5949,185,1,2,1,-1.69742063492063,-28.3640873015873,2003,2002,5949
"6802",9757,268,1,2,0,-1.69742063492063,-28.3640873015873,2003,2002,9757
"6803",11005,167,1,2,0,-1.69742063492063,-28.3640873015873,2003,2002,11005
"6805",3376,310,1,2,0,-1.69742063492063,-28.3640873015873,2003,2002,3376
"6806",8210,300,1,2,0,-1.69742063492063,-28.3640873015873,2003,2002,8210
"6809",12138,315,1,2,0,-1.69742063492063,-28.3640873015873,2003,2002,12138
"6811",4117,344,1,2,0,-1.69742063492063,-28.3640873015873,2003,2002,4117
"6813",13253,290,1,2,0,-1.69742063492063,-28.3640873015873,2003,2002,13253
"6814",5426,309,1,2,0,-1.69742063492063,-28.3640873015873,2003,2002,5426
"6818",12076,289,1,2,0,-1.69742063492063,-28.3640873015873,2003,2002,12076
"6820",3333,253,1,2,1,-1.69742063492063,-28.3640873015873,2003,2002,3333
"6821",11300,265,1,2,0,-1.69742063492063,-28.3640873015873,2003,2002,11300
"6822",9598,295,1,2,0,-1.69742063492063,-28.3640873015873,2003,2002,9598
"6824",13829,243,1,2,0,-1.69742063492063,-28.3640873015873,2003,2002,13829
"6826",4973,220,1,2,0,-1.69742063492063,-28.3640873015873,2003,2002,4973
"6827",3761,297,1,2,0,-1.69742063492063,-28.3640873015873,2003,2002,3761
"6835",8593,456,3,2,1,-1.69742063492063,-28.3640873015873,2003,2000,8593
"6837",8765,438,3,2,1,-1.69742063492063,-28.3640873015873,2003,2000,8765
"6845",1858,453,4,2,0,-1.69742063492063,-28.3640873015873,2003,1999,1858
"6858",97,550,8,2,0,-1.69742063492063,-28.3640873015873,2003,1995,97
"6881",8818,367,1,2,0,0.302579365079367,-28.3640873015873,2003,2002,8818
"6883",5113,291,1,2,0,0.302579365079367,-28.3640873015873,2003,2002,5113
"6884",13981,343,1,2,0,0.302579365079367,-28.3640873015873,2003,2002,13981
"6885",12177,280,1,2,0,0.302579365079367,-28.3640873015873,2003,2002,12177
"6886",10867,447,3,2,0,0.302579365079367,-28.3640873015873,2003,2000,10867
"6889",12724,348,3,2,0,0.302579365079367,-28.3640873015873,2003,2000,12724
"6890",5865,457,4,2,1,0.302579365079367,-28.3640873015873,2003,1999,5865
"6893",954,351,8,2,1,0.302579365079367,-28.3640873015873,2003,1995,954
"6938",1311,263,1,2,0,1.30257936507937,-28.3640873015873,2003,2002,1311
"6940",9018,340,1,2,0,1.30257936507937,-28.3640873015873,2003,2002,9018
"6943",10576,227,1,2,0,1.30257936507937,-28.3640873015873,2003,2002,10576
"6946",6575,311,1,2,0,1.30257936507937,-28.3640873015873,2003,2002,6575
"6947",13801,354,1,2,0,1.30257936507937,-28.3640873015873,2003,2002,13801
"6951",5580,448,3,2,0,1.30257936507937,-28.3640873015873,2003,2000,5580
"6958",12668,317,3,2,0,1.30257936507937,-28.3640873015873,2003,2000,12668
"6961",1788,493,4,2,0,1.30257936507937,-28.3640873015873,2003,1999,1788
"6999",8232,344,1,2,0,4.30257936507937,-28.3640873015873,2003,2002,8232
"7002",1733,265,1,2,1,4.30257936507937,-28.3640873015873,2003,2002,1733
"7005",8035,298,1,2,0,4.30257936507937,-28.3640873015873,2003,2002,8035
"7259",10880,372,1,2,0,-1.69742063492063,148.635912698413,2004,2003,10880
"7265",8774,187,1,2,0,-1.69742063492063,148.635912698413,2004,2003,8774
"7266",710,229,1,2,1,-1.69742063492063,148.635912698413,2004,2003,710
"7270",12687,199,1,2,1,-1.69742063492063,148.635912698413,2004,2003,12687
"7274",12970,212,1,2,0,-1.69742063492063,148.635912698413,2004,2003,12970
"7276",9283,274,1,2,0,-1.69742063492063,148.635912698413,2004,2003,9283
"7278",3858,198,1,2,1,-1.69742063492063,148.635912698413,2004,2003,3858
"7279",9181,189,1,2,1,-1.69742063492063,148.635912698413,2004,2003,9181
"7283",13085,152,1,2,1,-1.69742063492063,148.635912698413,2004,2003,13085
"7288",10386,167,1,2,1,-1.69742063492063,148.635912698413,2004,2003,10386
"7290",1699,210,1,2,0,-1.69742063492063,148.635912698413,2004,2003,1699
"7296",3959,250,1,2,0,-1.69742063492063,148.635912698413,2004,2003,3959
"7299",11904,293,1,2,0,-1.69742063492063,148.635912698413,2004,2003,11904
"7306",3458,360,2,2,0,-1.69742063492063,148.635912698413,2004,2002,3458
"7309",9620,412,2,2,0,-1.69742063492063,148.635912698413,2004,2002,9620
"7310",9229,326,2,2,0,-1.69742063492063,148.635912698413,2004,2002,9229
"7311",5949,262,2,2,1,-1.69742063492063,148.635912698413,2004,2002,5949
"7313",9757,335,2,2,0,-1.69742063492063,148.635912698413,2004,2002,9757
"7317",4117,435,2,2,0,-1.69742063492063,148.635912698413,2004,2002,4117
"7318",13253,390,2,2,0,-1.69742063492063,148.635912698413,2004,2002,13253
"7320",5426,389,2,2,0,-1.69742063492063,148.635912698413,2004,2002,5426
"7323",1882,342,2,2,0,-1.69742063492063,148.635912698413,2004,2002,1882
"7325",9598,353,2,2,0,-1.69742063492063,148.635912698413,2004,2002,9598
"7328",13829,313,2,2,0,-1.69742063492063,148.635912698413,2004,2002,13829
"7335",10867,482,4,2,0,-1.69742063492063,148.635912698413,2004,2000,10867
"7339",8593,463,4,2,1,-1.69742063492063,148.635912698413,2004,2000,8593
"7342",12724,378,4,2,0,-1.69742063492063,148.635912698413,2004,2000,12724
"7352",1858,445,5,2,0,-1.69742063492063,148.635912698413,2004,1999,1858
"7357",5865,465,5,2,1,-1.69742063492063,148.635912698413,2004,1999,5865
"7374",954,463,9,2,1,-1.69742063492063,148.635912698413,2004,1995,954
"7407",1538,189,1,2,1,1.30257936507937,148.635912698413,2004,2003,1538
"7409",3986,117,1,2,0,1.30257936507937,148.635912698413,2004,2003,3986
"7410",10827,330,2,2,0,1.30257936507937,148.635912698413,2004,2002,10827
"7411",8232,435,2,2,0,1.30257936507937,148.635912698413,2004,2002,8232
"7412",11837,342,2,2,0,1.30257936507937,148.635912698413,2004,2002,11837
"7413",5113,375,2,2,0,1.30257936507937,148.635912698413,2004,2002,5113
"7414",9107,369,2,2,0,1.30257936507937,148.635912698413,2004,2002,9107
"7415",3376,384,2,2,0,1.30257936507937,148.635912698413,2004,2002,3376
"7416",12138,402,2,2,0,1.30257936507937,148.635912698413,2004,2002,12138
"7418",10576,290,2,2,0,1.30257936507937,148.635912698413,2004,2002,10576
"7420",116,368,2,2,0,1.30257936507937,148.635912698413,2004,2002,116
"7421",4970,330,2,2,0,1.30257936507937,148.635912698413,2004,2002,4970
"7422",2526,295,2,2,0,1.30257936507937,148.635912698413,2004,2002,2526
"7423",11300,371,2,2,0,1.30257936507937,148.635912698413,2004,2002,11300
"7424",3761,368,2,2,0,1.30257936507937,148.635912698413,2004,2002,3761
"7425",8216,343,2,2,0,1.30257936507937,148.635912698413,2004,2002,8216
"7426",2180,337,2,2,0,1.30257936507937,148.635912698413,2004,2002,2180
"7433",2825,440,5,2,0,1.30257936507937,148.635912698413,2004,1999,2825
"7437",3559,503,7,2,0,1.30257936507937,148.635912698413,2004,1997,3559
"7439",97,548,9,2,0,1.30257936507937,148.635912698413,2004,1995,97
"7474",14309,255,1,2,0,4.30257936507937,148.635912698413,2004,2003,14309
"7477",3,223,1,2,0,4.30257936507937,148.635912698413,2004,2003,3
"7482",1112,275,1,2,0,4.30257936507937,148.635912698413,2004,2003,1112
"7483",10745,318,1,2,0,4.30257936507937,148.635912698413,2004,2003,10745
"7485",1326,194,1,2,0,4.30257936507937,148.635912698413,2004,2003,1326
"7486",3299,209,2,2,0,4.30257936507937,148.635912698413,2004,2002,3299
"7487",9018,420,2,2,0,4.30257936507937,148.635912698413,2004,2002,9018
"7489",2402,405,2,2,1,4.30257936507937,148.635912698413,2004,2002,2402
"7490",8035,372,2,2,0,4.30257936507937,148.635912698413,2004,2002,8035
"7492",6575,410,2,2,0,4.30257936507937,148.635912698413,2004,2002,6575
"7493",8981,375,3,2,0,4.30257936507937,148.635912698413,2004,2001,8981
"7505",8765,462,4,2,1,-1.69742063492063,148.635912698413,2004,2000,8765
"8008",7264,241,1,2,0,-2.69742063492063,-117.364087301587,2005,2004,7264
"8009",4405,230,1,2,0,-2.69742063492063,-117.364087301587,2005,2004,4405
"8013",10880,490,2,2,0,-2.69742063492063,-117.364087301587,2005,2003,10880
"8032",3959,370,2,2,0,-2.69742063492063,-117.364087301587,2005,2003,3959
"8033",11904,399,2,2,0,-2.69742063492063,-117.364087301587,2005,2003,11904
"8038",9620,464,3,2,0,-2.69742063492063,-117.364087301587,2005,2002,9620
"8040",5949,335,3,2,1,-2.69742063492063,-117.364087301587,2005,2002,5949
"8054",8593,480,5,2,1,-2.69742063492063,-117.364087301587,2005,2000,8593
"8188",8736,258,1,2,0,-5.69742063492063,-55.3640873015873,2006,2005,8736
"8198",1299,156,1,2,0,-5.69742063492063,-55.3640873015873,2006,2005,1299
"8201",4405,307,2,2,0,-5.69742063492063,-55.3640873015873,2006,2004,4405
"8202",10880,564,3,2,0,-5.69742063492063,-55.3640873015873,2006,2003,10880
"8205",8460,428,3,2,0,-5.69742063492063,-55.3640873015873,2006,2003,8460
"8215",9620,476,4,2,0,-5.69742063492063,-55.3640873015873,2006,2002,9620
"8216",5949,369,4,2,1,-5.69742063492063,-55.3640873015873,2006,2002,5949
"8225",8593,470,6,2,1,-5.69742063492063,-55.3640873015873,2006,2000,8593
"8254",9062,257,1,2,0,-2.69742063492063,-55.3640873015873,2006,2005,9062
"8255",4062,254,1,2,0,-2.69742063492063,-55.3640873015873,2006,2005,4062
"8258",8453,220,1,2,0,-2.69742063492063,-55.3640873015873,2006,2005,8453
"8270",12668,377,6,2,0,-2.69742063492063,-55.3640873015873,2006,2000,12668
"8279",4671,380,3,2,1,-1.69742063492063,-55.3640873015873,2006,2003,4671
"8280",3689,413,3,2,1,-1.69742063492063,-55.3640873015873,2006,2003,3689
"8283",451,425,3,2,0,-1.69742063492063,-55.3640873015873,2006,2003,451
"8305",1148,239,1,2,0,2.30257936507937,-55.3640873015873,2006,2005,1148
"8308",8887,349,3,2,0,2.30257936507937,-55.3640873015873,2006,2003,8887
"8310",14007,375,3,2,0,2.30257936507937,-55.3640873015873,2006,2003,14007
"8311",3,359,3,2,0,2.30257936507937,-55.3640873015873,2006,2003,3
"8312",710,382,3,2,1,2.30257936507937,-55.3640873015873,2006,2003,710
"8314",10973,450,3,2,1,2.30257936507937,-55.3640873015873,2006,2003,10973
"8315",2035,458,3,2,0,2.30257936507937,-55.3640873015873,2006,2003,2035
"8317",9263,335,4,2,0,2.30257936507937,-55.3640873015873,2006,2002,9263
"8617",9558,277,1,2,0,-4.69742063492063,-75.3640873015873,2007,2006,9558
"8630",3643,282,1,2,0,-4.69742063492063,-75.3640873015873,2007,2006,3643
"8631",9795,222,1,2,0,-4.69742063492063,-75.3640873015873,2007,2006,9795
"8633",13519,421,2,2,0,-4.69742063492063,-75.3640873015873,2007,2005,13519
"8649",4405,388,3,2,0,-4.69742063492063,-75.3640873015873,2007,2004,4405
"8653",10880,611,4,2,0,-4.69742063492063,-75.3640873015873,2007,2003,10880
"8666",3959,525,4,2,0,-4.69742063492063,-75.3640873015873,2007,2003,3959
"8681",8232,558,5,2,0,-4.69742063492063,-75.3640873015873,2007,2002,8232
"8683",9620,500,5,2,0,-4.69742063492063,-75.3640873015873,2007,2002,9620
"8710",8593,491,7,2,1,-4.69742063492063,-75.3640873015873,2007,2000,8593
"8762",5779,239,1,2,0,-0.697420634920633,-75.3640873015873,2007,2006,5779
"8765",13855,271,1,2,0,-0.697420634920633,-75.3640873015873,2007,2006,13855
"8770",2645,210,1,2,0,-0.697420634920633,-75.3640873015873,2007,2006,2645
"8783",11947,269,2,2,0,-0.697420634920633,-75.3640873015873,2007,2005,11947
"8831",1643,512,4,2,0,1.30257936507937,-75.3640873015873,2007,2003,1643
"8835",9547,506,4,2,0,1.30257936507937,-75.3640873015873,2007,2003,9547
"8845",12668,400,7,2,0,-4.69742063492063,-75.3640873015873,2007,2000,12668
"9011",1414,279,1,2,0,-7.69742063492063,44.6359126984127,2008,2007,1414
"9012",11983,263,1,2,0,-7.69742063492063,44.6359126984127,2008,2007,11983
"9013",4358,326,1,2,0,-7.69742063492063,44.6359126984127,2008,2007,4358
"9019",13484,228,1,2,1,-7.69742063492063,44.6359126984127,2008,2007,13484
"9024",145,255,1,2,1,-7.69742063492063,44.6359126984127,2008,2007,145
"9027",4166,289,1,2,0,-7.69742063492063,44.6359126984127,2008,2007,4166
"9029",686,237,1,2,0,-7.69742063492063,44.6359126984127,2008,2007,686
"9036",8349,395,2,2,0,-7.69742063492063,44.6359126984127,2008,2006,8349
"9039",13855,366,2,2,0,-7.69742063492063,44.6359126984127,2008,2006,13855
"9043",2645,298,2,2,0,-7.69742063492063,44.6359126984127,2008,2006,2645
"9044",3643,370,2,2,0,-7.69742063492063,44.6359126984127,2008,2006,3643
"9052",10880,641,5,2,0,-7.69742063492063,44.6359126984127,2008,2003,10880
"9059",451,470,5,2,0,-7.69742063492063,44.6359126984127,2008,2003,451
"9060",4671,437,5,2,1,-7.69742063492063,44.6359126984127,2008,2003,4671
"9065",6222,476,5,2,0,-7.69742063492063,44.6359126984127,2008,2003,6222
"9070",8232,573,6,2,0,-7.69742063492063,44.6359126984127,2008,2002,8232
"9117",11340,187,1,2,0,-6.69742063492063,44.6359126984127,2008,2007,11340
"9121",10660,282,1,2,0,-6.69742063492063,44.6359126984127,2008,2007,10660
"9125",13299,300,1,2,0,-6.69742063492063,44.6359126984127,2008,2007,13299
"9126",5691,270,1,2,0,-6.69742063492063,44.6359126984127,2008,2007,5691
"9127",2909,225,1,2,0,-6.69742063492063,44.6359126984127,2008,2007,2909
"9128",9558,351,2,2,0,-6.69742063492063,44.6359126984127,2008,2006,9558
"9131",9795,306,2,2,0,-6.69742063492063,44.6359126984127,2008,2006,9795
"9132",13519,569,3,2,0,-6.69742063492063,44.6359126984127,2008,2005,13519
"9135",4405,436,4,2,0,-6.69742063492063,44.6359126984127,2008,2004,4405
"9139",3959,552,5,2,0,-6.69742063492063,44.6359126984127,2008,2003,3959
"9147",9620,496,6,2,0,-6.69742063492063,44.6359126984127,2008,2002,9620
"9154",8593,494,8,2,1,-6.69742063492063,44.6359126984127,2008,2000,8593
"9183",10289,226,1,2,0,-3.69742063492063,44.6359126984127,2008,2007,10289
"9184",3045,246,1,2,0,-3.69742063492063,44.6359126984127,2008,2007,3045
"9186",14328,201,1,2,0,-3.69742063492063,44.6359126984127,2008,2007,14328
"9187",8540,205,1,2,0,-3.69742063492063,44.6359126984127,2008,2007,8540
"9189",5779,331,2,2,0,-3.69742063492063,44.6359126984127,2008,2006,5779
"9191",10798,385,2,2,0,-3.69742063492063,44.6359126984127,2008,2006,10798
"9246",2789,208,1,2,0,-0.697420634920633,44.6359126984127,2008,2007,2789
"9248",300,143,1,2,0,-0.697420634920633,44.6359126984127,2008,2007,300
"9250",9388,167,1,2,0,-0.697420634920633,44.6359126984127,2008,2007,9388
"9415",7792,383,2,2,0,4.30257936507937,94.6359126984127,2009,2007,7792
"9416",3596,385,2,2,1,4.30257936507937,94.6359126984127,2009,2007,3596
"9418",710,467,6,2,1,4.30257936507937,94.6359126984127,2009,2003,710
"9465",3759,222,1,2,0,-2.69742063492063,94.6359126984127,2009,2008,3759
"9471",13160,224,1,2,0,-2.69742063492063,94.6359126984127,2009,2008,13160
"9472",9526,186,1,2,1,-2.69742063492063,94.6359126984127,2009,2008,9526
"9473",6715,183,1,2,0,-2.69742063492063,94.6359126984127,2009,2008,6715
"9482",13557,183,1,2,0,-2.69742063492063,94.6359126984127,2009,2008,13557
"9484",4358,437,2,2,0,-2.69742063492063,94.6359126984127,2009,2007,4358
"9488",10660,426,2,2,0,-2.69742063492063,94.6359126984127,2009,2007,10660
"9491",145,334,2,2,1,-2.69742063492063,94.6359126984127,2009,2007,145
"9495",686,348,2,2,0,-2.69742063492063,94.6359126984127,2009,2007,686
"9499",8349,500,3,2,0,-2.69742063492063,94.6359126984127,2009,2006,8349
"9500",9558,445,3,2,0,-2.69742063492063,94.6359126984127,2009,2006,9558
"9501",5779,403,3,2,0,-2.69742063492063,94.6359126984127,2009,2006,5779
"9503",13855,424,3,2,0,-2.69742063492063,94.6359126984127,2009,2006,13855
"9505",2645,383,3,2,0,-2.69742063492063,94.6359126984127,2009,2006,2645
"9506",9795,360,3,2,0,-2.69742063492063,94.6359126984127,2009,2006,9795
"9507",10798,480,3,2,0,-2.69742063492063,94.6359126984127,2009,2006,10798
"9508",13519,658,4,2,0,-2.69742063492063,94.6359126984127,2009,2005,13519
"9514",4405,474,5,2,0,-2.69742063492063,94.6359126984127,2009,2004,4405
"9516",10880,660,6,2,0,-2.69742063492063,94.6359126984127,2009,2003,10880
"9518",8460,529,6,2,0,-2.69742063492063,94.6359126984127,2009,2003,8460
"9519",12687,446,6,2,1,-2.69742063492063,94.6359126984127,2009,2003,12687
"9521",3959,573,6,2,0,-2.69742063492063,94.6359126984127,2009,2003,3959
"9531",5426,528,7,2,0,-2.69742063492063,94.6359126984127,2009,2002,5426
"9544",8593,486,9,2,1,-2.69742063492063,94.6359126984127,2009,2000,8593
"9579",13251,278,1,2,0,-1.69742063492063,94.6359126984127,2009,2008,13251
"9580",12408,266,1,2,0,-1.69742063492063,94.6359126984127,2009,2008,12408
"9581",7305,174,1,2,1,-1.69742063492063,94.6359126984127,2009,2008,7305
"9585",11953,285,1,2,1,-1.69742063492063,94.6359126984127,2009,2008,11953
"9588",11892,264,1,2,0,-1.69742063492063,94.6359126984127,2009,2008,11892
"9590",6119,219,1,2,1,-1.69742063492063,94.6359126984127,2009,2008,6119
"9591",1414,410,2,2,0,-1.69742063492063,94.6359126984127,2009,2007,1414
"9592",7076,323,2,2,0,-1.69742063492063,94.6359126984127,2009,2007,7076
"9593",11340,260,2,2,0,-1.69742063492063,94.6359126984127,2009,2007,11340
"9596",1012,393,2,2,0,-1.69742063492063,94.6359126984127,2009,2007,1012
"9601",5691,379,2,2,0,-1.69742063492063,94.6359126984127,2009,2007,5691
"9609",3643,431,3,2,0,-1.69742063492063,94.6359126984127,2009,2006,3643
"9620",8232,574,7,2,0,-1.69742063492063,94.6359126984127,2009,2002,8232
"9894",4018,244,1,2,0,-2.69742063492063,149.635912698413,2010,2009,4018
"9895",9447,233,1,2,0,-2.69742063492063,149.635912698413,2010,2009,9447
"9896",11713,176,1,2,0,-2.69742063492063,149.635912698413,2010,2009,11713
"9897",12454,295,1,2,0,-2.69742063492063,149.635912698413,2010,2009,12454
"9957",3136,293,1,2,0,2.30257936507937,149.635912698413,2010,2009,3136
"9959",10855,218,1,2,0,2.30257936507937,149.635912698413,2010,2009,10855
"9961",6162,215,1,2,0,2.30257936507937,149.635912698413,2010,2009,6162
"9968",7214,311,1,2,0,2.30257936507937,149.635912698413,2010,2009,7214
"9969",8507,258,1,2,0,2.30257936507937,149.635912698413,2010,2009,8507
"9970",2426,251,1,2,0,2.30257936507937,149.635912698413,2010,2009,2426
"9971",12371,193,1,2,0,2.30257936507937,149.635912698413,2010,2009,12371
"9976",3563,354,2,2,0,2.30257936507937,149.635912698413,2010,2008,3563
"9979",9907,251,2,2,0,2.30257936507937,149.635912698413,2010,2008,9907
"9989",271,384,3,2,0,2.30257936507937,149.635912698413,2010,2007,271
"10021",2133,194,1,2,0,4.30257936507937,149.635912698413,2010,2009,2133
"10030",1061,380,2,2,0,4.30257936507937,149.635912698413,2010,2008,1061
"10104",582,258,1,2,0,-4.69742063492063,149.635912698413,2010,2009,582
"10107",13200,174,1,2,0,-4.69742063492063,149.635912698413,2010,2009,13200
"10108",8853,246,1,2,0,-4.69742063492063,149.635912698413,2010,2009,8853
"10112",10390,163,1,2,0,-4.69742063492063,149.635912698413,2010,2009,10390
"10116",3278,202,1,2,0,-4.69742063492063,149.635912698413,2010,2009,3278
"10118",12514,290,1,2,0,-4.69742063492063,149.635912698413,2010,2009,12514
"10122",10097,239,1,2,0,-4.69742063492063,149.635912698413,2010,2009,10097
"10123",11174,149,1,2,0,-4.69742063492063,149.635912698413,2010,2009,11174
"10125",9804,120,1,2,0,-4.69742063492063,149.635912698413,2010,2009,9804
"10129",3759,303,2,2,0,-4.69742063492063,149.635912698413,2010,2008,3759
"10130",13251,377,2,2,0,-4.69742063492063,149.635912698413,2010,2008,13251
"10131",12408,355,2,2,0,-4.69742063492063,149.635912698413,2010,2008,12408
"10132",7305,253,2,2,1,-4.69742063492063,149.635912698413,2010,2008,7305
"10135",3657,218,2,2,0,-4.69742063492063,149.635912698413,2010,2008,3657
"10140",13160,270,2,2,0,-4.69742063492063,149.635912698413,2010,2008,13160
"10155",11892,315,2,2,0,-4.69742063492063,149.635912698413,2010,2008,11892
"10157",13557,250,2,2,0,-4.69742063492063,149.635912698413,2010,2008,13557
"10160",1414,467,3,2,0,-4.69742063492063,149.635912698413,2010,2007,1414
"10161",11340,296,3,2,0,-4.69742063492063,149.635912698413,2010,2007,11340
"10163",4358,490,3,2,0,-4.69742063492063,149.635912698413,2010,2007,4358
"10168",11111,376,3,2,0,-4.69742063492063,149.635912698413,2010,2007,11111
"10170",10660,488,3,2,0,-4.69742063492063,149.635912698413,2010,2007,10660
"10177",145,364,3,2,1,-4.69742063492063,149.635912698413,2010,2007,145
"10180",686,378,3,2,0,-4.69742063492063,149.635912698413,2010,2007,686
"10181",5691,441,3,2,0,-4.69742063492063,149.635912698413,2010,2007,5691
"10187",8349,544,4,2,0,-4.69742063492063,149.635912698413,2010,2006,8349
"10188",9558,477,4,2,0,-4.69742063492063,149.635912698413,2010,2006,9558
"10190",13855,463,4,2,0,-4.69742063492063,149.635912698413,2010,2006,13855
"10194",2645,409,4,2,0,-4.69742063492063,149.635912698413,2010,2006,2645
"10195",3643,457,4,2,0,-4.69742063492063,149.635912698413,2010,2006,3643
"10196",9795,362,4,2,0,-4.69742063492063,149.635912698413,2010,2006,9795
"10197",13519,681,5,2,0,-4.69742063492063,149.635912698413,2010,2005,13519
"10208",4405,485,6,2,0,-4.69742063492063,149.635912698413,2010,2004,4405
"10212",10880,673,7,2,0,-4.69742063492063,149.635912698413,2010,2003,10880
"10217",3959,583,7,2,0,-4.69742063492063,149.635912698413,2010,2003,3959
"10231",8232,590,8,2,0,-4.69742063492063,149.635912698413,2010,2002,8232
"10244",8593,485,10,2,1,-4.69742063492063,149.635912698413,2010,2000,8593
"10518",11810,213,1,2,0,-3.69742063492063,126.635912698413,2011,2010,11810
"10520",10382,260,1,2,0,-3.69742063492063,126.635912698413,2011,2010,10382
"10528",582,353,2,2,0,-3.69742063492063,126.635912698413,2011,2009,582
"10529",8853,393,2,2,0,-3.69742063492063,126.635912698413,2011,2009,8853
"10536",3136,383,2,2,0,-3.69742063492063,126.635912698413,2011,2009,3136
"10542",10097,328,2,2,0,-3.69742063492063,126.635912698413,2011,2009,10097
"10543",9804,154,2,2,0,-3.69742063492063,126.635912698413,2011,2009,9804
"10548",3759,342,3,2,0,-3.69742063492063,126.635912698413,2011,2008,3759
"10549",13251,448,3,2,0,-3.69742063492063,126.635912698413,2011,2008,13251
"10550",12408,426,3,2,0,-3.69742063492063,126.635912698413,2011,2008,12408
"10551",7305,308,3,2,1,-3.69742063492063,126.635912698413,2011,2008,7305
"10565",13557,278,3,2,0,-3.69742063492063,126.635912698413,2011,2008,13557
"10569",1414,494,4,2,0,-3.69742063492063,126.635912698413,2011,2007,1414
"10573",11111,423,4,2,0,-3.69742063492063,126.635912698413,2011,2007,11111
"10579",686,404,4,2,0,-3.69742063492063,126.635912698413,2011,2007,686
"10580",5691,492,4,2,0,-3.69742063492063,126.635912698413,2011,2007,5691
"10589",8349,573,5,2,0,-3.69742063492063,126.635912698413,2011,2006,8349
"10593",3643,478,5,2,0,-3.69742063492063,126.635912698413,2011,2006,3643
"10595",13519,708,6,2,0,-3.69742063492063,126.635912698413,2011,2005,13519
"10603",4405,492,7,2,0,-3.69742063492063,126.635912698413,2011,2004,4405
"10639",1134,238,1,2,0,-1.69742063492063,126.635912698413,2011,2010,1134
"10641",485,119,1,2,0,-1.69742063492063,126.635912698413,2011,2010,485
"10642",11981,193,1,2,0,-1.69742063492063,126.635912698413,2011,2010,11981
"10644",13200,254,2,2,0,-1.69742063492063,126.635912698413,2011,2009,13200
"10645",10390,282,2,2,0,-1.69742063492063,126.635912698413,2011,2009,10390
"10647",3278,290,2,2,0,-1.69742063492063,126.635912698413,2011,2009,3278
"10649",13160,317,3,2,0,-1.69742063492063,126.635912698413,2011,2008,13160
"10654",11892,368,3,2,0,-1.69742063492063,126.635912698413,2011,2008,11892
"10656",11340,340,4,2,0,-1.69742063492063,126.635912698413,2011,2007,11340
"10657",4358,532,4,2,0,-1.69742063492063,126.635912698413,2011,2007,4358
"10659",145,377,4,2,1,-1.69742063492063,126.635912698413,2011,2007,145
"10663",2645,438,5,2,0,-1.69742063492063,126.635912698413,2011,2006,2645
"10664",9795,397,5,2,0,-1.69742063492063,126.635912698413,2011,2006,9795
"10698",12454,375,2,2,0,0.302579365079367,126.635912698413,2011,2009,12454
"10699",3156,337,2,2,1,0.302579365079367,126.635912698413,2011,2009,3156
"10703",6162,282,2,2,0,0.302579365079367,126.635912698413,2011,2009,6162
"10704",9718,401,2,2,0,0.302579365079367,126.635912698413,2011,2009,9718
"10711",7421,358,3,2,0,0.302579365079367,126.635912698413,2011,2008,7421
"10717",1012,486,4,2,0,0.302579365079367,126.635912698413,2011,2007,1012
"10720",10426,447,4,2,1,0.302579365079367,126.635912698413,2011,2007,10426
"10730",8887,444,8,2,0,0.302579365079367,126.635912698413,2011,2003,8887
"10731",2605,383,8,2,0,0.302579365079367,126.635912698413,2011,2003,2605
"10734",1643,566,8,2,0,0.302579365079367,126.635912698413,2011,2003,1643
"11246",12554,234,1,2,0,0.302579365079367,-160.364087301587,2012,2011,12554
"11250",11810,299,2,2,0,0.302579365079367,-160.364087301587,2012,2010,11810
"11259",582,429,3,2,0,0.302579365079367,-160.364087301587,2012,2009,582
"11266",10097,381,3,2,0,0.302579365079367,-160.364087301587,2012,2009,10097
"11267",6952,414,3,2,0,0.302579365079367,-160.364087301587,2012,2009,6952
"11281",4358,552,5,2,0,0.302579365079367,-160.364087301587,2012,2007,4358
"11293",3643,483,6,2,0,0.302579365079367,-160.364087301587,2012,2006,3643
"11319",6408,253,1,2,0,2.30257936507937,-160.364087301587,2012,2011,6408
"11320",11981,270,2,2,0,2.30257936507937,-160.364087301587,2012,2010,11981
"11321",5425,214,2,2,0,2.30257936507937,-160.364087301587,2012,2010,5425
"11324",3278,341,3,2,0,2.30257936507937,-160.364087301587,2012,2009,3278
"11325",13251,490,4,2,0,2.30257936507937,-160.364087301587,2012,2008,13251
"11330",11892,399,4,2,0,2.30257936507937,-160.364087301587,2012,2008,11892
"11337",5691,518,5,2,0,2.30257936507937,-160.364087301587,2012,2007,5691
"11344",10880,690,9,2,0,2.30257936507937,-160.364087301587,2012,2003,10880
"11457",1921,298,1,2,0,-2.69742063492063,22.6359126984127,2013,2012,1921
"11460",9204,271,1,2,0,-2.69742063492063,22.6359126984127,2013,2012,9204
"11463",11003,199,1,2,0,-2.69742063492063,22.6359126984127,2013,2012,11003
"11464",10802,339,1,2,0,-2.69742063492063,22.6359126984127,2013,2012,10802
"11467",862,356,1,2,0,-2.69742063492063,22.6359126984127,2013,2012,862
"11468",8393,360,1,2,0,-2.69742063492063,22.6359126984127,2013,2012,8393
"11469",10494,290,1,2,0,-2.69742063492063,22.6359126984127,2013,2012,10494
"11473",1241,315,1,2,0,-2.69742063492063,22.6359126984127,2013,2012,1241
"11478",12554,354,2,2,0,-2.69742063492063,22.6359126984127,2013,2011,12554
"11479",11810,353,3,2,0,-2.69742063492063,22.6359126984127,2013,2010,11810
"11486",582,476,4,2,0,-2.69742063492063,22.6359126984127,2013,2009,582
"11490",10097,430,4,2,0,-2.69742063492063,22.6359126984127,2013,2009,10097
"11501",4358,571,6,2,0,-2.69742063492063,22.6359126984127,2013,2007,4358
"11508",3643,490,7,2,0,-2.69742063492063,22.6359126984127,2013,2006,3643
"11509",10880,687,10,2,0,-2.69742063492063,22.6359126984127,2013,2003,10880
"11548",2082,156,1,2,0,0.302579365079367,22.6359126984127,2013,2012,2082
"11550",6693,273,1,2,0,0.302579365079367,22.6359126984127,2013,2012,6693
"11552",976,295,1,2,0,0.302579365079367,22.6359126984127,2013,2012,976
"11560",13447,242,1,2,0,0.302579365079367,22.6359126984127,2013,2012,13447
"11575",6952,462,4,2,0,0.302579365079367,22.6359126984127,2013,2009,6952
"11576",13251,519,5,2,0,0.302579365079367,22.6359126984127,2013,2008,13251
"11578",13557,372,5,2,0,0.302579365079367,22.6359126984127,2013,2008,13557
"11585",1414,536,6,2,0,0.302579365079367,22.6359126984127,2013,2007,1414
"11586",11340,392,6,2,0,0.302579365079367,22.6359126984127,2013,2007,11340
"11587",5691,540,6,2,0,0.302579365079367,22.6359126984127,2013,2007,5691
"11594",8349,605,7,2,0,0.302579365079367,22.6359126984127,2013,2006,8349
"11625",383,280,1,2,0,5.30257936507937,22.6359126984127,2013,2012,383
"11632",9039,328,1,2,0,5.30257936507937,22.6359126984127,2013,2012,9039
"11634",1560,272,1,2,0,5.30257936507937,22.6359126984127,2013,2012,1560
"11663",2026,271,1,2,0,7.30257936507937,22.6359126984127,2013,2012,2026
"11667",6741,268,1,2,0,7.30257936507937,22.6359126984127,2013,2012,6741
"11668",4714,260,1,2,0,7.30257936507937,22.6359126984127,2013,2012,4714
"11670",13825,341,1,2,0,7.30257936507937,22.6359126984127,2013,2012,13825
"11671",786,213,1,2,1,7.30257936507937,22.6359126984127,2013,2012,786
"12044",2364,292,1,2,0,-5.69742063492063,-40.3640873015873,2014,2013,2364
"12048",2944,273,1,2,0,-5.69742063492063,-40.3640873015873,2014,2013,2944
"12071",11981,388,4,2,0,-5.69742063492063,-40.3640873015873,2014,2010,11981
"12079",3278,385,5,2,0,-5.69742063492063,-40.3640873015873,2014,2009,3278
"12189",6287,257,1,2,0,-2.69742063492063,-40.3640873015873,2014,2013,6287
"12190",2629,267,1,2,0,-2.69742063492063,-40.3640873015873,2014,2013,2629
"12197",1560,356,2,2,0,-2.69742063492063,-40.3640873015873,2014,2012,1560
"12228",6600,222,1,2,0,0.302579365079367,-40.3640873015873,2014,2013,6600
"12229",12516,194,1,2,0,0.302579365079367,-40.3640873015873,2014,2013,12516
"12231",3171,291,1,2,0,0.302579365079367,-40.3640873015873,2014,2013,3171
"12234",5795,193,1,2,1,0.302579365079367,-40.3640873015873,2014,2013,5795
"12235",6654,387,2,2,0,0.302579365079367,-40.3640873015873,2014,2012,6654
"12237",8071,339,2,2,0,0.302579365079367,-40.3640873015873,2014,2012,8071
"12283",2037,270,2,2,0,4.30257936507937,-40.3640873015873,2014,2012,2037
"12297",13251,531,6,2,0,4.30257936507937,-40.3640873015873,2014,2008,13251
"12299",13557,374,6,2,0,4.30257936507937,-40.3640873015873,2014,2008,13557
"12306",11340,413,7,2,0,4.30257936507937,-40.3640873015873,2014,2007,11340
"12310",5691,554,7,2,0,4.30257936507937,-40.3640873015873,2014,2007,5691
"12313",3643,498,8,2,0,4.30257936507937,-40.3640873015873,2014,2006,3643
"12379",955,341,1,2,0,9.30257936507937,-65.3640873015873,1988,1987,955
"12670",11140,155,1,2,0,-7.69742063492063,-9.36408730158735,2015,2014,11140
"12676",348,262,1,2,0,-7.69742063492063,-9.36408730158735,2015,2014,348
"12678",520,205,1,2,0,-7.69742063492063,-9.36408730158735,2015,2014,520
"12679",2722,301,1,2,0,-7.69742063492063,-9.36408730158735,2015,2014,2722
"12681",10059,273,1,2,0,-7.69742063492063,-9.36408730158735,2015,2014,10059
"12685",2944,373,2,2,0,-7.69742063492063,-9.36408730158735,2015,2013,2944
"12686",12516,265,2,2,0,-7.69742063492063,-9.36408730158735,2015,2013,12516
"12688",3171,325,2,2,0,-7.69742063492063,-9.36408730158735,2015,2013,3171
"12689",9704,416,3,2,0,-7.69742063492063,-9.36408730158735,2015,2012,9704
"12691",1863,394,3,2,0,-7.69742063492063,-9.36408730158735,2015,2012,1863
"12692",4004,405,3,2,0,-7.69742063492063,-9.36408730158735,2015,2012,4004
"12694",9039,484,3,2,0,-7.69742063492063,-9.36408730158735,2015,2012,9039
"12696",8393,479,3,2,0,-7.69742063492063,-9.36408730158735,2015,2012,8393
"12703",6408,422,4,2,0,-7.69742063492063,-9.36408730158735,2015,2011,6408
"12705",12554,422,4,2,0,-7.69742063492063,-9.36408730158735,2015,2011,12554
"12727",10209,480,7,2,0,-7.69742063492063,-9.36408730158735,2015,2008,10209
"12770",14177,230,1,2,0,-4.69742063492063,-9.36408730158735,2015,2014,14177
"12776",2037,320,3,2,0,-4.69742063492063,-9.36408730158735,2015,2012,2037
"12777",1560,405,3,2,0,-4.69742063492063,-9.36408730158735,2015,2012,1560
"13102",13840,282,1,2,0,0.302579365079367,-78.3640873015873,2016,2015,13840
"13106",1395,252,1,2,0,0.302579365079367,-78.3640873015873,2016,2015,1395
"13107",768,235,1,2,0,0.302579365079367,-78.3640873015873,2016,2015,768
"13111",11140,235,2,2,0,0.302579365079367,-78.3640873015873,2016,2014,11140
"13112",9187,277,2,2,0,0.302579365079367,-78.3640873015873,2016,2014,9187
"13115",12861,288,2,2,0,0.302579365079367,-78.3640873015873,2016,2014,12861
"13119",520,304,2,2,0,0.302579365079367,-78.3640873015873,2016,2014,520
"13120",2722,360,2,2,0,0.302579365079367,-78.3640873015873,2016,2014,2722
"13121",2364,444,3,2,0,0.302579365079367,-78.3640873015873,2016,2013,2364
"13124",2944,450,3,2,0,0.302579365079367,-78.3640873015873,2016,2013,2944
"13125",6287,401,3,2,0,0.302579365079367,-78.3640873015873,2016,2013,6287
"13126",2629,436,3,2,0,0.302579365079367,-78.3640873015873,2016,2013,2629
"13131",6654,437,4,2,0,0.302579365079367,-78.3640873015873,2016,2012,6654
"13135",1863,431,4,2,0,0.302579365079367,-78.3640873015873,2016,2012,1863
"13137",8071,418,4,2,0,0.302579365079367,-78.3640873015873,2016,2012,8071
"13138",4004,426,4,2,0,0.302579365079367,-78.3640873015873,2016,2012,4004
"13139",9039,525,4,2,0,0.302579365079367,-78.3640873015873,2016,2012,9039
"13141",8393,511,4,2,0,0.302579365079367,-78.3640873015873,2016,2012,8393
"13147",6408,442,5,2,0,0.302579365079367,-78.3640873015873,2016,2011,6408
"13148",12554,423,5,2,0,0.302579365079367,-78.3640873015873,2016,2011,12554
"13191",6896,302,1,2,0,2.30257936507937,-78.3640873015873,2016,2015,6896
"13194",10059,362,2,2,0,2.30257936507937,-78.3640873015873,2016,2014,10059
"13227",10733,356,2,2,0,6.30257936507937,-78.3640873015873,2016,2014,10733
"13231",6600,379,3,2,0,6.30257936507937,-78.3640873015873,2016,2013,6600
"13233",11486,463,3,2,0,6.30257936507937,-78.3640873015873,2016,2013,11486
"13236",13871,369,3,2,0,6.30257936507937,-78.3640873015873,2016,2013,13871
"13238",8969,389,3,2,0,6.30257936507937,-78.3640873015873,2016,2013,8969
"13239",7039,384,3,2,0,6.30257936507937,-78.3640873015873,2016,2013,7039
"13277",6618,499,4,2,1,8.30257936507937,-78.3640873015873,2016,2012,6618
"13535",9610,282,1,2,0,-2.69742063492063,5.63591269841265,2017,2016,9610
"13537",13840,384,2,2,0,-2.69742063492063,5.63591269841265,2017,2015,13840
"13538",1395,366,2,2,0,-2.69742063492063,5.63591269841265,2017,2015,1395
"13540",8872,325,3,2,0,-2.69742063492063,5.63591269841265,2017,2014,8872
"13577",10463,244,1,2,0,2.30257936507937,5.63591269841265,2017,2016,10463
"13599",1863,449,5,2,0,-2.69742063492063,5.63591269841265,2017,2012,1863
"13601",9039,545,5,2,0,-2.69742063492063,5.63591269841265,2017,2012,9039
"13660",7061,256,1,2,0,0.302579365079367,5.63591269841265,2017,2016,7061
"13663",4964,208,1,2,1,0.302579365079367,5.63591269841265,2017,2016,4964
"13669",232,430,4,2,0,0.302579365079367,5.63591269841265,2017,2013,232
"13670",7211,406,4,2,0,0.302579365079367,5.63591269841265,2017,2013,7211
"13671",793,380,4,2,0,0.302579365079367,5.63591269841265,2017,2013,793
"13681",12423,215,1,2,0,0.302579365079367,5.63591269841265,2017,2016,12423
"13682",11461,117,1,2,0,0.302579365079367,5.63591269841265,2017,2016,11461
"13683",10769,299,1,2,0,0.302579365079367,5.63591269841265,2017,2016,10769
"13684",6343,243,1,2,0,0.302579365079367,5.63591269841265,2017,2016,6343
"13685",11140,283,3,2,0,0.302579365079367,5.63591269841265,2017,2014,11140
"13686",12861,341,3,2,0,0.302579365079367,5.63591269841265,2017,2014,12861
"13690",6896,376,2,2,0,0.302579365079367,5.63591269841265,2017,2015,6896
"13691",10059,437,3,2,0,0.302579365079367,5.63591269841265,2017,2014,10059
"13727",12411,326,2,2,0,5.30257936507937,5.63591269841265,2017,2015,12411
"13748",5330,263,1,2,0,5.30257936507937,5.63591269841265,2017,2016,5330
"13769",4284,107,1,2,0,7.30257936507937,5.63591269841265,2017,2016,4284
"13789",774,134,1,2,0,7.30257936507937,5.63591269841265,2017,2016,774
"14094",6343,318,2,2,0,-2.69742063492063,-144.364087301587,2018,2016,6343
"14175",2092,320,2,2,0,-2.69742063492063,-144.364087301587,2018,2016,2092
"14177",8253,348,2,2,0,-2.69742063492063,-144.364087301587,2018,2016,8253
"14206",6896,440,3,2,0,-0.697420634920633,-144.364087301587,2018,2015,6896
"14208",10059,479,4,2,0,-0.697420634920633,-144.364087301587,2018,2014,10059
"14407",12342,200,1,2,0,-2.69742063492063,-14.3640873015873,2019,2018,12342
"14412",2957,219,1,2,0,-2.69742063492063,-14.3640873015873,2019,2018,2957
"14413",10750,272,1,2,0,-2.69742063492063,-14.3640873015873,2019,2018,10750
"14460",2423,281,1,2,1,-2.69742063492063,-14.3640873015873,2019,2018,2423
"14461",9253,249,1,2,0,-2.69742063492063,-14.3640873015873,2019,2018,9253
"14463",5635,231,1,2,0,-2.69742063492063,-14.3640873015873,2019,2018,5635
"14466",7968,299,1,2,0,-2.69742063492063,-14.3640873015873,2019,2018,7968
"14468",4836,320,1,2,0,-2.69742063492063,-14.3640873015873,2019,2018,4836
"14471",12339,252,1,2,0,-2.69742063492063,-14.3640873015873,2019,2018,12339
"14501",1142,249,1,2,0,-2.69742063492063,-14.3640873015873,2019,2018,1142
"14502",13254,334,1,2,0,-2.69742063492063,-14.3640873015873,2019,2018,13254
"14503",7219,224,1,2,0,-2.69742063492063,-14.3640873015873,2019,2018,7219
"14506",6343,386,3,2,0,-2.69742063492063,-14.3640873015873,2019,2016,6343
"14520",1277,225,1,2,0,0.302579365079367,-14.3640873015873,2019,2018,1277
"14525",4790,302,1,2,0,0.302579365079367,-14.3640873015873,2019,2018,4790
"14526",9479,277,1,2,0,0.302579365079367,-14.3640873015873,2019,2018,9479
"14528",2092,427,3,2,0,0.302579365079367,-14.3640873015873,2019,2016,2092
"14529",8253,443,3,2,0,0.302579365079367,-14.3640873015873,2019,2016,8253
"14532",13840,512,4,2,0,0.302579365079367,-14.3640873015873,2019,2015,13840
"14533",1395,489,4,2,0,0.302579365079367,-14.3640873015873,2019,2015,1395
"14534",6896,474,4,2,0,0.302579365079367,-14.3640873015873,2019,2015,6896
"14535",10059,516,5,2,0,0.302579365079367,-14.3640873015873,2019,2014,10059
"14538",2944,570,6,2,0,0.302579365079367,-14.3640873015873,2019,2013,2944
"14539",2364,571,6,2,0,0.302579365079367,-14.3640873015873,2019,2013,2364
"14541",8071,454,7,2,0,0.302579365079367,-14.3640873015873,2019,2012,8071
"14542",12554,433,8,2,0,0.302579365079367,-14.3640873015873,2019,2011,12554
"14552",5322,237,1,2,0,0.302579365079367,-14.3640873015873,2019,2018,5322
"14565",7475,212,1,2,0,0.302579365079367,-14.3640873015873,2019,2018,7475
"14567",8172,267,1,2,0,0.302579365079367,-14.3640873015873,2019,2018,8172
"14569",3035,244,1,2,0,0.302579365079367,-14.3640873015873,2019,2018,3035
"14572",793,462,6,2,0,0.302579365079367,-14.3640873015873,2019,2013,793
"14573",7211,453,6,2,0,0.302579365079367,-14.3640873015873,2019,2013,7211
"14574",232,474,6,2,0,0.302579365079367,-14.3640873015873,2019,2013,232
"14581",774,227,3,2,0,3.30257936507937,-14.3640873015873,2019,2016,774
"14582",10733,473,5,2,0,3.30257936507937,-14.3640873015873,2019,2014,10733
"14584",11486,541,6,2,0,3.30257936507937,-14.3640873015873,2019,2013,11486
"14585",13871,450,6,2,0,3.30257936507937,-14.3640873015873,2019,2013,13871
"14586",6600,468,6,2,0,3.30257936507937,-14.3640873015873,2019,2013,6600
"14587",8969,489,6,2,0,3.30257936507937,-14.3640873015873,2019,2013,8969
"14588",7039,482,6,2,0,3.30257936507937,-14.3640873015873,2019,2013,7039
"14602",11931,205,1,2,0,3.30257936507937,-14.3640873015873,2019,2018,11931
"14603",7819,294,1,2,0,3.30257936507937,-14.3640873015873,2019,2018,7819
"14604",10616,216,1,2,0,3.30257936507937,-14.3640873015873,2019,2018,10616
"14605",14199,231,1,2,0,3.30257936507937,-14.3640873015873,2019,2018,14199
"14626",6387,365,3,2,0,4.30257936507937,-14.3640873015873,2019,2016,6387
"14845",9233,172,1,2,0,8.30257936507937,-20.3640873015873,2020,2019,9233
"14852",4790,375,2,2,0,8.30257936507937,-20.3640873015873,2020,2018,4790
"14887",3035,337,2,2,0,11.3025793650794,-20.3640873015873,2020,2018,3035
"14910",4836,450,2,2,0,12.3025793650794,-20.3640873015873,2020,2018,4836
"14924",8624,234,1,2,0,-6.69742063492063,-20.3640873015873,2020,2019,8624
"14942",1395,513,5,2,0,17.3025793650794,-20.3640873015873,2020,2015,1395
"14956",11622,148,1,2,0,1.30257936507937,-20.3640873015873,2020,2019,11622
"14959",8271,214,1,2,0,1.30257936507937,-20.3640873015873,2020,2019,8271
"14960",1923,179,1,2,0,1.30257936507937,-20.3640873015873,2020,2019,1923
"14962",7700,183,1,2,0,1.30257936507937,-20.3640873015873,2020,2019,7700
"18629",14002,297,2,2,0,0.302579365079367,34.6359126984127,2021,2019,14002
"18631",14008,200,2,2,0,0.302579365079367,34.6359126984127,2021,2019,14008
"18638",797,220,1,2,0,0.302579365079367,34.6359126984127,2021,2020,797
"18644",12739,223,1,2,1,0.302579365079367,34.6359126984127,2021,2020,12739
"18645",13616,218,1,2,1,0.302579365079367,34.6359126984127,2021,2020,13616
"18650",13139,244,1,2,0,0.302579365079367,34.6359126984127,2021,2020,13139
"18651",4693,176,1,2,0,0.302579365079367,34.6359126984127,2021,2020,4693
"18678",1142,390,3,2,0,0.302579365079367,34.6359126984127,2021,2018,1142
"18679",8172,437,3,2,0,0.302579365079367,34.6359126984127,2021,2018,8172
"18681",5635,369,3,2,0,0.302579365079367,34.6359126984127,2021,2018,5635
"18683",3035,405,3,2,0,0.302579365079367,34.6359126984127,2021,2018,3035
"18685",7219,383,3,2,0,0.302579365079367,34.6359126984127,2021,2018,7219
"18686",2957,421,3,2,0,0.302579365079367,34.6359126984127,2021,2018,2957
"18703",7768,264,1,2,0,2.30257936507937,34.6359126984127,2021,2020,7768
"18738",9187,365,7,2,0,5.30257936507937,34.6359126984127,2021,2014,9187
"18739",11140,351,7,2,0,5.30257936507937,34.6359126984127,2021,2014,11140
"18740",6896,530,6,2,0,5.30257936507937,34.6359126984127,2021,2015,6896
"18764",5322,401,3,2,0,5.30257936507937,34.6359126984127,2021,2018,5322
"18788",11696,176,1,2,0,7.30257936507937,34.6359126984127,2021,2020,11696
"18833",8969,496,8,2,0,9.30257936507937,34.6359126984127,2021,2013,8969
"18835",11486,574,8,2,0,9.30257936507937,34.6359126984127,2021,2013,11486
"18841",9137,361,2,2,0,9.30257936507937,34.6359126984127,2021,2019,9137
"18843",5794,407,2,2,0,9.30257936507937,34.6359126984127,2021,2019,5794
"18844",2614,384,2,2,0,9.30257936507937,34.6359126984127,2021,2019,2614
"18846",9156,244,2,2,0,9.30257936507937,34.6359126984127,2021,2019,9156
"18865",11931,341,3,2,0,9.30257936507937,34.6359126984127,2021,2018,11931
"18866",1596,454,3,2,0,9.30257936507937,34.6359126984127,2021,2018,1596
"18867",7819,454,3,2,0,9.30257936507937,34.6359126984127,2021,2018,7819
"19189",797,280,2,2,0,-1.69742063492063,-7.36408730158735,2022,2020,797
"19197",7768,338,2,2,0,-1.69742063492063,-7.36408730158735,2022,2020,7768
"19199",11637,161,1,2,0,-1.69742063492063,-7.36408730158735,2022,2021,11637
"19203",6377,283,1,2,0,-1.69742063492063,-7.36408730158735,2022,2021,6377
"19219",11140,345,8,2,0,0.302579365079367,-7.36408730158735,2022,2014,11140
"19221",6896,525,7,2,0,0.302579365079367,-7.36408730158735,2022,2015,6896
"19242",14008,243,3,2,0,0.302579365079367,-7.36408730158735,2022,2019,14008
"19246",4384,272,2,2,1,0.302579365079367,-7.36408730158735,2022,2020,4384
"19247",13139,300,2,2,0,0.302579365079367,-7.36408730158735,2022,2020,13139
"19249",4693,255,2,2,0,0.302579365079367,-7.36408730158735,2022,2020,4693
"19255",2193,209,1,2,0,0.302579365079367,-7.36408730158735,2022,2021,2193
"19263",5635,411,4,2,0,0.302579365079367,-7.36408730158735,2022,2018,5635
"19272",14074,299,2,2,0,2.30257936507937,-7.36408730158735,2022,2020,14074
"19273",1535,285,1,2,0,2.30257936507937,-7.36408730158735,2022,2021,1535
"19274",10891,230,1,2,0,2.30257936507937,-7.36408730158735,2022,2021,10891
"19320",6142,254,1,2,0,4.30257936507937,-7.36408730158735,2022,2021,6142
"19330",8172,473,4,2,0,5.30257936507937,-7.36408730158735,2022,2018,8172
"19331",3035,426,4,2,0,5.30257936507937,-7.36408730158735,2022,2018,3035
"19350",4495,422,3,2,0,6.30257936507937,-7.36408730158735,2022,2019,4495
"19355",7400,302,2,2,0,6.30257936507937,-7.36408730158735,2022,2020,7400
"19360",10759,528,4,2,0,6.30257936507937,-7.36408730158735,2022,2018,10759
