"","id","y","time","trait","measure","family","CapAgeYears","Twin","jdateMC","PopDensMC"
"416",4164,0,1986,"s","LBS","poisson",0,1,0,-200.930787589499
"418",14088,3,1986,"s","LBS","poisson",0,0,0,-200.930787589499
"419",3332,4,1986,"s","LBS","poisson",0,0,0,-200.930787589499
"420",12579,2,1986,"s","LBS","poisson",0,0,0,-200.930787589499
"421",7470,1,1986,"s","LBS","poisson",0,0,0,-200.930787589499
"423",7943,0,1986,"s","LBS","poisson",0,0,0,-200.930787589499
"424",1318,0,1986,"s","LBS","poisson",0,0,0,-200.930787589499
"470",8410,6,1986,"s","LBS","poisson",0,0,0,-200.930787589499
"505",9581,0,1986,"s","LBS","poisson",0,0,0,-200.930787589499
"517",11784,1,1986,"s","LBS","poisson",0,0,0,-200.930787589499
"659",4017,1,1986,"s","LBS","poisson",0,0,0,-200.930787589499
"664",10920,0,1987,"s","LBS","poisson",0,0,0,-80.9307875894988
"665",10427,0,1987,"s","LBS","poisson",0,0,0,-80.9307875894988
"666",4514,0,1987,"s","LBS","poisson",0,0,0,-80.9307875894988
"668",1492,0,1987,"s","LBS","poisson",0,1,0,-80.9307875894988
"669",2955,1,1987,"s","LBS","poisson",0,0,0,-80.9307875894988
"670",1641,19,1987,"s","LBS","poisson",0,1,0,-80.9307875894988
"671",10476,0,1987,"s","LBS","poisson",0,0,0,-80.9307875894988
"672",11996,0,1987,"s","LBS","poisson",0,0,0,-80.9307875894988
"673",10379,0,1987,"s","LBS","poisson",0,0,0,-80.9307875894988
"693",12322,0,1987,"s","LBS","poisson",0,0,0,-80.9307875894988
"695",6619,0,1987,"s","LBS","poisson",0,1,0,-80.9307875894988
"696",7187,0,1987,"s","LBS","poisson",0,1,0,-80.9307875894988
"701",6481,0,1986,"s","LBS","poisson",0,0,0,-200.930787589499
"725",3466,1,1987,"s","LBS","poisson",0,1,0,-80.9307875894988
"728",14298,0,1987,"s","LBS","poisson",0,0,0,-80.9307875894988
"729",4356,0,1987,"s","LBS","poisson",0,0,0,-80.9307875894988
"743",3641,0,1987,"s","LBS","poisson",0,0,0,-80.9307875894988
"760",2768,1,1986,"s","LBS","poisson",0,0,0,-200.930787589499
"761",12313,0,1987,"s","LBS","poisson",0,0,0,-80.9307875894988
"762",12241,0,1987,"s","LBS","poisson",0,0,0,-80.9307875894988
"763",3999,0,1987,"s","LBS","poisson",0,1,0,-80.9307875894988
"764",6994,0,1987,"s","LBS","poisson",0,0,0,-80.9307875894988
"770",7071,0,1987,"s","LBS","poisson",0,0,0,-80.9307875894988
"1019",955,13,1987,"s","LBS","poisson",0,0,0,-80.9307875894988
"1125",12175,9,1989,"s","LBS","poisson",0,0,0,-200.930787589499
"1128",2803,5,1989,"s","LBS","poisson",0,1,0,-200.930787589499
"1129",14112,6,1989,"s","LBS","poisson",0,0,0,-200.930787589499
"1130",11590,6,1989,"s","LBS","poisson",0,0,0,-200.930787589499
"1146",3610,49,1989,"s","LBS","poisson",0,0,0,-200.930787589499
"1158",11979,3,1988,"s","LBS","poisson",0,0,0,45.0692124105012
"1159",7267,2,1989,"s","LBS","poisson",0,0,0,-200.930787589499
"1161",10095,7,1989,"s","LBS","poisson",0,0,0,-200.930787589499
"1210",5562,55,1989,"s","LBS","poisson",0,0,0,-200.930787589499
"1213",197,0,1989,"s","LBS","poisson",0,0,0,-200.930787589499
"1308",8195,6,1990,"s","LBS","poisson",0,0,0,-121.930787589499
"1310",7159,8,1990,"s","LBS","poisson",0,0,0,-121.930787589499
"1311",5344,1,1990,"s","LBS","poisson",0,0,0,-121.930787589499
"1312",2725,45,1990,"s","LBS","poisson",0,0,0,-121.930787589499
"1313",7303,0,1990,"s","LBS","poisson",0,1,0,-121.930787589499
"1339",13051,1,1990,"s","LBS","poisson",0,1,0,-121.930787589499
"1405",8553,0,1990,"s","LBS","poisson",0,1,0,-121.930787589499
"1406",2380,11,1990,"s","LBS","poisson",0,1,0,-121.930787589499
"1407",6712,5,1990,"s","LBS","poisson",0,0,0,-121.930787589499
"1408",2208,1,1990,"s","LBS","poisson",0,0,0,-121.930787589499
"1409",11436,15,1990,"s","LBS","poisson",0,0,0,-121.930787589499
"1410",8341,2,1990,"s","LBS","poisson",0,1,0,-121.930787589499
"1411",13524,3,1990,"s","LBS","poisson",0,1,0,-121.930787589499
"1415",11348,23,1989,"s","LBS","poisson",0,1,0,-200.930787589499
"1460",13000,1,1990,"s","LBS","poisson",0,0,0,-121.930787589499
"1461",10387,0,1990,"s","LBS","poisson",0,1,0,-121.930787589499
"1463",13995,2,1990,"s","LBS","poisson",0,1,0,-121.930787589499
"1464",5910,22,1990,"s","LBS","poisson",0,1,0,-121.930787589499
"1466",4130,11,1989,"s","LBS","poisson",0,0,0,-200.930787589499
"1472",1438,0,1990,"s","LBS","poisson",0,0,0,-121.930787589499
"1480",11829,18,1990,"s","LBS","poisson",0,0,0,-121.930787589499
"1483",4870,1,1990,"s","LBS","poisson",0,1,0,-121.930787589499
"1486",10396,1,1990,"s","LBS","poisson",0,0,0,-121.930787589499
"1487",4489,2,1990,"s","LBS","poisson",0,0,0,-121.930787589499
"1495",934,0,1990,"s","LBS","poisson",0,1,0,-121.930787589499
"1503",5641,0,1990,"s","LBS","poisson",0,0,0,-121.930787589499
"1504",8728,0,1990,"s","LBS","poisson",0,0,0,-121.930787589499
"1515",11532,0,1990,"s","LBS","poisson",0,1,0,-121.930787589499
"1516",875,5,1990,"s","LBS","poisson",0,0,0,-121.930787589499
"1518",10354,0,1990,"s","LBS","poisson",0,0,0,-121.930787589499
"1519",9765,1,1990,"s","LBS","poisson",0,0,0,-121.930787589499
"1632",9482,5,1991,"s","LBS","poisson",0,0,0,2.06921241050117
"1664",13084,0,1991,"s","LBS","poisson",0,0,0,2.06921241050117
"1665",7402,0,1991,"s","LBS","poisson",0,1,0,2.06921241050117
"1670",5205,1,1990,"s","LBS","poisson",0,0,0,-121.930787589499
"1675",3910,11,1991,"s","LBS","poisson",0,0,0,2.06921241050117
"1731",5102,0,1991,"s","LBS","poisson",0,0,0,2.06921241050117
"1733",11579,1,1991,"s","LBS","poisson",0,0,0,2.06921241050117
"1734",6108,30,1991,"s","LBS","poisson",0,0,0,2.06921241050117
"1787",9509,1,1991,"s","LBS","poisson",0,0,0,2.06921241050117
"1788",1546,1,1991,"s","LBS","poisson",0,1,0,2.06921241050117
"1789",4341,2,1991,"s","LBS","poisson",0,0,0,2.06921241050117
"1797",12400,3,1991,"s","LBS","poisson",0,0,0,2.06921241050117
"1887",9732,0,1992,"s","LBS","poisson",0,0,0,-90.9307875894988
"1890",9421,13,1992,"s","LBS","poisson",0,0,0,-90.9307875894988
"1891",9760,4,1992,"s","LBS","poisson",0,1,0,-90.9307875894988
"1892",6370,0,1992,"s","LBS","poisson",0,0,0,-90.9307875894988
"1893",5931,0,1992,"s","LBS","poisson",0,0,0,-90.9307875894988
"1921",12562,8,1987,"s","LBS","poisson",0,0,0,-80.9307875894988
"1932",8413,0,1992,"s","LBS","poisson",0,0,0,-90.9307875894988
"1939",827,0,1992,"s","LBS","poisson",0,0,0,-90.9307875894988
"1941",1769,1,1992,"s","LBS","poisson",0,0,0,-90.9307875894988
"1944",12607,11,1992,"s","LBS","poisson",0,0,0,-90.9307875894988
"1948",13307,0,1992,"s","LBS","poisson",0,0,0,-90.9307875894988
"1972",3597,2,1992,"s","LBS","poisson",0,0,0,-90.9307875894988
"1999",1490,0,1992,"s","LBS","poisson",0,0,0,-90.9307875894988
"2000",12740,25,1992,"s","LBS","poisson",0,0,0,-90.9307875894988
"2007",3238,2,1992,"s","LBS","poisson",0,0,0,-90.9307875894988
"2009",2541,14,1992,"s","LBS","poisson",0,0,0,-90.9307875894988
"2011",3595,0,1992,"s","LBS","poisson",0,0,0,-90.9307875894988
"2021",11867,0,1992,"s","LBS","poisson",0,0,0,-90.9307875894988
"2031",9967,4,1992,"s","LBS","poisson",0,1,0,-90.9307875894988
"2034",8219,4,1992,"s","LBS","poisson",0,0,0,-90.9307875894988
"2065",5038,0,1992,"s","LBS","poisson",0,1,0,-90.9307875894988
"2079",13555,1,1992,"s","LBS","poisson",0,0,0,-90.9307875894988
"2089",10766,30,1992,"s","LBS","poisson",0,0,0,-90.9307875894988
"2129",6912,0,1993,"s","LBS","poisson",0,1,0,31.0692124105012
"2134",2173,3,1992,"s","LBS","poisson",0,0,0,-90.9307875894988
"2166",8692,0,1993,"s","LBS","poisson",0,1,0,31.0692124105012
"2219",630,7,1993,"s","LBS","poisson",0,0,0,31.0692124105012
"2220",13789,0,1993,"s","LBS","poisson",0,0,0,31.0692124105012
"2221",876,0,1993,"s","LBS","poisson",0,0,0,31.0692124105012
"2222",2841,4,1993,"s","LBS","poisson",0,0,0,31.0692124105012
"2278",4894,13,1989,"s","LBS","poisson",0,0,0,-200.930787589499
"2433",11215,3,1993,"s","LBS","poisson",0,0,0,31.0692124105012
"2434",8137,1,1993,"s","LBS","poisson",0,0,0,31.0692124105012
"2438",3747,15,1993,"s","LBS","poisson",0,0,0,31.0692124105012
"2507",2650,11,1990,"s","LBS","poisson",0,0,0,-121.930787589499
"2508",9498,6,1993,"s","LBS","poisson",0,1,0,31.0692124105012
"2511",13278,3,1993,"s","LBS","poisson",0,0,0,31.0692124105012
"2555",5770,3,1995,"s","LBS","poisson",0,0,0,-54.9307875894988
"2590",6518,18,1995,"s","LBS","poisson",0,0,0,-54.9307875894988
"2593",7515,2,1995,"s","LBS","poisson",0,0,0,-54.9307875894988
"2625",9542,1,1995,"s","LBS","poisson",0,1,0,-54.9307875894988
"2628",10052,1,1995,"s","LBS","poisson",0,0,0,-54.9307875894988
"2630",14254,0,1995,"s","LBS","poisson",0,0,0,-54.9307875894988
"2634",11220,0,1995,"s","LBS","poisson",0,0,0,-54.9307875894988
"2637",8051,5,1995,"s","LBS","poisson",0,0,0,-54.9307875894988
"2638",9195,1,1995,"s","LBS","poisson",0,0,0,-54.9307875894988
"2640",97,58,1995,"s","LBS","poisson",0,0,0,-54.9307875894988
"2668",2114,0,1995,"s","LBS","poisson",0,1,0,-54.9307875894988
"2675",9608,1,1995,"s","LBS","poisson",0,0,0,-54.9307875894988
"2693",1841,0,1995,"s","LBS","poisson",0,0,0,-54.9307875894988
"2707",9816,0,1995,"s","LBS","poisson",0,1,0,-54.9307875894988
"2765",14244,0,1995,"s","LBS","poisson",0,0,0,-54.9307875894988
"2767",4402,0,1995,"s","LBS","poisson",0,0,0,-54.9307875894988
"2772",954,38,1995,"s","LBS","poisson",0,1,0,-54.9307875894988
"2785",13007,0,1995,"s","LBS","poisson",0,0,0,-54.9307875894988
"2788",8962,1,1995,"s","LBS","poisson",0,0,0,-54.9307875894988
"2789",13074,3,1995,"s","LBS","poisson",0,0,0,-54.9307875894988
"2808",6052,1,1995,"s","LBS","poisson",0,1,0,-54.9307875894988
"2810",530,3,1995,"s","LBS","poisson",0,1,0,-54.9307875894988
"2816",4396,0,1995,"s","LBS","poisson",0,0,0,-54.9307875894988
"2836",8519,0,1995,"s","LBS","poisson",0,0,0,-54.9307875894988
"2859",3507,0,1995,"s","LBS","poisson",0,0,0,-54.9307875894988
"2861",12657,3,1995,"s","LBS","poisson",0,0,0,-54.9307875894988
"2873",12670,0,1995,"s","LBS","poisson",0,0,0,-54.9307875894988
"2877",2068,0,1995,"s","LBS","poisson",0,0,0,-54.9307875894988
"2881",10146,14,1993,"s","LBS","poisson",0,0,0,31.0692124105012
"2902",12841,15,1995,"s","LBS","poisson",0,0,0,-54.9307875894988
"2913",1245,15,1995,"s","LBS","poisson",0,0,0,-54.9307875894988
"3032",5025,0,1994,"s","LBS","poisson",0,0,0,23.0692124105012
"3059",13521,1,1995,"s","LBS","poisson",0,0,0,-54.9307875894988
"3062",437,0,1996,"s","LBS","poisson",0,0,0,163.069212410501
"3063",12752,16,1996,"s","LBS","poisson",0,0,0,163.069212410501
"3064",3806,0,1996,"s","LBS","poisson",0,1,0,163.069212410501
"3067",13985,0,1996,"s","LBS","poisson",0,0,0,163.069212410501
"3069",6342,1,1996,"s","LBS","poisson",0,0,0,163.069212410501
"3070",1120,2,1996,"s","LBS","poisson",0,1,0,163.069212410501
"3197",3073,0,1996,"s","LBS","poisson",0,0,0,163.069212410501
"3202",14037,0,1996,"s","LBS","poisson",0,0,0,163.069212410501
"3203",6694,12,1996,"s","LBS","poisson",0,0,0,163.069212410501
"3204",2463,0,1996,"s","LBS","poisson",0,0,0,163.069212410501
"3249",5007,0,1996,"s","LBS","poisson",0,0,0,163.069212410501
"3254",7906,1,1996,"s","LBS","poisson",0,0,0,163.069212410501
"3319",11731,0,1997,"s","LBS","poisson",0,0,0,130.069212410501
"3320",1632,0,1997,"s","LBS","poisson",0,0,0,130.069212410501
"3322",13880,0,1997,"s","LBS","poisson",0,0,0,130.069212410501
"3324",9208,0,1997,"s","LBS","poisson",0,0,0,130.069212410501
"3399",4469,4,1997,"s","LBS","poisson",0,0,0,130.069212410501
"3401",320,0,1997,"s","LBS","poisson",0,0,0,130.069212410501
"3404",10173,0,1996,"s","LBS","poisson",0,0,0,163.069212410501
"3469",140,0,1997,"s","LBS","poisson",0,0,0,130.069212410501
"3472",3559,8,1997,"s","LBS","poisson",0,0,0,130.069212410501
"3481",13920,0,1997,"s","LBS","poisson",0,0,0,130.069212410501
"3535",5708,0,1996,"s","LBS","poisson",0,0,0,163.069212410501
"3551",4024,0,1996,"s","LBS","poisson",0,0,0,163.069212410501
"3552",9393,0,1996,"s","LBS","poisson",0,1,0,163.069212410501
"3553",3644,6,1995,"s","LBS","poisson",0,0,0,-54.9307875894988
"3778",229,2,1998,"s","LBS","poisson",0,0,0,179.069212410501
"3874",10457,4,1997,"s","LBS","poisson",0,0,0,130.069212410501
"3990",4597,2,1999,"s","LBS","poisson",0,0,0,-86.9307875894988
"3991",9060,1,1999,"s","LBS","poisson",0,0,0,-86.9307875894988
"3992",1858,49,1999,"s","LBS","poisson",0,0,0,-86.9307875894988
"3994",1260,2,1999,"s","LBS","poisson",0,1,0,-86.9307875894988
"3995",5865,25,1999,"s","LBS","poisson",0,1,0,-86.9307875894988
"3996",5893,10,1999,"s","LBS","poisson",0,0,0,-86.9307875894988
"3997",6898,1,1999,"s","LBS","poisson",0,0,0,-86.9307875894988
"4004",10634,0,1999,"s","LBS","poisson",0,1,0,-86.9307875894988
"4056",2508,3,1999,"s","LBS","poisson",0,0,0,-86.9307875894988
"4057",11665,0,1999,"s","LBS","poisson",0,0,0,-86.9307875894988
"4058",2027,2,1999,"s","LBS","poisson",0,0,0,-86.9307875894988
"4059",8425,0,1999,"s","LBS","poisson",0,0,0,-86.9307875894988
"4060",10767,0,1999,"s","LBS","poisson",0,0,0,-86.9307875894988
"4061",6381,2,1999,"s","LBS","poisson",0,0,0,-86.9307875894988
"4063",8882,2,1999,"s","LBS","poisson",0,0,0,-86.9307875894988
"4114",9348,2,1999,"s","LBS","poisson",0,0,0,-86.9307875894988
"4116",2265,48,1999,"s","LBS","poisson",0,0,0,-86.9307875894988
"4120",2825,8,1999,"s","LBS","poisson",0,0,0,-86.9307875894988
"4125",1107,17,1996,"s","LBS","poisson",0,1,0,163.069212410501
"4138",11193,1,1999,"s","LBS","poisson",0,1,0,-86.9307875894988
"4139",7258,5,1999,"s","LBS","poisson",0,0,0,-86.9307875894988
"4356",6594,1,2000,"s","LBS","poisson",0,0,0,49.0692124105012
"4358",6306,0,2000,"s","LBS","poisson",0,0,0,49.0692124105012
"4363",3070,0,2000,"s","LBS","poisson",0,1,0,49.0692124105012
"4364",8593,69,2000,"s","LBS","poisson",0,1,0,49.0692124105012
"4365",2457,0,2000,"s","LBS","poisson",0,0,0,49.0692124105012
"4367",12363,3,2000,"s","LBS","poisson",0,1,0,49.0692124105012
"4369",977,0,2000,"s","LBS","poisson",0,0,0,49.0692124105012
"4371",8765,21,2000,"s","LBS","poisson",0,1,0,49.0692124105012
"4372",13543,0,2000,"s","LBS","poisson",0,0,0,49.0692124105012
"4374",11832,1,2000,"s","LBS","poisson",0,0,0,49.0692124105012
"4377",2089,1,1999,"s","LBS","poisson",0,0,0,-86.9307875894988
"4379",355,3,1999,"s","LBS","poisson",0,0,0,-86.9307875894988
"4380",7793,0,1999,"s","LBS","poisson",0,0,0,-86.9307875894988
"4382",7408,0,1999,"s","LBS","poisson",0,1,0,-86.9307875894988
"4384",554,7,1999,"s","LBS","poisson",0,0,0,-86.9307875894988
"4444",5848,1,2000,"s","LBS","poisson",0,0,0,49.0692124105012
"4445",1846,0,2000,"s","LBS","poisson",0,0,0,49.0692124105012
"4446",11646,0,2000,"s","LBS","poisson",0,1,0,49.0692124105012
"4449",4968,0,2000,"s","LBS","poisson",0,0,0,49.0692124105012
"4452",425,0,2000,"s","LBS","poisson",0,0,0,49.0692124105012
"4453",649,0,2000,"s","LBS","poisson",0,0,0,49.0692124105012
"4503",10186,0,2000,"s","LBS","poisson",0,1,0,49.0692124105012
"4504",8939,0,2000,"s","LBS","poisson",0,1,0,49.0692124105012
"4506",4083,1,2000,"s","LBS","poisson",0,0,0,49.0692124105012
"4507",10722,0,2000,"s","LBS","poisson",0,0,0,49.0692124105012
"4509",8456,0,2000,"s","LBS","poisson",0,0,0,49.0692124105012
"4512",14275,1,2000,"s","LBS","poisson",0,1,0,49.0692124105012
"4513",1719,1,2000,"s","LBS","poisson",0,0,0,49.0692124105012
"4518",7121,0,2000,"s","LBS","poisson",0,0,0,49.0692124105012
"4520",12724,13,2000,"s","LBS","poisson",0,0,0,49.0692124105012
"4590",697,0,2000,"s","LBS","poisson",0,0,0,49.0692124105012
"4591",4982,0,2000,"s","LBS","poisson",0,1,0,49.0692124105012
"4595",7737,0,1999,"s","LBS","poisson",0,0,0,-86.9307875894988
"4596",1834,0,1999,"s","LBS","poisson",0,0,0,-86.9307875894988
"4597",1297,0,1999,"s","LBS","poisson",0,0,0,-86.9307875894988
"4600",1085,1,1999,"s","LBS","poisson",0,0,0,-86.9307875894988
"6369",10867,31,2000,"s","LBS","poisson",0,0,0,49.0692124105012
"6370",9825,2,2000,"s","LBS","poisson",0,0,0,49.0692124105012
"6377",12668,34,2000,"s","LBS","poisson",0,0,0,49.0692124105012
"6407",8537,16,1999,"s","LBS","poisson",0,0,0,-86.9307875894988
"6536",12802,0,2001,"s","LBS","poisson",0,0,0,239.069212410501
"6537",5580,4,2000,"s","LBS","poisson",0,0,0,49.0692124105012
"6551",1788,31,1999,"s","LBS","poisson",0,0,0,-86.9307875894988
"6794",8873,1,2002,"s","LBS","poisson",0,0,0,-76.9307875894988
"6795",10827,6,2002,"s","LBS","poisson",0,0,0,-76.9307875894988
"6797",11837,1,2002,"s","LBS","poisson",0,0,0,-76.9307875894988
"6799",9620,53,2002,"s","LBS","poisson",0,0,0,-76.9307875894988
"6800",9229,1,2002,"s","LBS","poisson",0,0,0,-76.9307875894988
"6801",5949,6,2002,"s","LBS","poisson",0,1,0,-76.9307875894988
"6802",9757,2,2002,"s","LBS","poisson",0,0,0,-76.9307875894988
"6803",11005,1,2002,"s","LBS","poisson",0,0,0,-76.9307875894988
"6805",3376,5,2002,"s","LBS","poisson",0,0,0,-76.9307875894988
"6806",8210,4,2002,"s","LBS","poisson",0,0,0,-76.9307875894988
"6809",12138,1,2002,"s","LBS","poisson",0,0,0,-76.9307875894988
"6811",4117,2,2002,"s","LBS","poisson",0,0,0,-76.9307875894988
"6813",13253,5,2002,"s","LBS","poisson",0,0,0,-76.9307875894988
"6814",5426,107,2002,"s","LBS","poisson",0,0,0,-76.9307875894988
"6818",12076,2,2002,"s","LBS","poisson",0,0,0,-76.9307875894988
"6820",3333,0,2002,"s","LBS","poisson",0,1,0,-76.9307875894988
"6821",11300,1,2002,"s","LBS","poisson",0,0,0,-76.9307875894988
"6822",9598,1,2002,"s","LBS","poisson",0,0,0,-76.9307875894988
"6824",13829,0,2002,"s","LBS","poisson",0,0,0,-76.9307875894988
"6826",4973,0,2002,"s","LBS","poisson",0,0,0,-76.9307875894988
"6827",3761,1,2002,"s","LBS","poisson",0,0,0,-76.9307875894988
"6881",8818,32,2002,"s","LBS","poisson",0,0,0,-76.9307875894988
"6883",5113,1,2002,"s","LBS","poisson",0,0,0,-76.9307875894988
"6884",13981,7,2002,"s","LBS","poisson",0,0,0,-76.9307875894988
"6885",12177,4,2002,"s","LBS","poisson",0,0,0,-76.9307875894988
"6938",1311,0,2002,"s","LBS","poisson",0,0,0,-76.9307875894988
"6940",9018,1,2002,"s","LBS","poisson",0,0,0,-76.9307875894988
"6943",10576,2,2002,"s","LBS","poisson",0,0,0,-76.9307875894988
"6946",6575,5,2002,"s","LBS","poisson",0,0,0,-76.9307875894988
"6947",13801,0,2002,"s","LBS","poisson",0,0,0,-76.9307875894988
"6999",8232,37,2002,"s","LBS","poisson",0,0,0,-76.9307875894988
"7002",1733,1,2002,"s","LBS","poisson",0,1,0,-76.9307875894988
"7005",8035,0,2002,"s","LBS","poisson",0,0,0,-76.9307875894988
"7259",10880,101,2003,"s","LBS","poisson",0,0,0,82.0692124105012
"7265",8774,0,2003,"s","LBS","poisson",0,0,0,82.0692124105012
"7266",710,7,2003,"s","LBS","poisson",0,1,0,82.0692124105012
"7270",12687,9,2003,"s","LBS","poisson",0,1,0,82.0692124105012
"7274",12970,2,2003,"s","LBS","poisson",0,0,0,82.0692124105012
"7276",9283,1,2003,"s","LBS","poisson",0,0,0,82.0692124105012
"7278",3858,1,2003,"s","LBS","poisson",0,1,0,82.0692124105012
"7279",9181,0,2003,"s","LBS","poisson",0,1,0,82.0692124105012
"7283",13085,0,2003,"s","LBS","poisson",0,1,0,82.0692124105012
"7288",10386,0,2003,"s","LBS","poisson",0,1,0,82.0692124105012
"7290",1699,1,2003,"s","LBS","poisson",0,0,0,82.0692124105012
"7296",3959,13,2003,"s","LBS","poisson",0,0,0,82.0692124105012
"7299",11904,0,2003,"s","LBS","poisson",0,0,0,82.0692124105012
"7306",3458,0,2002,"s","LBS","poisson",0,0,0,-76.9307875894988
"7323",1882,0,2002,"s","LBS","poisson",0,0,0,-76.9307875894988
"7407",1538,1,2003,"s","LBS","poisson",0,1,0,82.0692124105012
"7409",3986,0,2003,"s","LBS","poisson",0,0,0,82.0692124105012
"7414",9107,3,2002,"s","LBS","poisson",0,0,0,-76.9307875894988
"7420",116,2,2002,"s","LBS","poisson",0,0,0,-76.9307875894988
"7421",4970,8,2002,"s","LBS","poisson",0,0,0,-76.9307875894988
"7422",2526,2,2002,"s","LBS","poisson",0,0,0,-76.9307875894988
"7425",8216,1,2002,"s","LBS","poisson",0,0,0,-76.9307875894988
"7426",2180,3,2002,"s","LBS","poisson",0,0,0,-76.9307875894988
"7474",14309,18,2003,"s","LBS","poisson",0,0,0,82.0692124105012
"7477",3,14,2003,"s","LBS","poisson",0,0,0,82.0692124105012
"7482",1112,0,2003,"s","LBS","poisson",0,0,0,82.0692124105012
"7483",10745,1,2003,"s","LBS","poisson",0,0,0,82.0692124105012
"7485",1326,5,2003,"s","LBS","poisson",0,0,0,82.0692124105012
"7486",3299,0,2002,"s","LBS","poisson",0,0,0,-76.9307875894988
"7489",2402,2,2002,"s","LBS","poisson",0,1,0,-76.9307875894988
"7493",8981,5,2001,"s","LBS","poisson",0,0,0,239.069212410501
"8008",7264,0,2004,"s","LBS","poisson",0,0,0,259.069212410501
"8009",4405,43,2004,"s","LBS","poisson",0,0,0,259.069212410501
"8188",8736,1,2005,"s","LBS","poisson",0,0,0,-6.93078758949883
"8198",1299,2,2005,"s","LBS","poisson",0,0,0,-6.93078758949883
"8205",8460,39,2003,"s","LBS","poisson",0,0,0,82.0692124105012
"8254",9062,2,2005,"s","LBS","poisson",0,0,0,-6.93078758949883
"8255",4062,2,2005,"s","LBS","poisson",0,0,0,-6.93078758949883
"8258",8453,1,2005,"s","LBS","poisson",0,0,0,-6.93078758949883
"8279",4671,6,2003,"s","LBS","poisson",0,1,0,82.0692124105012
"8280",3689,0,2003,"s","LBS","poisson",0,1,0,82.0692124105012
"8283",451,3,2003,"s","LBS","poisson",0,0,0,82.0692124105012
"8305",1148,0,2005,"s","LBS","poisson",0,0,0,-6.93078758949883
"8308",8887,6,2003,"s","LBS","poisson",0,0,0,82.0692124105012
"8310",14007,5,2003,"s","LBS","poisson",0,0,0,82.0692124105012
"8314",10973,17,2003,"s","LBS","poisson",0,1,0,82.0692124105012
"8315",2035,5,2003,"s","LBS","poisson",0,0,0,82.0692124105012
"8317",9263,6,2002,"s","LBS","poisson",0,0,0,-76.9307875894988
"8617",9558,4,2006,"s","LBS","poisson",0,0,0,55.0692124105012
"8630",3643,39,2006,"s","LBS","poisson",0,0,0,55.0692124105012
"8631",9795,24,2006,"s","LBS","poisson",0,0,0,55.0692124105012
"8633",13519,16,2005,"s","LBS","poisson",0,0,0,-6.93078758949883
"8762",5779,3,2006,"s","LBS","poisson",0,0,0,55.0692124105012
"8765",13855,24,2006,"s","LBS","poisson",0,0,0,55.0692124105012
"8770",2645,7,2006,"s","LBS","poisson",0,0,0,55.0692124105012
"8783",11947,4,2005,"s","LBS","poisson",0,0,0,-6.93078758949883
"8831",1643,58,2003,"s","LBS","poisson",0,0,0,82.0692124105012
"8835",9547,7,2003,"s","LBS","poisson",0,0,0,82.0692124105012
"9011",1414,24,2007,"s","LBS","poisson",0,0,0,35.0692124105012
"9012",11983,2,2007,"s","LBS","poisson",0,0,0,35.0692124105012
"9013",4358,18,2007,"s","LBS","poisson",0,0,0,35.0692124105012
"9019",13484,2,2007,"s","LBS","poisson",0,1,0,35.0692124105012
"9024",145,2,2007,"s","LBS","poisson",0,1,0,35.0692124105012
"9027",4166,0,2007,"s","LBS","poisson",0,0,0,35.0692124105012
"9029",686,5,2007,"s","LBS","poisson",0,0,0,35.0692124105012
"9036",8349,30,2006,"s","LBS","poisson",0,0,0,55.0692124105012
"9065",6222,8,2003,"s","LBS","poisson",0,0,0,82.0692124105012
"9117",11340,18,2007,"s","LBS","poisson",0,0,0,35.0692124105012
"9121",10660,6,2007,"s","LBS","poisson",0,0,0,35.0692124105012
"9125",13299,0,2007,"s","LBS","poisson",0,0,0,35.0692124105012
"9126",5691,74,2007,"s","LBS","poisson",0,0,0,35.0692124105012
"9127",2909,0,2007,"s","LBS","poisson",0,0,0,35.0692124105012
"9183",10289,1,2007,"s","LBS","poisson",0,0,0,35.0692124105012
"9184",3045,4,2007,"s","LBS","poisson",0,0,0,35.0692124105012
"9186",14328,2,2007,"s","LBS","poisson",0,0,0,35.0692124105012
"9187",8540,1,2007,"s","LBS","poisson",0,0,0,35.0692124105012
"9191",10798,4,2006,"s","LBS","poisson",0,0,0,55.0692124105012
"9246",2789,0,2007,"s","LBS","poisson",0,0,0,35.0692124105012
"9248",300,0,2007,"s","LBS","poisson",0,0,0,35.0692124105012
"9250",9388,2,2007,"s","LBS","poisson",0,0,0,35.0692124105012
"9415",7792,0,2007,"s","LBS","poisson",0,0,0,35.0692124105012
"9416",3596,6,2007,"s","LBS","poisson",0,1,0,35.0692124105012
"9465",3759,2,2008,"s","LBS","poisson",0,0,0,155.069212410501
"9471",13160,0,2008,"s","LBS","poisson",0,0,0,155.069212410501
"9472",9526,5,2008,"s","LBS","poisson",0,1,0,155.069212410501
"9473",6715,0,2008,"s","LBS","poisson",0,0,0,155.069212410501
"9482",13557,19,2008,"s","LBS","poisson",0,0,0,155.069212410501
"9579",13251,32,2008,"s","LBS","poisson",0,0,0,155.069212410501
"9580",12408,0,2008,"s","LBS","poisson",0,0,0,155.069212410501
"9581",7305,1,2008,"s","LBS","poisson",0,1,0,155.069212410501
"9585",11953,0,2008,"s","LBS","poisson",0,1,0,155.069212410501
"9588",11892,11,2008,"s","LBS","poisson",0,0,0,155.069212410501
"9590",6119,0,2008,"s","LBS","poisson",0,1,0,155.069212410501
"9592",7076,1,2007,"s","LBS","poisson",0,0,0,35.0692124105012
"9596",1012,12,2007,"s","LBS","poisson",0,0,0,35.0692124105012
"9894",4018,1,2009,"s","LBS","poisson",0,0,0,205.069212410501
"9895",9447,3,2009,"s","LBS","poisson",0,0,0,205.069212410501
"9896",11713,15,2009,"s","LBS","poisson",0,0,0,205.069212410501
"9897",12454,0,2009,"s","LBS","poisson",0,0,0,205.069212410501
"9957",3136,0,2009,"s","LBS","poisson",0,0,0,205.069212410501
"9959",10855,1,2009,"s","LBS","poisson",0,0,0,205.069212410501
"9961",6162,1,2009,"s","LBS","poisson",0,0,0,205.069212410501
"9968",7214,1,2009,"s","LBS","poisson",0,0,0,205.069212410501
"9969",8507,0,2009,"s","LBS","poisson",0,0,0,205.069212410501
"9970",2426,0,2009,"s","LBS","poisson",0,0,0,205.069212410501
"9971",12371,18,2009,"s","LBS","poisson",0,0,0,205.069212410501
"9976",3563,1,2008,"s","LBS","poisson",0,0,0,155.069212410501
"9979",9907,0,2008,"s","LBS","poisson",0,0,0,155.069212410501
"9989",271,5,2007,"s","LBS","poisson",0,0,0,35.0692124105012
"10021",2133,0,2009,"s","LBS","poisson",0,0,0,205.069212410501
"10030",1061,0,2008,"s","LBS","poisson",0,0,0,155.069212410501
"10104",582,20,2009,"s","LBS","poisson",0,0,0,205.069212410501
"10107",13200,1,2009,"s","LBS","poisson",0,0,0,205.069212410501
"10108",8853,0,2009,"s","LBS","poisson",0,0,0,205.069212410501
"10112",10390,0,2009,"s","LBS","poisson",0,0,0,205.069212410501
"10116",3278,3,2009,"s","LBS","poisson",0,0,0,205.069212410501
"10118",12514,0,2009,"s","LBS","poisson",0,0,0,205.069212410501
"10122",10097,29,2009,"s","LBS","poisson",0,0,0,205.069212410501
"10123",11174,1,2009,"s","LBS","poisson",0,0,0,205.069212410501
"10125",9804,0,2009,"s","LBS","poisson",0,0,0,205.069212410501
"10135",3657,0,2008,"s","LBS","poisson",0,0,0,155.069212410501
"10168",11111,0,2007,"s","LBS","poisson",0,0,0,35.0692124105012
"10518",11810,8,2010,"s","LBS","poisson",0,0,0,260.069212410501
"10520",10382,0,2010,"s","LBS","poisson",0,0,0,260.069212410501
"10639",1134,0,2010,"s","LBS","poisson",0,0,0,260.069212410501
"10641",485,0,2010,"s","LBS","poisson",0,0,0,260.069212410501
"10642",11981,15,2010,"s","LBS","poisson",0,0,0,260.069212410501
"10699",3156,0,2009,"s","LBS","poisson",0,1,0,205.069212410501
"10704",9718,0,2009,"s","LBS","poisson",0,0,0,205.069212410501
"10711",7421,9,2008,"s","LBS","poisson",0,0,0,155.069212410501
"10720",10426,4,2007,"s","LBS","poisson",0,1,0,35.0692124105012
"10731",2605,4,2003,"s","LBS","poisson",0,0,0,82.0692124105012
"11246",12554,17,2011,"s","LBS","poisson",0,0,0,237.069212410501
"11267",6952,67,2009,"s","LBS","poisson",0,0,0,205.069212410501
"11319",6408,49,2011,"s","LBS","poisson",0,0,0,237.069212410501
"11321",5425,3,2010,"s","LBS","poisson",0,0,0,260.069212410501
"4161",4164,300,1987,"r","HornLen","gaussian",1,1,-1.33462532299742,-195.329457364341
"4181",14088,370,1987,"r","HornLen","gaussian",1,0,-1.33462532299742,-195.329457364341
"4191",3332,365,1987,"r","HornLen","gaussian",1,0,-1.33462532299742,-195.329457364341
"4201",12579,330,1987,"r","HornLen","gaussian",1,0,-1.33462532299742,-195.329457364341
"4211",7470,312,1987,"r","HornLen","gaussian",1,0,-1.33462532299742,-195.329457364341
"4231",7943,285,1987,"r","HornLen","gaussian",1,0,-1.33462532299742,-195.329457364341
"4241",1318,296,1987,"r","HornLen","gaussian",1,0,-1.33462532299742,-195.329457364341
"4701",8410,355,1987,"r","HornLen","gaussian",1,0,-1.33462532299742,-195.329457364341
"5051",9581,365,1987,"r","HornLen","gaussian",1,0,-1.33462532299742,-195.329457364341
"5171",11784,305,1987,"r","HornLen","gaussian",1,0,-1.33462532299742,-195.329457364341
"658",4164,370,1988,"r","HornLen","gaussian",2,1,-0.334625322997416,-69.3294573643411
"6591",4017,320,1988,"r","HornLen","gaussian",2,0,-0.334625322997416,-69.3294573643411
"660",14088,425,1988,"r","HornLen","gaussian",2,0,-0.334625322997416,-69.3294573643411
"661",3332,440,1988,"r","HornLen","gaussian",2,0,-0.334625322997416,-69.3294573643411
"663",7470,410,1988,"r","HornLen","gaussian",2,0,-0.334625322997416,-69.3294573643411
"6641",10920,234,1988,"r","HornLen","gaussian",1,0,-1.33462532299742,-69.3294573643411
"6651",10427,285,1988,"r","HornLen","gaussian",1,0,-1.33462532299742,-69.3294573643411
"6661",4514,313,1988,"r","HornLen","gaussian",1,0,-1.33462532299742,-69.3294573643411
"6681",1492,340,1988,"r","HornLen","gaussian",1,1,-1.33462532299742,-69.3294573643411
"6691",2955,265,1988,"r","HornLen","gaussian",1,0,-1.33462532299742,-69.3294573643411
"6701",1641,250,1988,"r","HornLen","gaussian",1,1,-1.33462532299742,-69.3294573643411
"6711",10476,325,1988,"r","HornLen","gaussian",1,0,-1.33462532299742,-69.3294573643411
"6721",11996,325,1988,"r","HornLen","gaussian",1,0,-1.33462532299742,-69.3294573643411
"6731",10379,345,1988,"r","HornLen","gaussian",1,0,-1.33462532299742,-69.3294573643411
"692",8410,425,1988,"r","HornLen","gaussian",2,0,-0.334625322997416,-69.3294573643411
"6931",12322,332,1988,"r","HornLen","gaussian",1,0,-1.33462532299742,-69.3294573643411
"6952",6619,366,1988,"r","HornLen","gaussian",1,1,-1.33462532299742,-69.3294573643411
"6962",7187,338,1988,"r","HornLen","gaussian",1,1,-1.33462532299742,-69.3294573643411
"7011",6481,356,1988,"r","HornLen","gaussian",2,0,-0.334625322997416,-69.3294573643411
"7251",3466,324,1988,"r","HornLen","gaussian",1,1,-1.33462532299742,-69.3294573643411
"7281",14298,300,1988,"r","HornLen","gaussian",1,0,-1.33462532299742,-69.3294573643411
"7291",4356,355,1988,"r","HornLen","gaussian",1,0,-1.33462532299742,-69.3294573643411
"7431",3641,180,1988,"r","HornLen","gaussian",1,0,-1.33462532299742,-69.3294573643411
"7601",2768,324,1988,"r","HornLen","gaussian",2,0,-0.334625322997416,-69.3294573643411
"7611",12313,249,1988,"r","HornLen","gaussian",1,0,-1.33462532299742,-69.3294573643411
"7621",12241,334,1988,"r","HornLen","gaussian",1,0,-1.33462532299742,-69.3294573643411
"7631",3999,324,1988,"r","HornLen","gaussian",1,1,-1.33462532299742,-69.3294573643411
"7641",6994,308,1988,"r","HornLen","gaussian",1,0,-1.33462532299742,-69.3294573643411
"767",12579,420,1988,"r","HornLen","gaussian",2,0,-0.334625322997416,-69.3294573643411
"768",7943,359,1988,"r","HornLen","gaussian",2,0,-0.334625322997416,-69.3294573643411
"7701",7071,298,1988,"r","HornLen","gaussian",1,0,-1.33462532299742,-69.3294573643411
"774",11784,383,1988,"r","HornLen","gaussian",2,0,-0.334625322997416,-69.3294573643411
"10191",955,455,1989,"r","HornLen","gaussian",2,0,-0.334625322997416,-315.329457364341
"11251",12175,362,1990,"r","HornLen","gaussian",1,0,-1.33462532299742,-236.329457364341
"11282",2803,290,1990,"r","HornLen","gaussian",1,1,-1.33462532299742,-236.329457364341
"11291",14112,320,1990,"r","HornLen","gaussian",1,0,-1.33462532299742,-236.329457364341
"11301",11590,369,1990,"r","HornLen","gaussian",1,0,-1.33462532299742,-236.329457364341
"11461",3610,310,1990,"r","HornLen","gaussian",1,0,-1.33462532299742,-236.329457364341
"11581",11979,395,1990,"r","HornLen","gaussian",2,0,-0.334625322997416,-236.329457364341
"11591",7267,340,1990,"r","HornLen","gaussian",1,0,-1.33462532299742,-236.329457364341
"11611",10095,352,1990,"r","HornLen","gaussian",1,0,-1.33462532299742,-236.329457364341
"12101",5562,344,1990,"r","HornLen","gaussian",1,0,-1.33462532299742,-236.329457364341
"12131",197,375,1990,"r","HornLen","gaussian",1,0,-1.33462532299742,-236.329457364341
"13081",8195,313,1991,"r","HornLen","gaussian",1,0,-1.33462532299742,-112.329457364341
"13101",7159,400,1991,"r","HornLen","gaussian",1,0,-1.33462532299742,-112.329457364341
"13111",5344,318,1991,"r","HornLen","gaussian",1,0,-1.33462532299742,-112.329457364341
"13121",2725,385,1991,"r","HornLen","gaussian",1,0,-1.33462532299742,-112.329457364341
"13131",7303,331,1991,"r","HornLen","gaussian",1,1,-1.33462532299742,-112.329457364341
"1315",12175,471,1991,"r","HornLen","gaussian",2,0,-0.334625322997416,-112.329457364341
"1316",2803,360,1991,"r","HornLen","gaussian",2,1,-0.334625322997416,-112.329457364341
"1317",11590,470,1991,"r","HornLen","gaussian",2,0,-0.334625322997416,-112.329457364341
"1328",3610,392,1991,"r","HornLen","gaussian",2,0,-0.334625322997416,-112.329457364341
"13391",13051,128,1991,"r","HornLen","gaussian",1,1,-1.33462532299742,-112.329457364341
"1341",7267,445,1991,"r","HornLen","gaussian",2,0,-0.334625322997416,-112.329457364341
"1342",10095,425,1991,"r","HornLen","gaussian",2,0,-0.334625322997416,-112.329457364341
"14051",8553,205,1991,"r","HornLen","gaussian",1,1,-1.33462532299742,-112.329457364341
"14061",2380,174,1991,"r","HornLen","gaussian",1,1,-1.33462532299742,-112.329457364341
"14071",6712,312,1991,"r","HornLen","gaussian",1,0,-1.33462532299742,-112.329457364341
"14081",2208,250,1991,"r","HornLen","gaussian",1,0,-1.33462532299742,-112.329457364341
"14091",11436,310,1991,"r","HornLen","gaussian",1,0,-1.33462532299742,-112.329457364341
"14101",8341,289,1991,"r","HornLen","gaussian",1,1,-1.33462532299742,-112.329457364341
"14111",13524,358,1991,"r","HornLen","gaussian",1,1,-1.33462532299742,-112.329457364341
"1414",5562,427,1991,"r","HornLen","gaussian",2,0,-0.334625322997416,-112.329457364341
"14151",11348,382,1991,"r","HornLen","gaussian",2,1,-0.334625322997416,-112.329457364341
"14601",13000,310,1991,"r","HornLen","gaussian",1,0,-1.33462532299742,-112.329457364341
"14611",10387,310,1991,"r","HornLen","gaussian",1,1,-1.33462532299742,-112.329457364341
"14631",13995,330,1991,"r","HornLen","gaussian",1,1,-1.33462532299742,-112.329457364341
"14641",5910,350,1991,"r","HornLen","gaussian",1,1,-1.33462532299742,-112.329457364341
"14661",4130,365,1991,"r","HornLen","gaussian",2,0,-0.334625322997416,-112.329457364341
"14721",1438,325,1991,"r","HornLen","gaussian",1,0,-1.33462532299742,-112.329457364341
"14801",11829,321,1991,"r","HornLen","gaussian",1,0,-1.33462532299742,-112.329457364341
"1482",1641,440,1991,"r","HornLen","gaussian",4,1,1.66537467700258,-112.329457364341
"14831",4870,161,1991,"r","HornLen","gaussian",1,1,-1.33462532299742,-112.329457364341
"14861",10396,355,1991,"r","HornLen","gaussian",1,0,-1.33462532299742,-112.329457364341
"14871",4489,313,1991,"r","HornLen","gaussian",1,0,-1.33462532299742,-112.329457364341
"14951",934,323,1991,"r","HornLen","gaussian",1,1,-1.33462532299742,-112.329457364341
"15031",5641,302,1991,"r","HornLen","gaussian",1,0,-1.33462532299742,-112.329457364341
"15041",8728,188,1991,"r","HornLen","gaussian",1,0,-1.33462532299742,-112.329457364341
"15151",11532,196,1991,"r","HornLen","gaussian",1,1,-1.33462532299742,-112.329457364341
"15161",875,325,1991,"r","HornLen","gaussian",1,0,-1.33462532299742,-112.329457364341
"15181",10354,297,1991,"r","HornLen","gaussian",1,0,-1.33462532299742,-112.329457364341
"15191",9765,360,1991,"r","HornLen","gaussian",1,0,-1.33462532299742,-112.329457364341
"16321",9482,235,1992,"r","HornLen","gaussian",1,0,-1.33462532299742,-205.329457364341
"1635",11532,258,1992,"r","HornLen","gaussian",2,1,-0.334625322997416,-205.329457364341
"1636",875,395,1992,"r","HornLen","gaussian",2,0,-0.334625322997416,-205.329457364341
"16641",13084,311,1992,"r","HornLen","gaussian",1,0,-1.33462532299742,-205.329457364341
"16651",7402,231,1992,"r","HornLen","gaussian",1,1,-1.33462532299742,-205.329457364341
"1669",9765,458,1992,"r","HornLen","gaussian",2,0,-0.334625322997416,-205.329457364341
"16701",5205,413,1992,"r","HornLen","gaussian",2,0,-0.334625322997416,-205.329457364341
"16751",3910,301,1992,"r","HornLen","gaussian",1,0,-1.33462532299742,-205.329457364341
"17311",5102,293,1992,"r","HornLen","gaussian",1,0,-1.33462532299742,-205.329457364341
"17331",11579,305,1992,"r","HornLen","gaussian",1,0,-1.33462532299742,-205.329457364341
"17341",6108,283,1992,"r","HornLen","gaussian",1,0,-1.33462532299742,-205.329457364341
"1737",6712,425,1992,"r","HornLen","gaussian",2,0,-0.334625322997416,-205.329457364341
"1738",11829,435,1992,"r","HornLen","gaussian",2,0,-0.334625322997416,-205.329457364341
"1739",11436,428,1992,"r","HornLen","gaussian",2,0,-0.334625322997416,-205.329457364341
"1740",8195,414,1992,"r","HornLen","gaussian",2,0,-0.334625322997416,-205.329457364341
"1742",7159,493,1992,"r","HornLen","gaussian",2,0,-0.334625322997416,-205.329457364341
"1743",2725,487,1992,"r","HornLen","gaussian",2,0,-0.334625322997416,-205.329457364341
"1746",5562,487,1992,"r","HornLen","gaussian",3,0,0.665374677002584,-205.329457364341
"1747",12175,466,1992,"r","HornLen","gaussian",3,0,0.665374677002584,-205.329457364341
"1748",2803,367,1992,"r","HornLen","gaussian",3,1,0.665374677002584,-205.329457364341
"1749",11348,446,1992,"r","HornLen","gaussian",3,1,0.665374677002584,-205.329457364341
"1761",3610,428,1992,"r","HornLen","gaussian",3,0,0.665374677002584,-205.329457364341
"1772",4489,395,1992,"r","HornLen","gaussian",2,0,-0.334625322997416,-205.329457364341
"1774",5910,469,1992,"r","HornLen","gaussian",2,1,-0.334625322997416,-205.329457364341
"1775",4130,420,1992,"r","HornLen","gaussian",3,0,0.665374677002584,-205.329457364341
"17871",9509,171,1992,"r","HornLen","gaussian",1,0,-1.33462532299742,-205.329457364341
"17881",1546,285,1992,"r","HornLen","gaussian",1,1,-1.33462532299742,-205.329457364341
"17891",4341,273,1992,"r","HornLen","gaussian",1,0,-1.33462532299742,-205.329457364341
"1790",8341,341,1992,"r","HornLen","gaussian",2,1,-0.334625322997416,-205.329457364341
"17971",12400,260,1992,"r","HornLen","gaussian",1,0,-1.33462532299742,-205.329457364341
"1798",13051,196,1992,"r","HornLen","gaussian",2,1,-0.334625322997416,-205.329457364341
"1813",2208,372,1992,"r","HornLen","gaussian",2,0,-0.334625322997416,-205.329457364341
"1815",5641,425,1992,"r","HornLen","gaussian",2,0,-0.334625322997416,-205.329457364341
"1871",1641,472,1993,"r","HornLen","gaussian",6,1,3.66537467700258,-83.3294573643411
"1872",5562,531,1993,"r","HornLen","gaussian",4,0,1.66537467700258,-83.3294573643411
"1873",12175,513,1993,"r","HornLen","gaussian",4,0,1.66537467700258,-83.3294573643411
"1874",11348,496,1993,"r","HornLen","gaussian",4,1,1.66537467700258,-83.3294573643411
"1875",2803,377,1993,"r","HornLen","gaussian",4,1,1.66537467700258,-83.3294573643411
"1876",8195,486,1993,"r","HornLen","gaussian",3,0,0.665374677002584,-83.3294573643411
"1878",7159,580,1993,"r","HornLen","gaussian",3,0,0.665374677002584,-83.3294573643411
"1879",2725,557,1993,"r","HornLen","gaussian",3,0,0.665374677002584,-83.3294573643411
"1884",5102,412,1993,"r","HornLen","gaussian",2,0,-0.334625322997416,-83.3294573643411
"1886",11579,402,1993,"r","HornLen","gaussian",2,0,-0.334625322997416,-83.3294573643411
"18871",9732,287,1993,"r","HornLen","gaussian",1,0,-1.33462532299742,-83.3294573643411
"18901",9421,320,1993,"r","HornLen","gaussian",1,0,-1.33462532299742,-83.3294573643411
"18911",9760,318,1993,"r","HornLen","gaussian",1,1,-1.33462532299742,-83.3294573643411
"18921",6370,218,1993,"r","HornLen","gaussian",1,0,-1.33462532299742,-83.3294573643411
"18931",5931,183,1993,"r","HornLen","gaussian",1,0,-1.33462532299742,-83.3294573643411
"1913",3610,442,1993,"r","HornLen","gaussian",4,0,1.66537467700258,-83.3294573643411
"19211",12562,535,1993,"r","HornLen","gaussian",6,0,3.66537467700258,-83.3294573643411
"1923",5910,535,1993,"r","HornLen","gaussian",3,1,0.665374677002584,-83.3294573643411
"19321",8413,177,1993,"r","HornLen","gaussian",1,0,-1.33462532299742,-83.3294573643411
"19391",827,235,1993,"r","HornLen","gaussian",1,0,-1.33462532299742,-83.3294573643411
"19411",1769,215,1993,"r","HornLen","gaussian",1,0,-1.33462532299742,-83.3294573643411
"19441",12607,269,1993,"r","HornLen","gaussian",1,0,-1.33462532299742,-83.3294573643411
"19481",13307,271,1993,"r","HornLen","gaussian",1,0,-1.33462532299742,-83.3294573643411
"19721",3597,291,1993,"r","HornLen","gaussian",1,0,-1.33462532299742,-83.3294573643411
"19991",1490,227,1993,"r","HornLen","gaussian",1,0,-1.33462532299742,-83.3294573643411
"20001",12740,270,1993,"r","HornLen","gaussian",1,0,-1.33462532299742,-83.3294573643411
"20071",3238,315,1993,"r","HornLen","gaussian",1,0,-1.33462532299742,-83.3294573643411
"20091",2541,334,1993,"r","HornLen","gaussian",1,0,-1.33462532299742,-83.3294573643411
"20111",3595,292,1993,"r","HornLen","gaussian",1,0,-1.33462532299742,-83.3294573643411
"20211",11867,224,1993,"r","HornLen","gaussian",1,0,-1.33462532299742,-83.3294573643411
"20311",9967,313,1993,"r","HornLen","gaussian",1,1,-1.33462532299742,-83.3294573643411
"20341",8219,278,1993,"r","HornLen","gaussian",1,0,-1.33462532299742,-83.3294573643411
"2060",6108,394,1993,"r","HornLen","gaussian",2,0,-0.334625322997416,-83.3294573643411
"20651",5038,305,1993,"r","HornLen","gaussian",1,1,-1.33462532299742,-83.3294573643411
"20791",13555,333,1993,"r","HornLen","gaussian",1,0,-1.33462532299742,-83.3294573643411
"20891",10766,362,1993,"r","HornLen","gaussian",1,0,-1.33462532299742,-83.3294573643411
"21291",6912,157,1994,"r","HornLen","gaussian",1,1,-1.33462532299742,-91.3294573643411
"2132",1490,308,1994,"r","HornLen","gaussian",2,0,-0.334625322997416,-91.3294573643411
"2133",1769,297,1994,"r","HornLen","gaussian",2,0,-0.334625322997416,-91.3294573643411
"21341",2173,301,1994,"r","HornLen","gaussian",2,0,-0.334625322997416,-91.3294573643411
"2136",6108,447,1994,"r","HornLen","gaussian",3,0,0.665374677002584,-91.3294573643411
"21661",8692,190,1994,"r","HornLen","gaussian",1,1,-1.33462532299742,-91.3294573643411
"2167",8195,504,1994,"r","HornLen","gaussian",4,0,1.66537467700258,-91.3294573643411
"2168",2725,591,1994,"r","HornLen","gaussian",4,0,1.66537467700258,-91.3294573643411
"2170",12175,527,1994,"r","HornLen","gaussian",5,0,2.66537467700258,-91.3294573643411
"2171",2803,371,1994,"r","HornLen","gaussian",5,1,2.66537467700258,-91.3294573643411
"2172",3610,451,1994,"r","HornLen","gaussian",5,0,2.66537467700258,-91.3294573643411
"22191",630,244,1994,"r","HornLen","gaussian",1,0,-1.33462532299742,-91.3294573643411
"22201",13789,263,1994,"r","HornLen","gaussian",1,0,-1.33462532299742,-91.3294573643411
"22211",876,309,1994,"r","HornLen","gaussian",1,0,-1.33462532299742,-91.3294573643411
"22221",2841,198,1994,"r","HornLen","gaussian",1,0,-1.33462532299742,-91.3294573643411
"2225",12740,381,1994,"r","HornLen","gaussian",2,0,-0.334625322997416,-91.3294573643411
"2229",9760,404,1994,"r","HornLen","gaussian",2,1,-0.334625322997416,-91.3294573643411
"2248",3597,367,1994,"r","HornLen","gaussian",2,0,-0.334625322997416,-91.3294573643411
"2249",9967,391,1994,"r","HornLen","gaussian",2,1,-0.334625322997416,-91.3294573643411
"2273",9421,411,1994,"r","HornLen","gaussian",2,0,-0.334625322997416,-91.3294573643411
"2274",6370,252,1994,"r","HornLen","gaussian",2,0,-0.334625322997416,-91.3294573643411
"2275",4341,421,1994,"r","HornLen","gaussian",3,0,0.665374677002584,-91.3294573643411
"2276",11829,558,1994,"r","HornLen","gaussian",4,0,1.66537467700258,-91.3294573643411
"22781",4894,518,1994,"r","HornLen","gaussian",5,0,2.66537467700258,-91.3294573643411
"2285",12400,472,1994,"r","HornLen","gaussian",3,0,0.665374677002584,-91.3294573643411
"2287",13051,262,1994,"r","HornLen","gaussian",4,1,1.66537467700258,-91.3294573643411
"2292",3238,405,1994,"r","HornLen","gaussian",2,0,-0.334625322997416,-91.3294573643411
"2293",3595,387,1994,"r","HornLen","gaussian",2,0,-0.334625322997416,-91.3294573643411
"2294",12607,325,1994,"r","HornLen","gaussian",2,0,-0.334625322997416,-91.3294573643411
"2295",2541,432,1994,"r","HornLen","gaussian",2,0,-0.334625322997416,-91.3294573643411
"2297",8219,385,1994,"r","HornLen","gaussian",2,0,-0.334625322997416,-91.3294573643411
"2322",5205,522,1994,"r","HornLen","gaussian",4,0,1.66537467700258,-91.3294573643411
"2354",13789,353,1995,"r","HornLen","gaussian",2,0,-0.334625322997416,-169.329457364341
"2355",2841,288,1995,"r","HornLen","gaussian",2,0,-0.334625322997416,-169.329457364341
"2386",2725,594,1995,"r","HornLen","gaussian",5,0,2.66537467700258,-169.329457364341
"2394",630,323,1995,"r","HornLen","gaussian",2,0,-0.334625322997416,-169.329457364341
"2395",2803,374,1995,"r","HornLen","gaussian",6,1,3.66537467700258,-169.329457364341
"2399",9760,468,1995,"r","HornLen","gaussian",3,1,0.665374677002584,-169.329457364341
"24331",11215,360,1995,"r","HornLen","gaussian",2,0,-0.334625322997416,-169.329457364341
"24341",8137,278,1995,"r","HornLen","gaussian",2,0,-0.334625322997416,-169.329457364341
"24381",3747,314,1995,"r","HornLen","gaussian",2,0,-0.334625322997416,-169.329457364341
"2486",875,505,1995,"r","HornLen","gaussian",5,0,2.66537467700258,-169.329457364341
"25071",2650,500,1995,"r","HornLen","gaussian",5,0,2.66537467700258,-169.329457364341
"25081",9498,348,1995,"r","HornLen","gaussian",2,1,-0.334625322997416,-169.329457364341
"25111",13278,344,1995,"r","HornLen","gaussian",2,0,-0.334625322997416,-169.329457364341
"2514",9482,432,1995,"r","HornLen","gaussian",4,0,1.66537467700258,-169.329457364341
"2515",9509,387,1995,"r","HornLen","gaussian",4,0,1.66537467700258,-169.329457364341
"25551",5770,264,1996,"r","HornLen","gaussian",1,0,-1.33462532299742,48.6705426356589
"25901",6518,295,1996,"r","HornLen","gaussian",1,0,-1.33462532299742,48.6705426356589
"25931",7515,278,1996,"r","HornLen","gaussian",1,0,-1.33462532299742,48.6705426356589
"26251",9542,235,1996,"r","HornLen","gaussian",1,1,-1.33462532299742,48.6705426356589
"26281",10052,242,1996,"r","HornLen","gaussian",1,0,-1.33462532299742,48.6705426356589
"26301",14254,237,1996,"r","HornLen","gaussian",1,0,-1.33462532299742,48.6705426356589
"26341",11220,236,1996,"r","HornLen","gaussian",1,0,-1.33462532299742,48.6705426356589
"26371",8051,173,1996,"r","HornLen","gaussian",1,0,-1.33462532299742,48.6705426356589
"26381",9195,272,1996,"r","HornLen","gaussian",1,0,-1.33462532299742,48.6705426356589
"26401",97,314,1996,"r","HornLen","gaussian",1,0,-1.33462532299742,48.6705426356589
"26681",2114,257,1996,"r","HornLen","gaussian",1,1,-1.33462532299742,48.6705426356589
"26751",9608,290,1996,"r","HornLen","gaussian",1,0,-1.33462532299742,48.6705426356589
"26931",1841,347,1996,"r","HornLen","gaussian",1,0,-1.33462532299742,48.6705426356589
"27071",9816,201,1996,"r","HornLen","gaussian",1,1,-1.33462532299742,48.6705426356589
"2755",9482,458,1996,"r","HornLen","gaussian",5,0,2.66537467700258,48.6705426356589
"2758",875,516,1996,"r","HornLen","gaussian",6,0,3.66537467700258,48.6705426356589
"27651",14244,274,1996,"r","HornLen","gaussian",1,0,-1.33462532299742,48.6705426356589
"27671",4402,297,1996,"r","HornLen","gaussian",1,0,-1.33462532299742,48.6705426356589
"27721",954,263,1996,"r","HornLen","gaussian",1,1,-1.33462532299742,48.6705426356589
"2776",13278,408,1996,"r","HornLen","gaussian",3,0,0.665374677002584,48.6705426356589
"2777",9498,445,1996,"r","HornLen","gaussian",3,1,0.665374677002584,48.6705426356589
"27851",13007,221,1996,"r","HornLen","gaussian",1,0,-1.33462532299742,48.6705426356589
"27881",8962,258,1996,"r","HornLen","gaussian",1,0,-1.33462532299742,48.6705426356589
"27891",13074,322,1996,"r","HornLen","gaussian",1,0,-1.33462532299742,48.6705426356589
"2797",9967,479,1996,"r","HornLen","gaussian",4,1,1.66537467700258,48.6705426356589
"28081",6052,210,1996,"r","HornLen","gaussian",1,1,-1.33462532299742,48.6705426356589
"28101",530,293,1996,"r","HornLen","gaussian",1,1,-1.33462532299742,48.6705426356589
"28161",4396,273,1996,"r","HornLen","gaussian",1,0,-1.33462532299742,48.6705426356589
"2819",2650,518,1996,"r","HornLen","gaussian",6,0,3.66537467700258,48.6705426356589
"2825",9509,392,1996,"r","HornLen","gaussian",5,0,2.66537467700258,48.6705426356589
"28361",8519,227,1996,"r","HornLen","gaussian",1,0,-1.33462532299742,48.6705426356589
"2853",12607,388,1996,"r","HornLen","gaussian",4,0,1.66537467700258,48.6705426356589
"28591",3507,236,1996,"r","HornLen","gaussian",1,0,-1.33462532299742,48.6705426356589
"28611",12657,228,1996,"r","HornLen","gaussian",1,0,-1.33462532299742,48.6705426356589
"2864",11215,433,1996,"r","HornLen","gaussian",3,0,0.665374677002584,48.6705426356589
"2866",2803,379,1996,"r","HornLen","gaussian",7,1,4.66537467700258,48.6705426356589
"2868",2725,605,1996,"r","HornLen","gaussian",6,0,3.66537467700258,48.6705426356589
"2869",9760,510,1996,"r","HornLen","gaussian",4,1,1.66537467700258,48.6705426356589
"2870",6108,506,1996,"r","HornLen","gaussian",5,0,2.66537467700258,48.6705426356589
"28731",12670,257,1996,"r","HornLen","gaussian",1,0,-1.33462532299742,48.6705426356589
"2874",5562,545,1996,"r","HornLen","gaussian",7,0,4.66537467700258,48.6705426356589
"28771",2068,229,1996,"r","HornLen","gaussian",1,0,-1.33462532299742,48.6705426356589
"2878",3747,365,1996,"r","HornLen","gaussian",3,0,0.665374677002584,48.6705426356589
"28811",10146,460,1996,"r","HornLen","gaussian",3,0,0.665374677002584,48.6705426356589
"2897",13789,420,1996,"r","HornLen","gaussian",3,0,0.665374677002584,48.6705426356589
"29021",12841,271,1996,"r","HornLen","gaussian",1,0,-1.33462532299742,48.6705426356589
"29131",1245,200,1996,"r","HornLen","gaussian",1,0,-1.33462532299742,48.6705426356589
"2914",2173,439,1996,"r","HornLen","gaussian",4,0,1.66537467700258,48.6705426356589
"2969",5562,550,1997,"r","HornLen","gaussian",8,0,5.66537467700258,15.6705426356589
"2971",2803,378,1997,"r","HornLen","gaussian",8,1,5.66537467700258,15.6705426356589
"2994",6108,525,1997,"r","HornLen","gaussian",6,0,3.66537467700258,15.6705426356589
"3002",12740,526,1997,"r","HornLen","gaussian",5,0,2.66537467700258,15.6705426356589
"3004",9967,502,1997,"r","HornLen","gaussian",5,1,2.66537467700258,15.6705426356589
"3009",12607,402,1997,"r","HornLen","gaussian",5,0,2.66537467700258,15.6705426356589
"3016",3747,390,1997,"r","HornLen","gaussian",4,0,1.66537467700258,15.6705426356589
"3017",11215,452,1997,"r","HornLen","gaussian",4,0,1.66537467700258,15.6705426356589
"3018",630,437,1997,"r","HornLen","gaussian",4,0,1.66537467700258,15.6705426356589
"3024",6912,362,1997,"r","HornLen","gaussian",4,1,1.66537467700258,15.6705426356589
"3026",10146,504,1997,"r","HornLen","gaussian",4,0,1.66537467700258,15.6705426356589
"30321",5025,396,1997,"r","HornLen","gaussian",3,0,0.665374677002584,15.6705426356589
"3041",9816,310,1997,"r","HornLen","gaussian",2,1,-0.334625322997416,15.6705426356589
"3042",6052,286,1997,"r","HornLen","gaussian",2,1,-0.334625322997416,15.6705426356589
"3045",10052,334,1997,"r","HornLen","gaussian",2,0,-0.334625322997416,15.6705426356589
"3052",97,396,1997,"r","HornLen","gaussian",2,0,-0.334625322997416,15.6705426356589
"3053",4402,388,1997,"r","HornLen","gaussian",2,0,-0.334625322997416,15.6705426356589
"3054",530,381,1997,"r","HornLen","gaussian",2,1,-0.334625322997416,15.6705426356589
"3057",954,356,1997,"r","HornLen","gaussian",2,1,-0.334625322997416,15.6705426356589
"30591",13521,271,1997,"r","HornLen","gaussian",2,0,-0.334625322997416,15.6705426356589
"3060",1245,392,1997,"r","HornLen","gaussian",2,0,-0.334625322997416,15.6705426356589
"30621",437,265,1997,"r","HornLen","gaussian",1,0,-1.33462532299742,15.6705426356589
"30631",12752,284,1997,"r","HornLen","gaussian",1,0,-1.33462532299742,15.6705426356589
"30641",3806,239,1997,"r","HornLen","gaussian",1,1,-1.33462532299742,15.6705426356589
"30671",13985,239,1997,"r","HornLen","gaussian",1,0,-1.33462532299742,15.6705426356589
"30691",6342,255,1997,"r","HornLen","gaussian",1,0,-1.33462532299742,15.6705426356589
"30701",1120,221,1997,"r","HornLen","gaussian",1,1,-1.33462532299742,15.6705426356589
"3152",9542,291,1997,"r","HornLen","gaussian",2,1,-0.334625322997416,15.6705426356589
"3153",4396,332,1997,"r","HornLen","gaussian",2,0,-0.334625322997416,15.6705426356589
"3171",875,527,1997,"r","HornLen","gaussian",7,0,4.66537467700258,15.6705426356589
"3173",2650,537,1997,"r","HornLen","gaussian",7,0,4.66537467700258,15.6705426356589
"3176",9482,476,1997,"r","HornLen","gaussian",6,0,3.66537467700258,15.6705426356589
"3182",13278,461,1997,"r","HornLen","gaussian",4,0,1.66537467700258,15.6705426356589
"31971",3073,218,1997,"r","HornLen","gaussian",1,0,-1.33462532299742,15.6705426356589
"32021",14037,249,1997,"r","HornLen","gaussian",1,0,-1.33462532299742,15.6705426356589
"32031",6694,307,1997,"r","HornLen","gaussian",1,0,-1.33462532299742,15.6705426356589
"32041",2463,218,1997,"r","HornLen","gaussian",1,0,-1.33462532299742,15.6705426356589
"3233",11220,305,1997,"r","HornLen","gaussian",2,0,-0.334625322997416,15.6705426356589
"3244",14254,337,1997,"r","HornLen","gaussian",2,0,-0.334625322997416,15.6705426356589
"3248",6518,405,1997,"r","HornLen","gaussian",2,0,-0.334625322997416,15.6705426356589
"32491",5007,292,1997,"r","HornLen","gaussian",1,0,-1.33462532299742,15.6705426356589
"32541",7906,220,1997,"r","HornLen","gaussian",1,0,-1.33462532299742,15.6705426356589
"33191",11731,268,1998,"r","HornLen","gaussian",1,0,-1.33462532299742,64.6705426356589
"33201",1632,241,1998,"r","HornLen","gaussian",1,0,-1.33462532299742,64.6705426356589
"33221",13880,249,1998,"r","HornLen","gaussian",1,0,-1.33462532299742,64.6705426356589
"33241",9208,234,1998,"r","HornLen","gaussian",1,0,-1.33462532299742,64.6705426356589
"33991",4469,312,1998,"r","HornLen","gaussian",1,0,-1.33462532299742,64.6705426356589
"34011",320,173,1998,"r","HornLen","gaussian",1,0,-1.33462532299742,64.6705426356589
"3402",3806,308,1998,"r","HornLen","gaussian",2,1,-0.334625322997416,64.6705426356589
"3403",6342,343,1998,"r","HornLen","gaussian",2,0,-0.334625322997416,64.6705426356589
"34041",10173,339,1998,"r","HornLen","gaussian",2,0,-0.334625322997416,64.6705426356589
"3405",9816,376,1998,"r","HornLen","gaussian",3,1,0.665374677002584,64.6705426356589
"3406",6052,339,1998,"r","HornLen","gaussian",3,1,0.665374677002584,64.6705426356589
"3409",97,455,1998,"r","HornLen","gaussian",3,0,0.665374677002584,64.6705426356589
"3411",14254,385,1998,"r","HornLen","gaussian",3,0,0.665374677002584,64.6705426356589
"3412",9542,347,1998,"r","HornLen","gaussian",3,1,0.665374677002584,64.6705426356589
"3415",4402,459,1998,"r","HornLen","gaussian",3,0,0.665374677002584,64.6705426356589
"3416",954,405,1998,"r","HornLen","gaussian",3,1,0.665374677002584,64.6705426356589
"3421",630,442,1998,"r","HornLen","gaussian",5,0,2.66537467700258,64.6705426356589
"34691",140,244,1998,"r","HornLen","gaussian",1,0,-1.33462532299742,64.6705426356589
"34721",3559,289,1998,"r","HornLen","gaussian",1,0,-1.33462532299742,64.6705426356589
"34811",13920,333,1998,"r","HornLen","gaussian",1,0,-1.33462532299742,64.6705426356589
"3484",14037,329,1998,"r","HornLen","gaussian",2,0,-0.334625322997416,64.6705426356589
"3486",6694,436,1998,"r","HornLen","gaussian",2,0,-0.334625322997416,64.6705426356589
"35351",5708,323,1998,"r","HornLen","gaussian",2,0,-0.334625322997416,64.6705426356589
"3538",13278,487,1998,"r","HornLen","gaussian",5,0,2.66537467700258,64.6705426356589
"3540",8137,393,1998,"r","HornLen","gaussian",5,0,2.66537467700258,64.6705426356589
"3545",9482,483,1998,"r","HornLen","gaussian",7,0,4.66537467700258,64.6705426356589
"3547",2650,545,1998,"r","HornLen","gaussian",8,0,5.66537467700258,64.6705426356589
"35511",4024,408,1998,"r","HornLen","gaussian",2,0,-0.334625322997416,64.6705426356589
"35521",9393,318,1998,"r","HornLen","gaussian",2,1,-0.334625322997416,64.6705426356589
"35531",3644,445,1998,"r","HornLen","gaussian",3,0,0.665374677002584,64.6705426356589
"3715",4469,380,1999,"r","HornLen","gaussian",2,0,-0.334625322997416,-201.329457364341
"3723",8051,379,1999,"r","HornLen","gaussian",4,0,1.66537467700258,-201.329457364341
"3726",97,487,1999,"r","HornLen","gaussian",4,0,1.66537467700258,-201.329457364341
"3733",954,423,1999,"r","HornLen","gaussian",4,1,1.66537467700258,-201.329457364341
"3734",12657,397,1999,"r","HornLen","gaussian",4,0,1.66537467700258,-201.329457364341
"37781",229,280,1999,"r","HornLen","gaussian",1,0,-1.33462532299742,-201.329457364341
"38741",10457,299,1999,"r","HornLen","gaussian",2,0,-0.334625322997416,-201.329457364341
"39901",4597,359,2000,"r","HornLen","gaussian",1,0,-1.33462532299742,-65.3294573643411
"39911",9060,323,2000,"r","HornLen","gaussian",1,0,-1.33462532299742,-65.3294573643411
"39921",1858,307,2000,"r","HornLen","gaussian",1,0,-1.33462532299742,-65.3294573643411
"39941",1260,261,2000,"r","HornLen","gaussian",1,1,-1.33462532299742,-65.3294573643411
"39951",5865,245,2000,"r","HornLen","gaussian",1,1,-1.33462532299742,-65.3294573643411
"39961",5893,333,2000,"r","HornLen","gaussian",1,0,-1.33462532299742,-65.3294573643411
"39971",6898,259,2000,"r","HornLen","gaussian",1,0,-1.33462532299742,-65.3294573643411
"40041",10634,197,2000,"r","HornLen","gaussian",1,1,-1.33462532299742,-65.3294573643411
"4006",4469,461,2000,"r","HornLen","gaussian",3,0,0.665374677002584,-65.3294573643411
"4011",97,512,2000,"r","HornLen","gaussian",5,0,2.66537467700258,-65.3294573643411
"4016",954,444,2000,"r","HornLen","gaussian",5,1,2.66537467700258,-65.3294573643411
"40561",2508,298,2000,"r","HornLen","gaussian",1,0,-1.33462532299742,-65.3294573643411
"40571",11665,237,2000,"r","HornLen","gaussian",1,0,-1.33462532299742,-65.3294573643411
"40581",2027,324,2000,"r","HornLen","gaussian",1,0,-1.33462532299742,-65.3294573643411
"40591",8425,218,2000,"r","HornLen","gaussian",1,0,-1.33462532299742,-65.3294573643411
"40601",10767,291,2000,"r","HornLen","gaussian",1,0,-1.33462532299742,-65.3294573643411
"40611",6381,272,2000,"r","HornLen","gaussian",1,0,-1.33462532299742,-65.3294573643411
"40631",8882,232,2000,"r","HornLen","gaussian",1,0,-1.33462532299742,-65.3294573643411
"4093",12752,542,2000,"r","HornLen","gaussian",4,0,1.66537467700258,-65.3294573643411
"4094",6518,533,2000,"r","HornLen","gaussian",5,0,2.66537467700258,-65.3294573643411
"4095",12841,428,2000,"r","HornLen","gaussian",5,0,2.66537467700258,-65.3294573643411
"4096",1245,474,2000,"r","HornLen","gaussian",5,0,2.66537467700258,-65.3294573643411
"41141",9348,268,2000,"r","HornLen","gaussian",1,0,-1.33462532299742,-65.3294573643411
"41161",2265,214,2000,"r","HornLen","gaussian",1,0,-1.33462532299742,-65.3294573643411
"41201",2825,192,2000,"r","HornLen","gaussian",1,0,-1.33462532299742,-65.3294573643411
"41251",1107,323,2000,"r","HornLen","gaussian",4,1,1.66537467700258,-65.3294573643411
"41381",11193,236,2000,"r","HornLen","gaussian",1,1,-1.33462532299742,-65.3294573643411
"41391",7258,160,2000,"r","HornLen","gaussian",1,0,-1.33462532299742,-65.3294573643411
"43561",6594,245,2001,"r","HornLen","gaussian",1,0,-1.33462532299742,124.670542635659
"43581",6306,277,2001,"r","HornLen","gaussian",1,0,-1.33462532299742,124.670542635659
"43631",3070,181,2001,"r","HornLen","gaussian",1,1,-1.33462532299742,124.670542635659
"43641",8593,288,2001,"r","HornLen","gaussian",1,1,-1.33462532299742,124.670542635659
"43651",2457,258,2001,"r","HornLen","gaussian",1,0,-1.33462532299742,124.670542635659
"43671",12363,214,2001,"r","HornLen","gaussian",1,1,-1.33462532299742,124.670542635659
"43691",977,272,2001,"r","HornLen","gaussian",1,0,-1.33462532299742,124.670542635659
"43711",8765,220,2001,"r","HornLen","gaussian",1,1,-1.33462532299742,124.670542635659
"43721",13543,177,2001,"r","HornLen","gaussian",1,0,-1.33462532299742,124.670542635659
"43741",11832,190,2001,"r","HornLen","gaussian",1,0,-1.33462532299742,124.670542635659
"4376",4597,451,2001,"r","HornLen","gaussian",2,0,-0.334625322997416,124.670542635659
"43771",2089,402,2001,"r","HornLen","gaussian",2,0,-0.334625322997416,124.670542635659
"4378",11193,352,2001,"r","HornLen","gaussian",2,1,-0.334625322997416,124.670542635659
"43791",355,373,2001,"r","HornLen","gaussian",2,0,-0.334625322997416,124.670542635659
"43801",7793,379,2001,"r","HornLen","gaussian",2,0,-0.334625322997416,124.670542635659
"4381",1858,385,2001,"r","HornLen","gaussian",2,0,-0.334625322997416,124.670542635659
"43821",7408,344,2001,"r","HornLen","gaussian",2,1,-0.334625322997416,124.670542635659
"43841",554,210,2001,"r","HornLen","gaussian",2,0,-0.334625322997416,124.670542635659
"4385",1260,381,2001,"r","HornLen","gaussian",2,1,-0.334625322997416,124.670542635659
"4386",5893,427,2001,"r","HornLen","gaussian",2,0,-0.334625322997416,124.670542635659
"4387",6898,349,2001,"r","HornLen","gaussian",2,0,-0.334625322997416,124.670542635659
"4389",2027,415,2001,"r","HornLen","gaussian",2,0,-0.334625322997416,124.670542635659
"4392",6381,374,2001,"r","HornLen","gaussian",2,0,-0.334625322997416,124.670542635659
"4396",10634,290,2001,"r","HornLen","gaussian",2,1,-0.334625322997416,124.670542635659
"4399",4469,505,2001,"r","HornLen","gaussian",4,0,1.66537467700258,124.670542635659
"4406",97,535,2001,"r","HornLen","gaussian",6,0,3.66537467700258,124.670542635659
"44441",5848,298,2001,"r","HornLen","gaussian",1,0,-1.33462532299742,124.670542635659
"44451",1846,171,2001,"r","HornLen","gaussian",1,0,-1.33462532299742,124.670542635659
"44461",11646,234,2001,"r","HornLen","gaussian",1,1,-1.33462532299742,124.670542635659
"44491",4968,304,2001,"r","HornLen","gaussian",1,0,-1.33462532299742,124.670542635659
"44521",425,230,2001,"r","HornLen","gaussian",1,0,-1.33462532299742,124.670542635659
"44531",649,263,2001,"r","HornLen","gaussian",1,0,-1.33462532299742,124.670542635659
"4460",2265,301,2001,"r","HornLen","gaussian",2,0,-0.334625322997416,124.670542635659
"4464",2825,314,2001,"r","HornLen","gaussian",2,0,-0.334625322997416,124.670542635659
"45031",10186,278,2001,"r","HornLen","gaussian",1,1,-1.33462532299742,124.670542635659
"45041",8939,221,2001,"r","HornLen","gaussian",1,1,-1.33462532299742,124.670542635659
"45061",4083,273,2001,"r","HornLen","gaussian",1,0,-1.33462532299742,124.670542635659
"45071",10722,311,2001,"r","HornLen","gaussian",1,0,-1.33462532299742,124.670542635659
"45091",8456,256,2001,"r","HornLen","gaussian",1,0,-1.33462532299742,124.670542635659
"45121",14275,279,2001,"r","HornLen","gaussian",1,1,-1.33462532299742,124.670542635659
"45131",1719,315,2001,"r","HornLen","gaussian",1,0,-1.33462532299742,124.670542635659
"45181",7121,273,2001,"r","HornLen","gaussian",1,0,-1.33462532299742,124.670542635659
"45201",12724,200,2001,"r","HornLen","gaussian",1,0,-1.33462532299742,124.670542635659
"4525",7258,226,2001,"r","HornLen","gaussian",2,0,-0.334625322997416,124.670542635659
"4527",5865,363,2001,"r","HornLen","gaussian",2,1,-0.334625322997416,124.670542635659
"4529",11665,341,2001,"r","HornLen","gaussian",2,0,-0.334625322997416,124.670542635659
"4536",8882,335,2001,"r","HornLen","gaussian",2,0,-0.334625322997416,124.670542635659
"45901",697,285,2001,"r","HornLen","gaussian",1,0,-1.33462532299742,124.670542635659
"45911",4982,209,2001,"r","HornLen","gaussian",1,1,-1.33462532299742,124.670542635659
"45951",7737,410,2001,"r","HornLen","gaussian",2,0,-0.334625322997416,124.670542635659
"45961",1834,351,2001,"r","HornLen","gaussian",2,0,-0.334625322997416,124.670542635659
"45971",1297,362,2001,"r","HornLen","gaussian",2,0,-0.334625322997416,124.670542635659
"46001",1085,423,2001,"r","HornLen","gaussian",2,0,-0.334625322997416,124.670542635659
"4602",10457,405,2001,"r","HornLen","gaussian",4,0,1.66537467700258,124.670542635659
"4605",6694,592,2001,"r","HornLen","gaussian",5,0,2.66537467700258,124.670542635659
"4621",3559,465,2001,"r","HornLen","gaussian",4,0,1.66537467700258,124.670542635659
"4622",954,451,2001,"r","HornLen","gaussian",6,1,3.66537467700258,124.670542635659
"4623",8051,434,2001,"r","HornLen","gaussian",6,0,3.66537467700258,124.670542635659
"63691",10867,363,2002,"r","HornLen","gaussian",2,0,-0.334625322997416,-191.329457364341
"63701",9825,315,2002,"r","HornLen","gaussian",2,0,-0.334625322997416,-191.329457364341
"6374",8593,397,2002,"r","HornLen","gaussian",2,1,-0.334625322997416,-191.329457364341
"63771",12668,239,2002,"r","HornLen","gaussian",2,0,-0.334625322997416,-191.329457364341
"6405",12724,282,2002,"r","HornLen","gaussian",2,0,-0.334625322997416,-191.329457364341
"64071",8537,391,2002,"r","HornLen","gaussian",3,0,0.665374677002584,-191.329457364341
"6419",1107,373,2002,"r","HornLen","gaussian",6,1,3.66537467700258,-191.329457364341
"65361",12802,167,2002,"r","HornLen","gaussian",1,0,-1.33462532299742,-191.329457364341
"65371",5580,364,2002,"r","HornLen","gaussian",2,0,-0.334625322997416,-191.329457364341
"65511",1788,454,2002,"r","HornLen","gaussian",3,0,0.665374677002584,-191.329457364341
"67941",8873,184,2003,"r","HornLen","gaussian",1,0,-1.33462532299742,-32.3294573643411
"67951",10827,268,2003,"r","HornLen","gaussian",1,0,-1.33462532299742,-32.3294573643411
"67971",11837,292,2003,"r","HornLen","gaussian",1,0,-1.33462532299742,-32.3294573643411
"67991",9620,330,2003,"r","HornLen","gaussian",1,0,-1.33462532299742,-32.3294573643411
"68001",9229,229,2003,"r","HornLen","gaussian",1,0,-1.33462532299742,-32.3294573643411
"68011",5949,185,2003,"r","HornLen","gaussian",1,1,-1.33462532299742,-32.3294573643411
"68021",9757,268,2003,"r","HornLen","gaussian",1,0,-1.33462532299742,-32.3294573643411
"68031",11005,167,2003,"r","HornLen","gaussian",1,0,-1.33462532299742,-32.3294573643411
"68051",3376,310,2003,"r","HornLen","gaussian",1,0,-1.33462532299742,-32.3294573643411
"68061",8210,300,2003,"r","HornLen","gaussian",1,0,-1.33462532299742,-32.3294573643411
"68091",12138,315,2003,"r","HornLen","gaussian",1,0,-1.33462532299742,-32.3294573643411
"68111",4117,344,2003,"r","HornLen","gaussian",1,0,-1.33462532299742,-32.3294573643411
"68131",13253,290,2003,"r","HornLen","gaussian",1,0,-1.33462532299742,-32.3294573643411
"68141",5426,309,2003,"r","HornLen","gaussian",1,0,-1.33462532299742,-32.3294573643411
"68181",12076,289,2003,"r","HornLen","gaussian",1,0,-1.33462532299742,-32.3294573643411
"68201",3333,253,2003,"r","HornLen","gaussian",1,1,-1.33462532299742,-32.3294573643411
"68211",11300,265,2003,"r","HornLen","gaussian",1,0,-1.33462532299742,-32.3294573643411
"68221",9598,295,2003,"r","HornLen","gaussian",1,0,-1.33462532299742,-32.3294573643411
"68241",13829,243,2003,"r","HornLen","gaussian",1,0,-1.33462532299742,-32.3294573643411
"68261",4973,220,2003,"r","HornLen","gaussian",1,0,-1.33462532299742,-32.3294573643411
"68271",3761,297,2003,"r","HornLen","gaussian",1,0,-1.33462532299742,-32.3294573643411
"6835",8593,456,2003,"r","HornLen","gaussian",3,1,0.665374677002584,-32.3294573643411
"6837",8765,438,2003,"r","HornLen","gaussian",3,1,0.665374677002584,-32.3294573643411
"6845",1858,453,2003,"r","HornLen","gaussian",4,0,1.66537467700258,-32.3294573643411
"6858",97,550,2003,"r","HornLen","gaussian",8,0,5.66537467700258,-32.3294573643411
"68811",8818,367,2003,"r","HornLen","gaussian",1,0,-1.33462532299742,-32.3294573643411
"68831",5113,291,2003,"r","HornLen","gaussian",1,0,-1.33462532299742,-32.3294573643411
"68841",13981,343,2003,"r","HornLen","gaussian",1,0,-1.33462532299742,-32.3294573643411
"68851",12177,280,2003,"r","HornLen","gaussian",1,0,-1.33462532299742,-32.3294573643411
"6886",10867,447,2003,"r","HornLen","gaussian",3,0,0.665374677002584,-32.3294573643411
"6889",12724,348,2003,"r","HornLen","gaussian",3,0,0.665374677002584,-32.3294573643411
"6890",5865,457,2003,"r","HornLen","gaussian",4,1,1.66537467700258,-32.3294573643411
"6893",954,351,2003,"r","HornLen","gaussian",8,1,5.66537467700258,-32.3294573643411
"69381",1311,263,2003,"r","HornLen","gaussian",1,0,-1.33462532299742,-32.3294573643411
"69401",9018,340,2003,"r","HornLen","gaussian",1,0,-1.33462532299742,-32.3294573643411
"69431",10576,227,2003,"r","HornLen","gaussian",1,0,-1.33462532299742,-32.3294573643411
"69461",6575,311,2003,"r","HornLen","gaussian",1,0,-1.33462532299742,-32.3294573643411
"69471",13801,354,2003,"r","HornLen","gaussian",1,0,-1.33462532299742,-32.3294573643411
"6951",5580,448,2003,"r","HornLen","gaussian",3,0,0.665374677002584,-32.3294573643411
"6958",12668,317,2003,"r","HornLen","gaussian",3,0,0.665374677002584,-32.3294573643411
"6961",1788,493,2003,"r","HornLen","gaussian",4,0,1.66537467700258,-32.3294573643411
"69991",8232,344,2003,"r","HornLen","gaussian",1,0,-1.33462532299742,-32.3294573643411
"70021",1733,265,2003,"r","HornLen","gaussian",1,1,-1.33462532299742,-32.3294573643411
"70051",8035,298,2003,"r","HornLen","gaussian",1,0,-1.33462532299742,-32.3294573643411
"72591",10880,372,2004,"r","HornLen","gaussian",1,0,-1.33462532299742,144.670542635659
"72651",8774,187,2004,"r","HornLen","gaussian",1,0,-1.33462532299742,144.670542635659
"72661",710,229,2004,"r","HornLen","gaussian",1,1,-1.33462532299742,144.670542635659
"72701",12687,199,2004,"r","HornLen","gaussian",1,1,-1.33462532299742,144.670542635659
"72741",12970,212,2004,"r","HornLen","gaussian",1,0,-1.33462532299742,144.670542635659
"72761",9283,274,2004,"r","HornLen","gaussian",1,0,-1.33462532299742,144.670542635659
"72781",3858,198,2004,"r","HornLen","gaussian",1,1,-1.33462532299742,144.670542635659
"72791",9181,189,2004,"r","HornLen","gaussian",1,1,-1.33462532299742,144.670542635659
"72831",13085,152,2004,"r","HornLen","gaussian",1,1,-1.33462532299742,144.670542635659
"72881",10386,167,2004,"r","HornLen","gaussian",1,1,-1.33462532299742,144.670542635659
"72901",1699,210,2004,"r","HornLen","gaussian",1,0,-1.33462532299742,144.670542635659
"72961",3959,250,2004,"r","HornLen","gaussian",1,0,-1.33462532299742,144.670542635659
"72991",11904,293,2004,"r","HornLen","gaussian",1,0,-1.33462532299742,144.670542635659
"73061",3458,360,2004,"r","HornLen","gaussian",2,0,-0.334625322997416,144.670542635659
"7309",9620,412,2004,"r","HornLen","gaussian",2,0,-0.334625322997416,144.670542635659
"7310",9229,326,2004,"r","HornLen","gaussian",2,0,-0.334625322997416,144.670542635659
"7311",5949,262,2004,"r","HornLen","gaussian",2,1,-0.334625322997416,144.670542635659
"7313",9757,335,2004,"r","HornLen","gaussian",2,0,-0.334625322997416,144.670542635659
"7317",4117,435,2004,"r","HornLen","gaussian",2,0,-0.334625322997416,144.670542635659
"7318",13253,390,2004,"r","HornLen","gaussian",2,0,-0.334625322997416,144.670542635659
"7320",5426,389,2004,"r","HornLen","gaussian",2,0,-0.334625322997416,144.670542635659
"73231",1882,342,2004,"r","HornLen","gaussian",2,0,-0.334625322997416,144.670542635659
"7325",9598,353,2004,"r","HornLen","gaussian",2,0,-0.334625322997416,144.670542635659
"7328",13829,313,2004,"r","HornLen","gaussian",2,0,-0.334625322997416,144.670542635659
"7335",10867,482,2004,"r","HornLen","gaussian",4,0,1.66537467700258,144.670542635659
"7339",8593,463,2004,"r","HornLen","gaussian",4,1,1.66537467700258,144.670542635659
"7342",12724,378,2004,"r","HornLen","gaussian",4,0,1.66537467700258,144.670542635659
"7352",1858,445,2004,"r","HornLen","gaussian",5,0,2.66537467700258,144.670542635659
"7357",5865,465,2004,"r","HornLen","gaussian",5,1,2.66537467700258,144.670542635659
"7374",954,463,2004,"r","HornLen","gaussian",9,1,6.66537467700258,144.670542635659
"74071",1538,189,2004,"r","HornLen","gaussian",1,1,-1.33462532299742,144.670542635659
"74091",3986,117,2004,"r","HornLen","gaussian",1,0,-1.33462532299742,144.670542635659
"7410",10827,330,2004,"r","HornLen","gaussian",2,0,-0.334625322997416,144.670542635659
"7411",8232,435,2004,"r","HornLen","gaussian",2,0,-0.334625322997416,144.670542635659
"7412",11837,342,2004,"r","HornLen","gaussian",2,0,-0.334625322997416,144.670542635659
"7413",5113,375,2004,"r","HornLen","gaussian",2,0,-0.334625322997416,144.670542635659
"74141",9107,369,2004,"r","HornLen","gaussian",2,0,-0.334625322997416,144.670542635659
"7415",3376,384,2004,"r","HornLen","gaussian",2,0,-0.334625322997416,144.670542635659
"7416",12138,402,2004,"r","HornLen","gaussian",2,0,-0.334625322997416,144.670542635659
"7418",10576,290,2004,"r","HornLen","gaussian",2,0,-0.334625322997416,144.670542635659
"74201",116,368,2004,"r","HornLen","gaussian",2,0,-0.334625322997416,144.670542635659
"74211",4970,330,2004,"r","HornLen","gaussian",2,0,-0.334625322997416,144.670542635659
"74221",2526,295,2004,"r","HornLen","gaussian",2,0,-0.334625322997416,144.670542635659
"7423",11300,371,2004,"r","HornLen","gaussian",2,0,-0.334625322997416,144.670542635659
"7424",3761,368,2004,"r","HornLen","gaussian",2,0,-0.334625322997416,144.670542635659
"74251",8216,343,2004,"r","HornLen","gaussian",2,0,-0.334625322997416,144.670542635659
"74261",2180,337,2004,"r","HornLen","gaussian",2,0,-0.334625322997416,144.670542635659
"7433",2825,440,2004,"r","HornLen","gaussian",5,0,2.66537467700258,144.670542635659
"7437",3559,503,2004,"r","HornLen","gaussian",7,0,4.66537467700258,144.670542635659
"7439",97,548,2004,"r","HornLen","gaussian",9,0,6.66537467700258,144.670542635659
"74741",14309,255,2004,"r","HornLen","gaussian",1,0,-1.33462532299742,144.670542635659
"74771",3,223,2004,"r","HornLen","gaussian",1,0,-1.33462532299742,144.670542635659
"74821",1112,275,2004,"r","HornLen","gaussian",1,0,-1.33462532299742,144.670542635659
"74831",10745,318,2004,"r","HornLen","gaussian",1,0,-1.33462532299742,144.670542635659
"74851",1326,194,2004,"r","HornLen","gaussian",1,0,-1.33462532299742,144.670542635659
"74861",3299,209,2004,"r","HornLen","gaussian",2,0,-0.334625322997416,144.670542635659
"7487",9018,420,2004,"r","HornLen","gaussian",2,0,-0.334625322997416,144.670542635659
"74891",2402,405,2004,"r","HornLen","gaussian",2,1,-0.334625322997416,144.670542635659
"7490",8035,372,2004,"r","HornLen","gaussian",2,0,-0.334625322997416,144.670542635659
"7492",6575,410,2004,"r","HornLen","gaussian",2,0,-0.334625322997416,144.670542635659
"74931",8981,375,2004,"r","HornLen","gaussian",3,0,0.665374677002584,144.670542635659
"7505",8765,462,2004,"r","HornLen","gaussian",4,1,1.66537467700258,144.670542635659
"80081",7264,241,2005,"r","HornLen","gaussian",1,0,-1.33462532299742,-121.329457364341
"80091",4405,230,2005,"r","HornLen","gaussian",1,0,-1.33462532299742,-121.329457364341
"8013",10880,490,2005,"r","HornLen","gaussian",2,0,-0.334625322997416,-121.329457364341
"8032",3959,370,2005,"r","HornLen","gaussian",2,0,-0.334625322997416,-121.329457364341
"8033",11904,399,2005,"r","HornLen","gaussian",2,0,-0.334625322997416,-121.329457364341
"8038",9620,464,2005,"r","HornLen","gaussian",3,0,0.665374677002584,-121.329457364341
"8040",5949,335,2005,"r","HornLen","gaussian",3,1,0.665374677002584,-121.329457364341
"8054",8593,480,2005,"r","HornLen","gaussian",5,1,2.66537467700258,-121.329457364341
"81881",8736,258,2006,"r","HornLen","gaussian",1,0,-1.33462532299742,-59.3294573643411
"81981",1299,156,2006,"r","HornLen","gaussian",1,0,-1.33462532299742,-59.3294573643411
"8201",4405,307,2006,"r","HornLen","gaussian",2,0,-0.334625322997416,-59.3294573643411
"8202",10880,564,2006,"r","HornLen","gaussian",3,0,0.665374677002584,-59.3294573643411
"82051",8460,428,2006,"r","HornLen","gaussian",3,0,0.665374677002584,-59.3294573643411
"8215",9620,476,2006,"r","HornLen","gaussian",4,0,1.66537467700258,-59.3294573643411
"8216",5949,369,2006,"r","HornLen","gaussian",4,1,1.66537467700258,-59.3294573643411
"8225",8593,470,2006,"r","HornLen","gaussian",6,1,3.66537467700258,-59.3294573643411
"82541",9062,257,2006,"r","HornLen","gaussian",1,0,-1.33462532299742,-59.3294573643411
"82551",4062,254,2006,"r","HornLen","gaussian",1,0,-1.33462532299742,-59.3294573643411
"82581",8453,220,2006,"r","HornLen","gaussian",1,0,-1.33462532299742,-59.3294573643411
"8270",12668,377,2006,"r","HornLen","gaussian",6,0,3.66537467700258,-59.3294573643411
"82791",4671,380,2006,"r","HornLen","gaussian",3,1,0.665374677002584,-59.3294573643411
"82801",3689,413,2006,"r","HornLen","gaussian",3,1,0.665374677002584,-59.3294573643411
"82831",451,425,2006,"r","HornLen","gaussian",3,0,0.665374677002584,-59.3294573643411
"83051",1148,239,2006,"r","HornLen","gaussian",1,0,-1.33462532299742,-59.3294573643411
"83081",8887,349,2006,"r","HornLen","gaussian",3,0,0.665374677002584,-59.3294573643411
"83101",14007,375,2006,"r","HornLen","gaussian",3,0,0.665374677002584,-59.3294573643411
"8311",3,359,2006,"r","HornLen","gaussian",3,0,0.665374677002584,-59.3294573643411
"8312",710,382,2006,"r","HornLen","gaussian",3,1,0.665374677002584,-59.3294573643411
"83141",10973,450,2006,"r","HornLen","gaussian",3,1,0.665374677002584,-59.3294573643411
"83151",2035,458,2006,"r","HornLen","gaussian",3,0,0.665374677002584,-59.3294573643411
"83171",9263,335,2006,"r","HornLen","gaussian",4,0,1.66537467700258,-59.3294573643411
"86171",9558,277,2007,"r","HornLen","gaussian",1,0,-1.33462532299742,-79.3294573643411
"86301",3643,282,2007,"r","HornLen","gaussian",1,0,-1.33462532299742,-79.3294573643411
"86311",9795,222,2007,"r","HornLen","gaussian",1,0,-1.33462532299742,-79.3294573643411
"86331",13519,421,2007,"r","HornLen","gaussian",2,0,-0.334625322997416,-79.3294573643411
"8649",4405,388,2007,"r","HornLen","gaussian",3,0,0.665374677002584,-79.3294573643411
"8653",10880,611,2007,"r","HornLen","gaussian",4,0,1.66537467700258,-79.3294573643411
"8666",3959,525,2007,"r","HornLen","gaussian",4,0,1.66537467700258,-79.3294573643411
"8681",8232,558,2007,"r","HornLen","gaussian",5,0,2.66537467700258,-79.3294573643411
"8683",9620,500,2007,"r","HornLen","gaussian",5,0,2.66537467700258,-79.3294573643411
"8710",8593,491,2007,"r","HornLen","gaussian",7,1,4.66537467700258,-79.3294573643411
"87621",5779,239,2007,"r","HornLen","gaussian",1,0,-1.33462532299742,-79.3294573643411
"87651",13855,271,2007,"r","HornLen","gaussian",1,0,-1.33462532299742,-79.3294573643411
"87701",2645,210,2007,"r","HornLen","gaussian",1,0,-1.33462532299742,-79.3294573643411
"87831",11947,269,2007,"r","HornLen","gaussian",2,0,-0.334625322997416,-79.3294573643411
"88311",1643,512,2007,"r","HornLen","gaussian",4,0,1.66537467700258,-79.3294573643411
"88351",9547,506,2007,"r","HornLen","gaussian",4,0,1.66537467700258,-79.3294573643411
"8845",12668,400,2007,"r","HornLen","gaussian",7,0,4.66537467700258,-79.3294573643411
"90111",1414,279,2008,"r","HornLen","gaussian",1,0,-1.33462532299742,40.6705426356589
"90121",11983,263,2008,"r","HornLen","gaussian",1,0,-1.33462532299742,40.6705426356589
"90131",4358,326,2008,"r","HornLen","gaussian",1,0,-1.33462532299742,40.6705426356589
"90191",13484,228,2008,"r","HornLen","gaussian",1,1,-1.33462532299742,40.6705426356589
"90241",145,255,2008,"r","HornLen","gaussian",1,1,-1.33462532299742,40.6705426356589
"90271",4166,289,2008,"r","HornLen","gaussian",1,0,-1.33462532299742,40.6705426356589
"90291",686,237,2008,"r","HornLen","gaussian",1,0,-1.33462532299742,40.6705426356589
"90361",8349,395,2008,"r","HornLen","gaussian",2,0,-0.334625322997416,40.6705426356589
"9039",13855,366,2008,"r","HornLen","gaussian",2,0,-0.334625322997416,40.6705426356589
"9043",2645,298,2008,"r","HornLen","gaussian",2,0,-0.334625322997416,40.6705426356589
"9044",3643,370,2008,"r","HornLen","gaussian",2,0,-0.334625322997416,40.6705426356589
"9052",10880,641,2008,"r","HornLen","gaussian",5,0,2.66537467700258,40.6705426356589
"9059",451,470,2008,"r","HornLen","gaussian",5,0,2.66537467700258,40.6705426356589
"9060",4671,437,2008,"r","HornLen","gaussian",5,1,2.66537467700258,40.6705426356589
"90651",6222,476,2008,"r","HornLen","gaussian",5,0,2.66537467700258,40.6705426356589
"9070",8232,573,2008,"r","HornLen","gaussian",6,0,3.66537467700258,40.6705426356589
"91171",11340,187,2008,"r","HornLen","gaussian",1,0,-1.33462532299742,40.6705426356589
"91211",10660,282,2008,"r","HornLen","gaussian",1,0,-1.33462532299742,40.6705426356589
"91251",13299,300,2008,"r","HornLen","gaussian",1,0,-1.33462532299742,40.6705426356589
"91261",5691,270,2008,"r","HornLen","gaussian",1,0,-1.33462532299742,40.6705426356589
"91271",2909,225,2008,"r","HornLen","gaussian",1,0,-1.33462532299742,40.6705426356589
"9128",9558,351,2008,"r","HornLen","gaussian",2,0,-0.334625322997416,40.6705426356589
"9131",9795,306,2008,"r","HornLen","gaussian",2,0,-0.334625322997416,40.6705426356589
"9132",13519,569,2008,"r","HornLen","gaussian",3,0,0.665374677002584,40.6705426356589
"9135",4405,436,2008,"r","HornLen","gaussian",4,0,1.66537467700258,40.6705426356589
"9139",3959,552,2008,"r","HornLen","gaussian",5,0,2.66537467700258,40.6705426356589
"9147",9620,496,2008,"r","HornLen","gaussian",6,0,3.66537467700258,40.6705426356589
"9154",8593,494,2008,"r","HornLen","gaussian",8,1,5.66537467700258,40.6705426356589
"91831",10289,226,2008,"r","HornLen","gaussian",1,0,-1.33462532299742,40.6705426356589
"91841",3045,246,2008,"r","HornLen","gaussian",1,0,-1.33462532299742,40.6705426356589
"91861",14328,201,2008,"r","HornLen","gaussian",1,0,-1.33462532299742,40.6705426356589
"91871",8540,205,2008,"r","HornLen","gaussian",1,0,-1.33462532299742,40.6705426356589
"9189",5779,331,2008,"r","HornLen","gaussian",2,0,-0.334625322997416,40.6705426356589
"91911",10798,385,2008,"r","HornLen","gaussian",2,0,-0.334625322997416,40.6705426356589
"92461",2789,208,2008,"r","HornLen","gaussian",1,0,-1.33462532299742,40.6705426356589
"92481",300,143,2008,"r","HornLen","gaussian",1,0,-1.33462532299742,40.6705426356589
"92501",9388,167,2008,"r","HornLen","gaussian",1,0,-1.33462532299742,40.6705426356589
"94151",7792,383,2009,"r","HornLen","gaussian",2,0,-0.334625322997416,90.6705426356589
"94161",3596,385,2009,"r","HornLen","gaussian",2,1,-0.334625322997416,90.6705426356589
"9418",710,467,2009,"r","HornLen","gaussian",6,1,3.66537467700258,90.6705426356589
"94651",3759,222,2009,"r","HornLen","gaussian",1,0,-1.33462532299742,90.6705426356589
"94711",13160,224,2009,"r","HornLen","gaussian",1,0,-1.33462532299742,90.6705426356589
"94721",9526,186,2009,"r","HornLen","gaussian",1,1,-1.33462532299742,90.6705426356589
"94731",6715,183,2009,"r","HornLen","gaussian",1,0,-1.33462532299742,90.6705426356589
"94821",13557,183,2009,"r","HornLen","gaussian",1,0,-1.33462532299742,90.6705426356589
"9484",4358,437,2009,"r","HornLen","gaussian",2,0,-0.334625322997416,90.6705426356589
"9488",10660,426,2009,"r","HornLen","gaussian",2,0,-0.334625322997416,90.6705426356589
"9491",145,334,2009,"r","HornLen","gaussian",2,1,-0.334625322997416,90.6705426356589
"9495",686,348,2009,"r","HornLen","gaussian",2,0,-0.334625322997416,90.6705426356589
"9499",8349,500,2009,"r","HornLen","gaussian",3,0,0.665374677002584,90.6705426356589
"9500",9558,445,2009,"r","HornLen","gaussian",3,0,0.665374677002584,90.6705426356589
"9501",5779,403,2009,"r","HornLen","gaussian",3,0,0.665374677002584,90.6705426356589
"9503",13855,424,2009,"r","HornLen","gaussian",3,0,0.665374677002584,90.6705426356589
"9505",2645,383,2009,"r","HornLen","gaussian",3,0,0.665374677002584,90.6705426356589
"9506",9795,360,2009,"r","HornLen","gaussian",3,0,0.665374677002584,90.6705426356589
"9507",10798,480,2009,"r","HornLen","gaussian",3,0,0.665374677002584,90.6705426356589
"9508",13519,658,2009,"r","HornLen","gaussian",4,0,1.66537467700258,90.6705426356589
"9514",4405,474,2009,"r","HornLen","gaussian",5,0,2.66537467700258,90.6705426356589
"9516",10880,660,2009,"r","HornLen","gaussian",6,0,3.66537467700258,90.6705426356589
"9518",8460,529,2009,"r","HornLen","gaussian",6,0,3.66537467700258,90.6705426356589
"9519",12687,446,2009,"r","HornLen","gaussian",6,1,3.66537467700258,90.6705426356589
"9521",3959,573,2009,"r","HornLen","gaussian",6,0,3.66537467700258,90.6705426356589
"9531",5426,528,2009,"r","HornLen","gaussian",7,0,4.66537467700258,90.6705426356589
"9544",8593,486,2009,"r","HornLen","gaussian",9,1,6.66537467700258,90.6705426356589
"95791",13251,278,2009,"r","HornLen","gaussian",1,0,-1.33462532299742,90.6705426356589
"95801",12408,266,2009,"r","HornLen","gaussian",1,0,-1.33462532299742,90.6705426356589
"95811",7305,174,2009,"r","HornLen","gaussian",1,1,-1.33462532299742,90.6705426356589
"95851",11953,285,2009,"r","HornLen","gaussian",1,1,-1.33462532299742,90.6705426356589
"95881",11892,264,2009,"r","HornLen","gaussian",1,0,-1.33462532299742,90.6705426356589
"95901",6119,219,2009,"r","HornLen","gaussian",1,1,-1.33462532299742,90.6705426356589
"9591",1414,410,2009,"r","HornLen","gaussian",2,0,-0.334625322997416,90.6705426356589
"95921",7076,323,2009,"r","HornLen","gaussian",2,0,-0.334625322997416,90.6705426356589
"9593",11340,260,2009,"r","HornLen","gaussian",2,0,-0.334625322997416,90.6705426356589
"95961",1012,393,2009,"r","HornLen","gaussian",2,0,-0.334625322997416,90.6705426356589
"9601",5691,379,2009,"r","HornLen","gaussian",2,0,-0.334625322997416,90.6705426356589
"9609",3643,431,2009,"r","HornLen","gaussian",3,0,0.665374677002584,90.6705426356589
"9620",8232,574,2009,"r","HornLen","gaussian",7,0,4.66537467700258,90.6705426356589
"98941",4018,244,2010,"r","HornLen","gaussian",1,0,-1.33462532299742,145.670542635659
"98951",9447,233,2010,"r","HornLen","gaussian",1,0,-1.33462532299742,145.670542635659
"98961",11713,176,2010,"r","HornLen","gaussian",1,0,-1.33462532299742,145.670542635659
"98971",12454,295,2010,"r","HornLen","gaussian",1,0,-1.33462532299742,145.670542635659
"99571",3136,293,2010,"r","HornLen","gaussian",1,0,-1.33462532299742,145.670542635659
"99591",10855,218,2010,"r","HornLen","gaussian",1,0,-1.33462532299742,145.670542635659
"99611",6162,215,2010,"r","HornLen","gaussian",1,0,-1.33462532299742,145.670542635659
"99681",7214,311,2010,"r","HornLen","gaussian",1,0,-1.33462532299742,145.670542635659
"99691",8507,258,2010,"r","HornLen","gaussian",1,0,-1.33462532299742,145.670542635659
"99701",2426,251,2010,"r","HornLen","gaussian",1,0,-1.33462532299742,145.670542635659
"99711",12371,193,2010,"r","HornLen","gaussian",1,0,-1.33462532299742,145.670542635659
"99761",3563,354,2010,"r","HornLen","gaussian",2,0,-0.334625322997416,145.670542635659
"99791",9907,251,2010,"r","HornLen","gaussian",2,0,-0.334625322997416,145.670542635659
"99891",271,384,2010,"r","HornLen","gaussian",3,0,0.665374677002584,145.670542635659
"100211",2133,194,2010,"r","HornLen","gaussian",1,0,-1.33462532299742,145.670542635659
"100301",1061,380,2010,"r","HornLen","gaussian",2,0,-0.334625322997416,145.670542635659
"101041",582,258,2010,"r","HornLen","gaussian",1,0,-1.33462532299742,145.670542635659
"101071",13200,174,2010,"r","HornLen","gaussian",1,0,-1.33462532299742,145.670542635659
"101081",8853,246,2010,"r","HornLen","gaussian",1,0,-1.33462532299742,145.670542635659
"101121",10390,163,2010,"r","HornLen","gaussian",1,0,-1.33462532299742,145.670542635659
"101161",3278,202,2010,"r","HornLen","gaussian",1,0,-1.33462532299742,145.670542635659
"101181",12514,290,2010,"r","HornLen","gaussian",1,0,-1.33462532299742,145.670542635659
"101221",10097,239,2010,"r","HornLen","gaussian",1,0,-1.33462532299742,145.670542635659
"101231",11174,149,2010,"r","HornLen","gaussian",1,0,-1.33462532299742,145.670542635659
"101251",9804,120,2010,"r","HornLen","gaussian",1,0,-1.33462532299742,145.670542635659
"10129",3759,303,2010,"r","HornLen","gaussian",2,0,-0.334625322997416,145.670542635659
"10130",13251,377,2010,"r","HornLen","gaussian",2,0,-0.334625322997416,145.670542635659
"10131",12408,355,2010,"r","HornLen","gaussian",2,0,-0.334625322997416,145.670542635659
"10132",7305,253,2010,"r","HornLen","gaussian",2,1,-0.334625322997416,145.670542635659
"101351",3657,218,2010,"r","HornLen","gaussian",2,0,-0.334625322997416,145.670542635659
"10140",13160,270,2010,"r","HornLen","gaussian",2,0,-0.334625322997416,145.670542635659
"10155",11892,315,2010,"r","HornLen","gaussian",2,0,-0.334625322997416,145.670542635659
"10157",13557,250,2010,"r","HornLen","gaussian",2,0,-0.334625322997416,145.670542635659
"10160",1414,467,2010,"r","HornLen","gaussian",3,0,0.665374677002584,145.670542635659
"10161",11340,296,2010,"r","HornLen","gaussian",3,0,0.665374677002584,145.670542635659
"10163",4358,490,2010,"r","HornLen","gaussian",3,0,0.665374677002584,145.670542635659
"101681",11111,376,2010,"r","HornLen","gaussian",3,0,0.665374677002584,145.670542635659
"10170",10660,488,2010,"r","HornLen","gaussian",3,0,0.665374677002584,145.670542635659
"10177",145,364,2010,"r","HornLen","gaussian",3,1,0.665374677002584,145.670542635659
"10180",686,378,2010,"r","HornLen","gaussian",3,0,0.665374677002584,145.670542635659
"10181",5691,441,2010,"r","HornLen","gaussian",3,0,0.665374677002584,145.670542635659
"10187",8349,544,2010,"r","HornLen","gaussian",4,0,1.66537467700258,145.670542635659
"10188",9558,477,2010,"r","HornLen","gaussian",4,0,1.66537467700258,145.670542635659
"10190",13855,463,2010,"r","HornLen","gaussian",4,0,1.66537467700258,145.670542635659
"10194",2645,409,2010,"r","HornLen","gaussian",4,0,1.66537467700258,145.670542635659
"10195",3643,457,2010,"r","HornLen","gaussian",4,0,1.66537467700258,145.670542635659
"10196",9795,362,2010,"r","HornLen","gaussian",4,0,1.66537467700258,145.670542635659
"10197",13519,681,2010,"r","HornLen","gaussian",5,0,2.66537467700258,145.670542635659
"10208",4405,485,2010,"r","HornLen","gaussian",6,0,3.66537467700258,145.670542635659
"10212",10880,673,2010,"r","HornLen","gaussian",7,0,4.66537467700258,145.670542635659
"10217",3959,583,2010,"r","HornLen","gaussian",7,0,4.66537467700258,145.670542635659
"10231",8232,590,2010,"r","HornLen","gaussian",8,0,5.66537467700258,145.670542635659
"10244",8593,485,2010,"r","HornLen","gaussian",10,1,7.66537467700258,145.670542635659
"105181",11810,213,2011,"r","HornLen","gaussian",1,0,-1.33462532299742,122.670542635659
"105201",10382,260,2011,"r","HornLen","gaussian",1,0,-1.33462532299742,122.670542635659
"10528",582,353,2011,"r","HornLen","gaussian",2,0,-0.334625322997416,122.670542635659
"10529",8853,393,2011,"r","HornLen","gaussian",2,0,-0.334625322997416,122.670542635659
"10536",3136,383,2011,"r","HornLen","gaussian",2,0,-0.334625322997416,122.670542635659
"10542",10097,328,2011,"r","HornLen","gaussian",2,0,-0.334625322997416,122.670542635659
"10543",9804,154,2011,"r","HornLen","gaussian",2,0,-0.334625322997416,122.670542635659
"10548",3759,342,2011,"r","HornLen","gaussian",3,0,0.665374677002584,122.670542635659
"10549",13251,448,2011,"r","HornLen","gaussian",3,0,0.665374677002584,122.670542635659
"10550",12408,426,2011,"r","HornLen","gaussian",3,0,0.665374677002584,122.670542635659
"10551",7305,308,2011,"r","HornLen","gaussian",3,1,0.665374677002584,122.670542635659
"10565",13557,278,2011,"r","HornLen","gaussian",3,0,0.665374677002584,122.670542635659
"10569",1414,494,2011,"r","HornLen","gaussian",4,0,1.66537467700258,122.670542635659
"10573",11111,423,2011,"r","HornLen","gaussian",4,0,1.66537467700258,122.670542635659
"10579",686,404,2011,"r","HornLen","gaussian",4,0,1.66537467700258,122.670542635659
"10580",5691,492,2011,"r","HornLen","gaussian",4,0,1.66537467700258,122.670542635659
"10589",8349,573,2011,"r","HornLen","gaussian",5,0,2.66537467700258,122.670542635659
"10593",3643,478,2011,"r","HornLen","gaussian",5,0,2.66537467700258,122.670542635659
"10595",13519,708,2011,"r","HornLen","gaussian",6,0,3.66537467700258,122.670542635659
"10603",4405,492,2011,"r","HornLen","gaussian",7,0,4.66537467700258,122.670542635659
"106391",1134,238,2011,"r","HornLen","gaussian",1,0,-1.33462532299742,122.670542635659
"106411",485,119,2011,"r","HornLen","gaussian",1,0,-1.33462532299742,122.670542635659
"106421",11981,193,2011,"r","HornLen","gaussian",1,0,-1.33462532299742,122.670542635659
"10644",13200,254,2011,"r","HornLen","gaussian",2,0,-0.334625322997416,122.670542635659
"10645",10390,282,2011,"r","HornLen","gaussian",2,0,-0.334625322997416,122.670542635659
"10647",3278,290,2011,"r","HornLen","gaussian",2,0,-0.334625322997416,122.670542635659
"10649",13160,317,2011,"r","HornLen","gaussian",3,0,0.665374677002584,122.670542635659
"10654",11892,368,2011,"r","HornLen","gaussian",3,0,0.665374677002584,122.670542635659
"10656",11340,340,2011,"r","HornLen","gaussian",4,0,1.66537467700258,122.670542635659
"10657",4358,532,2011,"r","HornLen","gaussian",4,0,1.66537467700258,122.670542635659
"10659",145,377,2011,"r","HornLen","gaussian",4,1,1.66537467700258,122.670542635659
"10663",2645,438,2011,"r","HornLen","gaussian",5,0,2.66537467700258,122.670542635659
"10664",9795,397,2011,"r","HornLen","gaussian",5,0,2.66537467700258,122.670542635659
"10698",12454,375,2011,"r","HornLen","gaussian",2,0,-0.334625322997416,122.670542635659
"106991",3156,337,2011,"r","HornLen","gaussian",2,1,-0.334625322997416,122.670542635659
"10703",6162,282,2011,"r","HornLen","gaussian",2,0,-0.334625322997416,122.670542635659
"107041",9718,401,2011,"r","HornLen","gaussian",2,0,-0.334625322997416,122.670542635659
"107111",7421,358,2011,"r","HornLen","gaussian",3,0,0.665374677002584,122.670542635659
"10717",1012,486,2011,"r","HornLen","gaussian",4,0,1.66537467700258,122.670542635659
"107201",10426,447,2011,"r","HornLen","gaussian",4,1,1.66537467700258,122.670542635659
"10730",8887,444,2011,"r","HornLen","gaussian",8,0,5.66537467700258,122.670542635659
"107311",2605,383,2011,"r","HornLen","gaussian",8,0,5.66537467700258,122.670542635659
"10734",1643,566,2011,"r","HornLen","gaussian",8,0,5.66537467700258,122.670542635659
"112461",12554,234,2012,"r","HornLen","gaussian",1,0,-1.33462532299742,-164.329457364341
"11250",11810,299,2012,"r","HornLen","gaussian",2,0,-0.334625322997416,-164.329457364341
"11259",582,429,2012,"r","HornLen","gaussian",3,0,0.665374677002584,-164.329457364341
"11266",10097,381,2012,"r","HornLen","gaussian",3,0,0.665374677002584,-164.329457364341
"112671",6952,414,2012,"r","HornLen","gaussian",3,0,0.665374677002584,-164.329457364341
"11281",4358,552,2012,"r","HornLen","gaussian",5,0,2.66537467700258,-164.329457364341
"11293",3643,483,2012,"r","HornLen","gaussian",6,0,3.66537467700258,-164.329457364341
"113191",6408,253,2012,"r","HornLen","gaussian",1,0,-1.33462532299742,-164.329457364341
"11320",11981,270,2012,"r","HornLen","gaussian",2,0,-0.334625322997416,-164.329457364341
"113211",5425,214,2012,"r","HornLen","gaussian",2,0,-0.334625322997416,-164.329457364341
"11324",3278,341,2012,"r","HornLen","gaussian",3,0,0.665374677002584,-164.329457364341
"11325",13251,490,2012,"r","HornLen","gaussian",4,0,1.66537467700258,-164.329457364341
"11330",11892,399,2012,"r","HornLen","gaussian",4,0,1.66537467700258,-164.329457364341
"11337",5691,518,2012,"r","HornLen","gaussian",5,0,2.66537467700258,-164.329457364341
"11344",10880,690,2012,"r","HornLen","gaussian",9,0,6.66537467700258,-164.329457364341
"12379",955,341,1988,"r","HornLen","gaussian",1,0,-1.33462532299742,-69.3294573643411
