"","ID","BolCirc","CapAgeYears","Sex","Twin","jdateMC","PopDensMC","CapYear","BirthYear","animal"
"416",4164,260,1,2,1,5.58773784355179,-209.045454545455,1987,1986,4164
"417",4017,300,1,2,0,5.58773784355179,-209.045454545455,1987,1986,4017
"418",14088,300,1,2,0,5.58773784355179,-209.045454545455,1987,1986,14088
"419",3332,305,1,2,0,5.58773784355179,-209.045454545455,1987,1986,3332
"420",12579,230,1,2,0,5.58773784355179,-209.045454545455,1987,1986,12579
"421",7470,285,1,2,0,5.58773784355179,-209.045454545455,1987,1986,7470
"423",7943,245,1,2,0,5.58773784355179,-209.045454545455,1987,1986,7943
"424",1318,270,1,2,0,5.58773784355179,-209.045454545455,1987,1986,1318
"470",8410,288,1,2,0,5.58773784355179,-209.045454545455,1987,1986,8410
"471",11505,220,1,2,0,5.58773784355179,-209.045454545455,1987,1986,11505
"505",9581,280,1,2,0,6.58773784355179,-209.045454545455,1987,1986,9581
"506",13929,290,1,2,0,6.58773784355179,-209.045454545455,1987,1986,13929
"517",11784,265,1,2,0,6.58773784355179,-209.045454545455,1987,1986,11784
"526",12613,293,1,2,0,6.58773784355179,-209.045454545455,1987,1986,12613
"637",4782,255,1,2,0,10.5877378435518,-83.0454545454545,1988,1987,4782
"658",4164,275,2,2,1,10.5877378435518,-83.0454545454545,1988,1986,4164
"659",4017,293,2,2,0,10.5877378435518,-83.0454545454545,1988,1986,4017
"660",14088,285,2,2,0,10.5877378435518,-83.0454545454545,1988,1986,14088
"663",7470,265,2,2,0,10.5877378435518,-83.0454545454545,1988,1986,7470
"664",10920,250,1,2,0,10.5877378435518,-83.0454545454545,1988,1987,10920
"665",10427,240,1,2,0,10.5877378435518,-83.0454545454545,1988,1987,10427
"666",4514,235,1,2,0,10.5877378435518,-83.0454545454545,1988,1987,4514
"668",1492,230,1,2,1,10.5877378435518,-83.0454545454545,1988,1987,1492
"669",2955,259,1,2,0,10.5877378435518,-83.0454545454545,1988,1987,2955
"670",1641,245,1,2,1,10.5877378435518,-83.0454545454545,1988,1987,1641
"671",10476,250,1,2,0,10.5877378435518,-83.0454545454545,1988,1987,10476
"672",11996,263,1,2,0,10.5877378435518,-83.0454545454545,1988,1987,11996
"673",10379,255,1,2,0,10.5877378435518,-83.0454545454545,1988,1987,10379
"684",11505,260,2,2,0,10.5877378435518,-83.0454545454545,1988,1986,11505
"692",8410,295,2,2,0,10.5877378435518,-83.0454545454545,1988,1986,8410
"693",12322,245,1,2,0,10.5877378435518,-83.0454545454545,1988,1987,12322
"694",6999,260,1,2,0,10.5877378435518,-83.0454545454545,1988,1987,6999
"695",6619,252,1,2,1,10.5877378435518,-83.0454545454545,1988,1987,6619
"696",7187,287,1,2,1,10.5877378435518,-83.0454545454545,1988,1987,7187
"701",6481,275,2,2,0,10.5877378435518,-83.0454545454545,1988,1986,6481
"725",3466,288,1,2,1,12.5877378435518,-83.0454545454545,1988,1987,3466
"728",14298,280,1,2,0,12.5877378435518,-83.0454545454545,1988,1987,14298
"729",4356,260,1,2,0,12.5877378435518,-83.0454545454545,1988,1987,4356
"743",3641,285,1,2,0,12.5877378435518,-83.0454545454545,1988,1987,3641
"760",2768,280,2,2,0,16.5877378435518,-83.0454545454545,1988,1986,2768
"761",12313,255,1,2,0,16.5877378435518,-83.0454545454545,1988,1987,12313
"762",12241,290,1,2,0,16.5877378435518,-83.0454545454545,1988,1987,12241
"763",3999,258,1,2,1,16.5877378435518,-83.0454545454545,1988,1987,3999
"764",6994,255,1,2,0,16.5877378435518,-83.0454545454545,1988,1987,6994
"767",12579,270,2,2,0,17.5877378435518,-83.0454545454545,1988,1986,12579
"768",7943,255,2,2,0,17.5877378435518,-83.0454545454545,1988,1986,7943
"770",7071,265,1,2,0,17.5877378435518,-83.0454545454545,1988,1987,7071
"774",11784,280,2,2,0,17.5877378435518,-83.0454545454545,1988,1986,11784
"1731",5102,220,1,2,0,-0.412262156448207,-219.045454545455,1992,1991,5102
"1733",11579,225,1,2,0,-0.412262156448207,-219.045454545455,1992,1991,11579
"1734",6108,235,1,2,0,-0.412262156448207,-219.045454545455,1992,1991,6108
"1787",9509,195,1,2,0,1.58773784355179,-219.045454545455,1992,1991,9509
"1788",1546,240,1,2,1,1.58773784355179,-219.045454545455,1992,1991,1546
"1789",4341,230,1,2,0,1.58773784355179,-219.045454545455,1992,1991,4341
"1797",12400,215,1,2,0,1.58773784355179,-219.045454545455,1992,1991,12400
"2338",2712,266,3,2,0,1.58773784355179,-183.045454545455,1995,1992,2712
"2354",13789,256,2,2,0,1.58773784355179,-183.045454545455,1995,1993,13789
"2355",2841,265,2,2,0,1.58773784355179,-183.045454545455,1995,1993,2841
"2359",6317,294,5,2,0,1.58773784355179,-183.045454545455,1995,1990,6317
"2386",2725,296,5,2,0,1.58773784355179,-183.045454545455,1995,1990,2725
"2394",630,287,2,2,0,1.58773784355179,-183.045454545455,1995,1993,630
"2395",2803,297,6,2,1,1.58773784355179,-183.045454545455,1995,1989,2803
"2399",9760,302,3,2,1,1.58773784355179,-183.045454545455,1995,1992,9760
"2433",11215,287,2,2,0,4.58773784355179,-183.045454545455,1995,1993,11215
"2434",8137,280,2,2,0,4.58773784355179,-183.045454545455,1995,1993,8137
"2438",3747,292,2,2,0,4.58773784355179,-183.045454545455,1995,1993,3747
"2486",875,294,5,2,0,6.58773784355179,-183.045454545455,1995,1990,875
"2495",14124,296,4,2,0,6.58773784355179,-183.045454545455,1995,1991,14124
"2497",8067,300,5,2,0,6.58773784355179,-183.045454545455,1995,1990,8067
"2507",2650,286,5,2,0,6.58773784355179,-183.045454545455,1995,1990,2650
"2508",9498,262,2,2,1,6.58773784355179,-183.045454545455,1995,1993,9498
"2511",13278,261,2,2,0,6.58773784355179,-183.045454545455,1995,1993,13278
"2514",9482,283,4,2,0,6.58773784355179,-183.045454545455,1995,1991,9482
"2515",9509,230,4,2,0,6.58773784355179,-183.045454545455,1995,1991,9509
"2555",5770,260,1,2,0,0.587737843551793,34.9545454545455,1996,1995,5770
"2590",6518,250,1,2,0,0.587737843551793,34.9545454545455,1996,1995,6518
"2593",7515,230,1,2,0,0.587737843551793,34.9545454545455,1996,1995,7515
"2625",9542,250,1,2,1,1.58773784355179,34.9545454545455,1996,1995,9542
"2628",10052,230,1,2,0,1.58773784355179,34.9545454545455,1996,1995,10052
"2630",14254,230,1,2,0,1.58773784355179,34.9545454545455,1996,1995,14254
"2634",11220,240,1,2,0,1.58773784355179,34.9545454545455,1996,1995,11220
"2637",8051,230,1,2,0,1.58773784355179,34.9545454545455,1996,1995,8051
"2638",9195,270,1,2,0,1.58773784355179,34.9545454545455,1996,1995,9195
"2639",4381,230,1,2,0,1.58773784355179,34.9545454545455,1996,1995,4381
"2640",97,260,1,2,0,1.58773784355179,34.9545454545455,1996,1995,97
"2668",2114,220,1,2,1,1.58773784355179,34.9545454545455,1996,1995,2114
"2675",9608,260,1,2,0,1.58773784355179,34.9545454545455,1996,1995,9608
"2693",1841,270,1,2,0,1.58773784355179,34.9545454545455,1996,1995,1841
"2707",9816,230,1,2,1,1.58773784355179,34.9545454545455,1996,1995,9816
"2741",640,260,1,2,0,1.58773784355179,34.9545454545455,1996,1995,640
"2767",4402,230,1,2,0,2.58773784355179,34.9545454545455,1996,1995,4402
"2769",10112,230,1,2,0,2.58773784355179,34.9545454545455,1996,1995,10112
"2770",6210,220,1,2,0,2.58773784355179,34.9545454545455,1996,1995,6210
"2772",954,260,1,2,1,2.58773784355179,34.9545454545455,1996,1995,954
"2785",13007,220,1,2,0,2.58773784355179,34.9545454545455,1996,1995,13007
"2788",8962,230,1,2,0,2.58773784355179,34.9545454545455,1996,1995,8962
"2789",13074,250,1,2,0,2.58773784355179,34.9545454545455,1996,1995,13074
"2797",9967,280,4,2,1,2.58773784355179,34.9545454545455,1996,1992,9967
"2808",6052,250,1,2,1,2.58773784355179,34.9545454545455,1996,1995,6052
"2810",530,260,1,2,1,2.58773784355179,34.9545454545455,1996,1995,530
"2816",4396,230,1,2,0,2.58773784355179,34.9545454545455,1996,1995,4396
"2851",2712,260,4,2,0,4.58773784355179,34.9545454545455,1996,1992,2712
"2852",13178,290,4,2,0,4.58773784355179,34.9545454545455,1996,1992,13178
"2853",12607,280,4,2,0,4.58773784355179,34.9545454545455,1996,1992,12607
"2859",3507,260,1,2,0,4.58773784355179,34.9545454545455,1996,1995,3507
"2861",12657,260,1,2,0,4.58773784355179,34.9545454545455,1996,1995,12657
"2864",11215,290,3,2,0,4.58773784355179,34.9545454545455,1996,1993,11215
"2866",2803,284,7,2,1,4.58773784355179,34.9545454545455,1996,1989,2803
"2867",6317,294,6,2,0,4.58773784355179,34.9545454545455,1996,1990,6317
"2868",2725,282,6,2,0,4.58773784355179,34.9545454545455,1996,1990,2725
"2869",9760,318,4,2,1,4.58773784355179,34.9545454545455,1996,1992,9760
"2870",6108,290,5,2,0,4.58773784355179,34.9545454545455,1996,1991,6108
"2874",5562,330,7,2,0,4.58773784355179,34.9545454545455,1996,1989,5562
"2877",2068,229,1,2,0,4.58773784355179,34.9545454545455,1996,1995,2068
"2878",3747,320,3,2,0,4.58773784355179,34.9545454545455,1996,1993,3747
"2881",10146,280,3,2,0,4.58773784355179,34.9545454545455,1996,1993,10146
"2902",12841,250,1,2,0,5.58773784355179,34.9545454545455,1996,1995,12841
"2913",1245,250,1,2,0,5.58773784355179,34.9545454545455,1996,1995,1245
"2914",2173,250,4,2,0,5.58773784355179,34.9545454545455,1996,1992,2173
"2969",5562,293,8,2,0,-2.41226215644821,1.9545454545455,1997,1989,5562
"2994",6108,275,6,2,0,-2.41226215644821,1.9545454545455,1997,1991,6108
"2999",2712,240,5,2,0,-2.41226215644821,1.9545454545455,1997,1992,2712
"3002",12740,289,5,2,0,-2.41226215644821,1.9545454545455,1997,1992,12740
"3004",9967,261,5,2,1,-2.41226215644821,1.9545454545455,1997,1992,9967
"3006",13178,305,5,2,0,-2.41226215644821,1.9545454545455,1997,1992,13178
"3009",12607,282,5,2,0,-2.41226215644821,1.9545454545455,1997,1992,12607
"3016",3747,291,4,2,0,-2.41226215644821,1.9545454545455,1997,1993,3747
"3017",11215,258,4,2,0,-2.41226215644821,1.9545454545455,1997,1993,11215
"3024",6912,239,4,2,1,-2.41226215644821,1.9545454545455,1997,1993,6912
"3026",10146,268,4,2,0,-2.41226215644821,1.9545454545455,1997,1993,10146
"3032",5025,274,3,2,0,-2.41226215644821,1.9545454545455,1997,1994,5025
"3042",6052,238,2,2,1,-2.41226215644821,1.9545454545455,1997,1995,6052
"3045",10052,243,2,2,0,-2.41226215644821,1.9545454545455,1997,1995,10052
"3053",4402,238,2,2,0,-2.41226215644821,1.9545454545455,1997,1995,4402
"3054",530,231,2,2,1,-2.41226215644821,1.9545454545455,1997,1995,530
"3055",10112,253,2,2,0,-2.41226215644821,1.9545454545455,1997,1995,10112
"3057",954,249,2,2,1,-2.41226215644821,1.9545454545455,1997,1995,954
"3059",13521,268,2,2,0,-2.41226215644821,1.9545454545455,1997,1995,13521
"3060",1245,274,2,2,0,-2.41226215644821,1.9545454545455,1997,1995,1245
"3062",437,220,1,2,0,-2.41226215644821,1.9545454545455,1997,1996,437
"3063",12752,217,1,2,0,-2.41226215644821,1.9545454545455,1997,1996,12752
"3064",3806,171,1,2,1,-2.41226215644821,1.9545454545455,1997,1996,3806
"3067",13985,190,1,2,0,-2.41226215644821,1.9545454545455,1997,1996,13985
"3069",6342,219,1,2,0,-2.41226215644821,1.9545454545455,1997,1996,6342
"3070",1120,214,1,2,1,-2.41226215644821,1.9545454545455,1997,1996,1120
"3071",12608,207,1,2,0,-2.41226215644821,1.9545454545455,1997,1996,12608
"3152",9542,226,2,2,1,0.587737843551793,1.9545454545455,1997,1995,9542
"3153",4396,229,2,2,0,0.587737843551793,1.9545454545455,1997,1995,4396
"3171",875,236,7,2,0,1.58773784355179,1.9545454545455,1997,1990,875
"3173",2650,255,7,2,0,1.58773784355179,1.9545454545455,1997,1990,2650
"3176",9482,265,6,2,0,1.58773784355179,1.9545454545455,1997,1991,9482
"3197",3073,204,1,2,0,1.58773784355179,1.9545454545455,1997,1996,3073
"3202",14037,218,1,2,0,1.58773784355179,1.9545454545455,1997,1996,14037
"3203",6694,239,1,2,0,1.58773784355179,1.9545454545455,1997,1996,6694
"3204",2463,225,1,2,0,1.58773784355179,1.9545454545455,1997,1996,2463
"3233",11220,256,2,2,0,2.58773784355179,1.9545454545455,1997,1995,11220
"3244",14254,249,2,2,0,3.58773784355179,1.9545454545455,1997,1995,14254
"3248",6518,257,2,2,0,3.58773784355179,1.9545454545455,1997,1995,6518
"3249",5007,236,1,2,0,3.58773784355179,1.9545454545455,1997,1996,5007
"3254",7906,244,1,2,0,3.58773784355179,1.9545454545455,1997,1996,7906
"3319",11731,238,1,2,0,-2.41226215644821,50.9545454545455,1998,1997,11731
"3320",1632,201,1,2,0,-2.41226215644821,50.9545454545455,1998,1997,1632
"3322",13880,232,1,2,0,-2.41226215644821,50.9545454545455,1998,1997,13880
"3324",9208,212,1,2,0,-2.41226215644821,50.9545454545455,1998,1997,9208
"3399",4469,242,1,2,0,-1.41226215644821,50.9545454545455,1998,1997,4469
"3401",320,219,1,2,0,-1.41226215644821,50.9545454545455,1998,1997,320
"3402",3806,234,2,2,1,-1.41226215644821,50.9545454545455,1998,1996,3806
"3403",6342,258,2,2,0,-1.41226215644821,50.9545454545455,1998,1996,6342
"3404",10173,211,2,2,0,-1.41226215644821,50.9545454545455,1998,1996,10173
"3405",9816,249,3,2,1,-1.41226215644821,50.9545454545455,1998,1995,9816
"3406",6052,269,3,2,1,-1.41226215644821,50.9545454545455,1998,1995,6052
"3409",97,260,3,2,0,-1.41226215644821,50.9545454545455,1998,1995,97
"3410",4381,263,3,2,0,-1.41226215644821,50.9545454545455,1998,1995,4381
"3411",14254,255,3,2,0,-1.41226215644821,50.9545454545455,1998,1995,14254
"3412",9542,261,3,2,1,-1.41226215644821,50.9545454545455,1998,1995,9542
"3415",4402,250,3,2,0,-1.41226215644821,50.9545454545455,1998,1995,4402
"3416",954,263,3,2,1,-1.41226215644821,50.9545454545455,1998,1995,954
"3421",630,273,5,2,0,-1.41226215644821,50.9545454545455,1998,1993,630
"3430",6317,244,8,2,0,-1.41226215644821,50.9545454545455,1998,1990,6317
"3469",140,208,1,2,0,0.587737843551793,50.9545454545455,1998,1997,140
"3470",9232,221,1,2,0,0.587737843551793,50.9545454545455,1998,1997,9232
"3472",3559,226,1,2,0,0.587737843551793,50.9545454545455,1998,1997,3559
"3480",7972,187,1,2,0,0.587737843551793,50.9545454545455,1998,1997,7972
"3481",13920,246,1,2,0,0.587737843551793,50.9545454545455,1998,1997,13920
"3484",14037,254,2,2,0,0.587737843551793,50.9545454545455,1998,1996,14037
"3486",6694,293,2,2,0,0.587737843551793,50.9545454545455,1998,1996,6694
"3535",5708,274,2,2,0,2.58773784355179,50.9545454545455,1998,1996,5708
"3538",13278,273,5,2,0,2.58773784355179,50.9545454545455,1998,1993,13278
"3540",8137,263,5,2,0,2.58773784355179,50.9545454545455,1998,1993,8137
"3545",9482,268,7,2,0,2.58773784355179,50.9545454545455,1998,1991,9482
"3546",14124,281,7,2,0,2.58773784355179,50.9545454545455,1998,1991,14124
"3547",2650,266,8,2,0,2.58773784355179,50.9545454545455,1998,1990,2650
"3551",4024,291,2,2,0,3.58773784355179,50.9545454545455,1998,1996,4024
"3552",9393,303,2,2,1,3.58773784355179,50.9545454545455,1998,1996,9393
"3553",3644,281,3,2,0,3.58773784355179,50.9545454545455,1998,1995,3644
"3715",4469,268,2,2,0,-4.41226215644821,-215.045454545455,1999,1997,4469
"3723",8051,265,4,2,0,-4.41226215644821,-215.045454545455,1999,1995,8051
"3726",97,286,4,2,0,-4.41226215644821,-215.045454545455,1999,1995,97
"3727",4381,292,4,2,0,-4.41226215644821,-215.045454545455,1999,1995,4381
"3733",954,288,4,2,1,-4.41226215644821,-215.045454545455,1999,1995,954
"3734",12657,292,4,2,0,-4.41226215644821,-215.045454545455,1999,1995,12657
"3748",13178,292,7,2,0,-4.41226215644821,-215.045454545455,1999,1992,13178
"3778",229,243,1,2,0,-2.41226215644821,-215.045454545455,1999,1998,229
"3874",10457,304,2,2,0,3.58773784355179,-215.045454545455,1999,1997,10457
"3990",4597,290,1,2,0,-5.41226215644821,-79.0454545454545,2000,1999,4597
"3991",9060,265,1,2,0,-5.41226215644821,-79.0454545454545,2000,1999,9060
"3992",1858,265,1,2,0,-5.41226215644821,-79.0454545454545,2000,1999,1858
"3994",1260,265,1,2,1,-5.41226215644821,-79.0454545454545,2000,1999,1260
"3995",5865,230,1,2,1,-5.41226215644821,-79.0454545454545,2000,1999,5865
"3996",5893,260,1,2,0,-5.41226215644821,-79.0454545454545,2000,1999,5893
"3997",6898,270,1,2,0,-5.41226215644821,-79.0454545454545,2000,1999,6898
"4004",10634,230,1,2,1,-5.41226215644821,-79.0454545454545,2000,1999,10634
"4006",4469,285,3,2,0,-5.41226215644821,-79.0454545454545,2000,1997,4469
"4011",97,270,5,2,0,-5.41226215644821,-79.0454545454545,2000,1995,97
"4012",4381,275,5,2,0,-5.41226215644821,-79.0454545454545,2000,1995,4381
"4016",954,285,5,2,1,-5.41226215644821,-79.0454545454545,2000,1995,954
"4026",13178,285,8,2,0,-5.41226215644821,-79.0454545454545,2000,1992,13178
"4056",2508,255,1,2,0,-3.41226215644821,-79.0454545454545,2000,1999,2508
"4057",11665,245,1,2,0,-3.41226215644821,-79.0454545454545,2000,1999,11665
"4058",2027,270,1,2,0,-3.41226215644821,-79.0454545454545,2000,1999,2027
"4059",8425,240,1,2,0,-3.41226215644821,-79.0454545454545,2000,1999,8425
"4060",10767,250,1,2,0,-3.41226215644821,-79.0454545454545,2000,1999,10767
"4061",6381,225,1,2,0,-3.41226215644821,-79.0454545454545,2000,1999,6381
"4063",8882,270,1,2,0,-3.41226215644821,-79.0454545454545,2000,1999,8882
"4093",12752,295,4,2,0,-1.41226215644821,-79.0454545454545,2000,1996,12752
"4094",6518,270,5,2,0,-1.41226215644821,-79.0454545454545,2000,1995,6518
"4095",12841,255,5,2,0,-1.41226215644821,-79.0454545454545,2000,1995,12841
"4096",1245,320,5,2,0,-1.41226215644821,-79.0454545454545,2000,1995,1245
"4097",10112,300,5,2,0,-1.41226215644821,-79.0454545454545,2000,1995,10112
"4114",9348,280,1,2,0,-0.412262156448207,-79.0454545454545,2000,1999,9348
"4116",2265,265,1,2,0,-0.412262156448207,-79.0454545454545,2000,1999,2265
"4120",2825,235,1,2,0,-0.412262156448207,-79.0454545454545,2000,1999,2825
"4125",1107,255,4,2,1,-0.412262156448207,-79.0454545454545,2000,1996,1107
"4126",9587,265,4,2,0,-0.412262156448207,-79.0454545454545,2000,1996,9587
"4138",11193,215,1,2,1,0.587737843551793,-79.0454545454545,2000,1999,11193
"4139",7258,275,1,2,0,0.587737843551793,-79.0454545454545,2000,1999,7258
"4356",6594,280,1,2,0,-6.41226215644821,110.954545454545,2001,2000,6594
"4358",6306,240,1,2,0,-6.41226215644821,110.954545454545,2001,2000,6306
"4363",3070,270,1,2,1,-6.41226215644821,110.954545454545,2001,2000,3070
"4364",8593,255,1,2,1,-6.41226215644821,110.954545454545,2001,2000,8593
"4365",2457,230,1,2,0,-6.41226215644821,110.954545454545,2001,2000,2457
"4367",12363,225,1,2,1,-6.41226215644821,110.954545454545,2001,2000,12363
"4369",977,215,1,2,0,-6.41226215644821,110.954545454545,2001,2000,977
"4371",8765,250,1,2,1,-6.41226215644821,110.954545454545,2001,2000,8765
"4372",13543,185,1,2,0,-6.41226215644821,110.954545454545,2001,2000,13543
"4374",11832,235,1,2,0,-6.41226215644821,110.954545454545,2001,2000,11832
"4376",4597,285,2,2,0,-6.41226215644821,110.954545454545,2001,1999,4597
"4377",2089,275,2,2,0,-6.41226215644821,110.954545454545,2001,1999,2089
"4378",11193,260,2,2,1,-6.41226215644821,110.954545454545,2001,1999,11193
"4379",355,265,2,2,0,-6.41226215644821,110.954545454545,2001,1999,355
"4380",7793,260,2,2,0,-6.41226215644821,110.954545454545,2001,1999,7793
"4381",1858,255,2,2,0,-6.41226215644821,110.954545454545,2001,1999,1858
"4382",7408,255,2,2,1,-6.41226215644821,110.954545454545,2001,1999,7408
"4384",554,265,2,2,0,-6.41226215644821,110.954545454545,2001,1999,554
"4385",1260,255,2,2,1,-6.41226215644821,110.954545454545,2001,1999,1260
"4386",5893,270,2,2,0,-6.41226215644821,110.954545454545,2001,1999,5893
"4387",6898,270,2,2,0,-6.41226215644821,110.954545454545,2001,1999,6898
"4389",2027,270,2,2,0,-6.41226215644821,110.954545454545,2001,1999,2027
"4392",6381,250,2,2,0,-6.41226215644821,110.954545454545,2001,1999,6381
"4396",10634,255,2,2,1,-6.41226215644821,110.954545454545,2001,1999,10634
"4399",4469,285,4,2,0,-6.41226215644821,110.954545454545,2001,1997,4469
"4406",97,285,6,2,0,-6.41226215644821,110.954545454545,2001,1995,97
"4407",4381,265,6,2,0,-6.41226215644821,110.954545454545,2001,1995,4381
"4503",10186,200,1,2,1,-3.41226215644821,110.954545454545,2001,2000,10186
"4504",8939,190,1,2,1,-3.41226215644821,110.954545454545,2001,2000,8939
"4506",4083,245,1,2,0,-3.41226215644821,110.954545454545,2001,2000,4083
"4507",10722,200,1,2,0,-3.41226215644821,110.954545454545,2001,2000,10722
"4509",8456,245,1,2,0,-3.41226215644821,110.954545454545,2001,2000,8456
"4512",14275,235,1,2,1,-3.41226215644821,110.954545454545,2001,2000,14275
"4513",1719,240,1,2,0,-3.41226215644821,110.954545454545,2001,2000,1719
"4518",7121,225,1,2,0,-3.41226215644821,110.954545454545,2001,2000,7121
"4520",12724,230,1,2,0,-3.41226215644821,110.954545454545,2001,2000,12724
"4525",7258,280,2,2,0,-3.41226215644821,110.954545454545,2001,1999,7258
"4527",5865,275,2,2,1,-3.41226215644821,110.954545454545,2001,1999,5865
"4529",11665,255,2,2,0,-3.41226215644821,110.954545454545,2001,1999,11665
"4536",8882,275,2,2,0,-3.41226215644821,110.954545454545,2001,1999,8882
"4564",7738,230,1,2,0,-1.41226215644821,110.954545454545,2001,2000,7738
"4590",697,225,1,2,0,-0.412262156448207,110.954545454545,2001,2000,697
"4591",4982,240,1,2,1,-0.412262156448207,110.954545454545,2001,2000,4982
"4592",12718,235,1,2,0,-0.412262156448207,110.954545454545,2001,2000,12718
"4595",7737,245,2,2,0,-0.412262156448207,110.954545454545,2001,1999,7737
"4596",1834,265,2,2,0,-0.412262156448207,110.954545454545,2001,1999,1834
"4597",1297,275,2,2,0,-0.412262156448207,110.954545454545,2001,1999,1297
"4600",1085,255,2,2,0,-0.412262156448207,110.954545454545,2001,1999,1085
"4602",10457,285,4,2,0,-0.412262156448207,110.954545454545,2001,1997,10457
"4605",6694,305,5,2,0,-0.412262156448207,110.954545454545,2001,1996,6694
"6369",10867,265,2,2,0,-1.41226215644821,-205.045454545455,2002,2000,10867
"6370",9825,240,2,2,0,-1.41226215644821,-205.045454545455,2002,2000,9825
"6374",8593,280,2,2,1,-1.41226215644821,-205.045454545455,2002,2000,8593
"6377",12668,260,2,2,0,-1.41226215644821,-205.045454545455,2002,2000,12668
"6390",4044,260,2,2,0,1.58773784355179,-205.045454545455,2002,2000,4044
"6405",12724,265,2,2,0,-1.41226215644821,-205.045454545455,2002,2000,12724
"6407",8537,260,3,2,0,-1.41226215644821,-205.045454545455,2002,1999,8537
"6419",1107,255,6,2,1,-1.41226215644821,-205.045454545455,2002,1996,1107
"6536",12802,205,1,2,0,3.58773784355179,-205.045454545455,2002,2001,12802
"6537",5580,250,2,2,0,3.58773784355179,-205.045454545455,2002,2000,5580
"6551",1788,260,3,2,0,3.58773784355179,-205.045454545455,2002,1999,1788
"6794",8873,245,1,2,0,-1.41226215644821,-46.0454545454545,2003,2002,8873
"6795",10827,260,1,2,0,-1.41226215644821,-46.0454545454545,2003,2002,10827
"6797",11837,250,1,2,0,-1.41226215644821,-46.0454545454545,2003,2002,11837
"6799",9620,260,1,2,0,-1.41226215644821,-46.0454545454545,2003,2002,9620
"6800",9229,290,1,2,0,-1.41226215644821,-46.0454545454545,2003,2002,9229
"6801",5949,285,1,2,1,-1.41226215644821,-46.0454545454545,2003,2002,5949
"6802",9757,280,1,2,0,-1.41226215644821,-46.0454545454545,2003,2002,9757
"6803",11005,250,1,2,0,-1.41226215644821,-46.0454545454545,2003,2002,11005
"6805",3376,265,1,2,0,-1.41226215644821,-46.0454545454545,2003,2002,3376
"6806",8210,275,1,2,0,-1.41226215644821,-46.0454545454545,2003,2002,8210
"6809",12138,230,1,2,0,-1.41226215644821,-46.0454545454545,2003,2002,12138
"6811",4117,275,1,2,0,-1.41226215644821,-46.0454545454545,2003,2002,4117
"6813",13253,250,1,2,0,-1.41226215644821,-46.0454545454545,2003,2002,13253
"6814",5426,280,1,2,0,-1.41226215644821,-46.0454545454545,2003,2002,5426
"6818",12076,250,1,2,0,-1.41226215644821,-46.0454545454545,2003,2002,12076
"6820",3333,265,1,2,1,-1.41226215644821,-46.0454545454545,2003,2002,3333
"6821",11300,275,1,2,0,-1.41226215644821,-46.0454545454545,2003,2002,11300
"6822",9598,300,1,2,0,-1.41226215644821,-46.0454545454545,2003,2002,9598
"6824",13829,285,1,2,0,-1.41226215644821,-46.0454545454545,2003,2002,13829
"6826",4973,205,1,2,0,-1.41226215644821,-46.0454545454545,2003,2002,4973
"6827",3761,275,1,2,0,-1.41226215644821,-46.0454545454545,2003,2002,3761
"6835",8593,310,3,2,1,-1.41226215644821,-46.0454545454545,2003,2000,8593
"6837",8765,280,3,2,1,-1.41226215644821,-46.0454545454545,2003,2000,8765
"6845",1858,280,4,2,0,-1.41226215644821,-46.0454545454545,2003,1999,1858
"6858",97,290,8,2,0,-1.41226215644821,-46.0454545454545,2003,1995,97
"6881",8818,285,1,2,0,0.587737843551793,-46.0454545454545,2003,2002,8818
"6883",5113,230,1,2,0,0.587737843551793,-46.0454545454545,2003,2002,5113
"6884",13981,285,1,2,0,0.587737843551793,-46.0454545454545,2003,2002,13981
"6885",12177,235,1,2,0,0.587737843551793,-46.0454545454545,2003,2002,12177
"6886",10867,275,3,2,0,0.587737843551793,-46.0454545454545,2003,2000,10867
"6887",4044,280,3,2,0,0.587737843551793,-46.0454545454545,2003,2000,4044
"6889",12724,295,3,2,0,0.587737843551793,-46.0454545454545,2003,2000,12724
"6890",5865,305,4,2,1,0.587737843551793,-46.0454545454545,2003,1999,5865
"6893",954,300,8,2,1,0.587737843551793,-46.0454545454545,2003,1995,954
"6938",1311,230,1,2,0,1.58773784355179,-46.0454545454545,2003,2002,1311
"6940",9018,290,1,2,0,1.58773784355179,-46.0454545454545,2003,2002,9018
"6943",10576,275,1,2,0,1.58773784355179,-46.0454545454545,2003,2002,10576
"6946",6575,260,1,2,0,1.58773784355179,-46.0454545454545,2003,2002,6575
"6947",13801,280,1,2,0,1.58773784355179,-46.0454545454545,2003,2002,13801
"6951",5580,275,3,2,0,1.58773784355179,-46.0454545454545,2003,2000,5580
"6958",12668,290,3,2,0,1.58773784355179,-46.0454545454545,2003,2000,12668
"6961",1788,275,4,2,0,1.58773784355179,-46.0454545454545,2003,1999,1788
"6999",8232,285,1,2,0,4.58773784355179,-46.0454545454545,2003,2002,8232
"7002",1733,255,1,2,1,4.58773784355179,-46.0454545454545,2003,2002,1733
"7005",8035,270,1,2,0,4.58773784355179,-46.0454545454545,2003,2002,8035
"7259",10880,270,1,2,0,-1.41226215644821,130.954545454545,2004,2003,10880
"7265",8774,215,1,2,0,-1.41226215644821,130.954545454545,2004,2003,8774
"7266",710,227,1,2,1,-1.41226215644821,130.954545454545,2004,2003,710
"7270",12687,255,1,2,1,-1.41226215644821,130.954545454545,2004,2003,12687
"7272",3409,213,1,2,1,-1.41226215644821,130.954545454545,2004,2003,3409
"7274",12970,253,1,2,0,-1.41226215644821,130.954545454545,2004,2003,12970
"7276",9283,245,1,2,0,-1.41226215644821,130.954545454545,2004,2003,9283
"7278",3858,230,1,2,1,-1.41226215644821,130.954545454545,2004,2003,3858
"7279",9181,200,1,2,1,-1.41226215644821,130.954545454545,2004,2003,9181
"7283",13085,253,1,2,1,-1.41226215644821,130.954545454545,2004,2003,13085
"7286",330,224,1,2,1,-1.41226215644821,130.954545454545,2004,2003,330
"7288",10386,243,1,2,1,-1.41226215644821,130.954545454545,2004,2003,10386
"7290",1699,244,1,2,0,-1.41226215644821,130.954545454545,2004,2003,1699
"7296",3959,270,1,2,0,-1.41226215644821,130.954545454545,2004,2003,3959
"7298",2011,197,1,2,0,-1.41226215644821,130.954545454545,2004,2003,2011
"7299",11904,230,1,2,0,-1.41226215644821,130.954545454545,2004,2003,11904
"7306",3458,303,2,2,0,-1.41226215644821,130.954545454545,2004,2002,3458
"7309",9620,275,2,2,0,-1.41226215644821,130.954545454545,2004,2002,9620
"7310",9229,290,2,2,0,-1.41226215644821,130.954545454545,2004,2002,9229
"7311",5949,298,2,2,1,-1.41226215644821,130.954545454545,2004,2002,5949
"7313",9757,280,2,2,0,-1.41226215644821,130.954545454545,2004,2002,9757
"7317",4117,285,2,2,0,-1.41226215644821,130.954545454545,2004,2002,4117
"7318",13253,275,2,2,0,-1.41226215644821,130.954545454545,2004,2002,13253
"7320",5426,293,2,2,0,-1.41226215644821,130.954545454545,2004,2002,5426
"7323",1882,310,2,2,0,-1.41226215644821,130.954545454545,2004,2002,1882
"7325",9598,238,2,2,0,-1.41226215644821,130.954545454545,2004,2002,9598
"7328",13829,258,2,2,0,-1.41226215644821,130.954545454545,2004,2002,13829
"7335",10867,299,4,2,0,-1.41226215644821,130.954545454545,2004,2000,10867
"7339",8593,290,4,2,1,-1.41226215644821,130.954545454545,2004,2000,8593
"7342",12724,275,4,2,0,-1.41226215644821,130.954545454545,2004,2000,12724
"7352",1858,267,5,2,0,-1.41226215644821,130.954545454545,2004,1999,1858
"7357",5865,305,5,2,1,-1.41226215644821,130.954545454545,2004,1999,5865
"7374",954,285,9,2,1,-1.41226215644821,130.954545454545,2004,1995,954
"7407",1538,187,1,2,1,1.58773784355179,130.954545454545,2004,2003,1538
"7409",3986,208,1,2,0,1.58773784355179,130.954545454545,2004,2003,3986
"7410",10827,273,2,2,0,1.58773784355179,130.954545454545,2004,2002,10827
"7411",8232,305,2,2,0,1.58773784355179,130.954545454545,2004,2002,8232
"7412",11837,251,2,2,0,1.58773784355179,130.954545454545,2004,2002,11837
"7413",5113,281,2,2,0,1.58773784355179,130.954545454545,2004,2002,5113
"7414",9107,276,2,2,0,1.58773784355179,130.954545454545,2004,2002,9107
"7415",3376,280,2,2,0,1.58773784355179,130.954545454545,2004,2002,3376
"7416",12138,255,2,2,0,1.58773784355179,130.954545454545,2004,2002,12138
"7418",10576,282,2,2,0,1.58773784355179,130.954545454545,2004,2002,10576
"7420",116,249,2,2,0,1.58773784355179,130.954545454545,2004,2002,116
"7421",4970,285,2,2,0,1.58773784355179,130.954545454545,2004,2002,4970
"7422",2526,272,2,2,0,1.58773784355179,130.954545454545,2004,2002,2526
"7423",11300,280,2,2,0,1.58773784355179,130.954545454545,2004,2002,11300
"7424",3761,265,2,2,0,1.58773784355179,130.954545454545,2004,2002,3761
"7425",8216,307,2,2,0,1.58773784355179,130.954545454545,2004,2002,8216
"7426",2180,225,2,2,0,1.58773784355179,130.954545454545,2004,2002,2180
"7429",4044,283,4,2,0,1.58773784355179,130.954545454545,2004,2000,4044
"7433",2825,288,5,2,0,1.58773784355179,130.954545454545,2004,1999,2825
"7437",3559,280,7,2,0,1.58773784355179,130.954545454545,2004,1997,3559
"7439",97,275,9,2,0,1.58773784355179,130.954545454545,2004,1995,97
"7474",14309,261,1,2,0,4.58773784355179,130.954545454545,2004,2003,14309
"7477",3,265,1,2,0,4.58773784355179,130.954545454545,2004,2003,3
"7481",6995,276,1,2,0,4.58773784355179,130.954545454545,2004,2003,6995
"7482",1112,255,1,2,0,4.58773784355179,130.954545454545,2004,2003,1112
"7483",10745,276,1,2,0,4.58773784355179,130.954545454545,2004,2003,10745
"7485",1326,258,1,2,0,4.58773784355179,130.954545454545,2004,2003,1326
"7486",3299,275,2,2,0,4.58773784355179,130.954545454545,2004,2002,3299
"7487",9018,302,2,2,0,4.58773784355179,130.954545454545,2004,2002,9018
"7489",2402,275,2,2,1,4.58773784355179,130.954545454545,2004,2002,2402
"7490",8035,279,2,2,0,4.58773784355179,130.954545454545,2004,2002,8035
"7492",6575,265,2,2,0,4.58773784355179,130.954545454545,2004,2002,6575
"7493",8981,280,3,2,0,4.58773784355179,130.954545454545,2004,2001,8981
"7505",8765,269,4,2,1,-1.41226215644821,130.954545454545,2004,2000,8765
"8008",7264,199,1,2,0,-2.41226215644821,-135.045454545455,2005,2004,7264
"8009",4405,258,1,2,0,-2.41226215644821,-135.045454545455,2005,2004,4405
"8013",10880,290,2,2,0,-2.41226215644821,-135.045454545455,2005,2003,10880
"8032",3959,275,2,2,0,-2.41226215644821,-135.045454545455,2005,2003,3959
"8033",11904,277,2,2,0,-2.41226215644821,-135.045454545455,2005,2003,11904
"8038",9620,275,3,2,0,-2.41226215644821,-135.045454545455,2005,2002,9620
"8040",5949,308,3,2,1,-2.41226215644821,-135.045454545455,2005,2002,5949
"8054",8593,315,5,2,1,-2.41226215644821,-135.045454545455,2005,2000,8593
"8188",8736,270,1,2,0,-5.41226215644821,-73.0454545454545,2006,2005,8736
"8198",1299,262,1,2,0,-5.41226215644821,-73.0454545454545,2006,2005,1299
"8201",4405,287,2,2,0,-5.41226215644821,-73.0454545454545,2006,2004,4405
"8202",10880,324,3,2,0,-5.41226215644821,-73.0454545454545,2006,2003,10880
"8205",8460,326,3,2,0,-5.41226215644821,-73.0454545454545,2006,2003,8460
"8215",9620,275,4,2,0,-5.41226215644821,-73.0454545454545,2006,2002,9620
"8216",5949,316,4,2,1,-5.41226215644821,-73.0454545454545,2006,2002,5949
"8225",8593,317,6,2,1,-5.41226215644821,-73.0454545454545,2006,2000,8593
"8254",9062,272,1,2,0,-2.41226215644821,-73.0454545454545,2006,2005,9062
"8255",4062,267,1,2,0,-2.41226215644821,-73.0454545454545,2006,2005,4062
"8258",8453,241,1,2,0,-2.41226215644821,-73.0454545454545,2006,2005,8453
"8270",12668,293,6,2,0,-2.41226215644821,-73.0454545454545,2006,2000,12668
"8279",4671,309,3,2,1,-1.41226215644821,-73.0454545454545,2006,2003,4671
"8280",3689,278,3,2,1,-1.41226215644821,-73.0454545454545,2006,2003,3689
"8283",451,277,3,2,0,-1.41226215644821,-73.0454545454545,2006,2003,451
"8305",1148,236,1,2,0,2.58773784355179,-73.0454545454545,2006,2005,1148
"8308",8887,294,3,2,0,2.58773784355179,-73.0454545454545,2006,2003,8887
"8310",14007,264,3,2,0,2.58773784355179,-73.0454545454545,2006,2003,14007
"8311",3,277,3,2,0,2.58773784355179,-73.0454545454545,2006,2003,3
"8312",710,278,3,2,1,2.58773784355179,-73.0454545454545,2006,2003,710
"8314",10973,304,3,2,1,2.58773784355179,-73.0454545454545,2006,2003,10973
"8315",2035,296,3,2,0,2.58773784355179,-73.0454545454545,2006,2003,2035
"8317",9263,304,4,2,0,2.58773784355179,-73.0454545454545,2006,2002,9263
"8617",9558,248,1,2,0,-4.41226215644821,-93.0454545454545,2007,2006,9558
"8630",3643,255,1,2,0,-4.41226215644821,-93.0454545454545,2007,2006,3643
"8631",9795,273,1,2,0,-4.41226215644821,-93.0454545454545,2007,2006,9795
"8633",13519,290,2,2,0,-4.41226215644821,-93.0454545454545,2007,2005,13519
"8649",4405,317,3,2,0,-4.41226215644821,-93.0454545454545,2007,2004,4405
"8653",10880,325,4,2,0,-4.41226215644821,-93.0454545454545,2007,2003,10880
"8666",3959,309,4,2,0,-4.41226215644821,-93.0454545454545,2007,2003,3959
"8681",8232,343,5,2,0,-4.41226215644821,-93.0454545454545,2007,2002,8232
"8683",9620,267,5,2,0,-4.41226215644821,-93.0454545454545,2007,2002,9620
"8710",8593,325,7,2,1,-4.41226215644821,-93.0454545454545,2007,2000,8593
"8762",5779,245,1,2,0,-0.412262156448207,-93.0454545454545,2007,2006,5779
"8765",13855,245,1,2,0,-0.412262156448207,-93.0454545454545,2007,2006,13855
"8769",9525,220,1,2,0,-0.412262156448207,-93.0454545454545,2007,2006,9525
"8770",2645,220,1,2,0,-0.412262156448207,-93.0454545454545,2007,2006,2645
"8783",11947,275,2,2,0,-0.412262156448207,-93.0454545454545,2007,2005,11947
"8831",1643,280,4,2,0,1.58773784355179,-93.0454545454545,2007,2003,1643
"8832",1613,314,4,2,1,1.58773784355179,-93.0454545454545,2007,2003,1613
"8835",9547,271,4,2,0,1.58773784355179,-93.0454545454545,2007,2003,9547
"8845",12668,304,7,2,0,-4.41226215644821,-93.0454545454545,2007,2000,12668
"9011",1414,238,1,2,0,-7.41226215644821,26.9545454545455,2008,2007,1414
"9012",11983,281,1,2,0,-7.41226215644821,26.9545454545455,2008,2007,11983
"9013",4358,265,1,2,0,-7.41226215644821,26.9545454545455,2008,2007,4358
"9016",8053,267,1,2,0,-7.41226215644821,26.9545454545455,2008,2007,8053
"9019",13484,255,1,2,1,-7.41226215644821,26.9545454545455,2008,2007,13484
"9024",145,255,1,2,1,-7.41226215644821,26.9545454545455,2008,2007,145
"9027",4166,253,1,2,0,-7.41226215644821,26.9545454545455,2008,2007,4166
"9029",686,265,1,2,0,-7.41226215644821,26.9545454545455,2008,2007,686
"9030",1740,255,1,2,1,-7.41226215644821,26.9545454545455,2008,2007,1740
"9036",8349,265,2,2,0,-7.41226215644821,26.9545454545455,2008,2006,8349
"9039",13855,270,2,2,0,-7.41226215644821,26.9545454545455,2008,2006,13855
"9043",2645,275,2,2,0,-7.41226215644821,26.9545454545455,2008,2006,2645
"9044",3643,255,2,2,0,-7.41226215644821,26.9545454545455,2008,2006,3643
"9052",10880,311,5,2,0,-7.41226215644821,26.9545454545455,2008,2003,10880
"9059",451,271,5,2,0,-7.41226215644821,26.9545454545455,2008,2003,451
"9060",4671,302,5,2,1,-7.41226215644821,26.9545454545455,2008,2003,4671
"9065",6222,265,5,2,0,-7.41226215644821,26.9545454545455,2008,2003,6222
"9070",8232,330,6,2,0,-7.41226215644821,26.9545454545455,2008,2002,8232
"9117",11340,244,1,2,0,-6.41226215644821,26.9545454545455,2008,2007,11340
"9121",10660,275,1,2,0,-6.41226215644821,26.9545454545455,2008,2007,10660
"9125",13299,234,1,2,0,-6.41226215644821,26.9545454545455,2008,2007,13299
"9126",5691,285,1,2,0,-6.41226215644821,26.9545454545455,2008,2007,5691
"9127",2909,261,1,2,0,-6.41226215644821,26.9545454545455,2008,2007,2909
"9128",9558,239,2,2,0,-6.41226215644821,26.9545454545455,2008,2006,9558
"9130",9525,279,2,2,0,-6.41226215644821,26.9545454545455,2008,2006,9525
"9131",9795,289,2,2,0,-6.41226215644821,26.9545454545455,2008,2006,9795
"9132",13519,324,3,2,0,-6.41226215644821,26.9545454545455,2008,2005,13519
"9135",4405,331,4,2,0,-6.41226215644821,26.9545454545455,2008,2004,4405
"9147",9620,301,6,2,0,-6.41226215644821,26.9545454545455,2008,2002,9620
"9154",8593,324,8,2,1,-6.41226215644821,26.9545454545455,2008,2000,8593
"9183",10289,212,1,2,0,-3.41226215644821,26.9545454545455,2008,2007,10289
"9184",3045,233,1,2,0,-3.41226215644821,26.9545454545455,2008,2007,3045
"9186",14328,244,1,2,0,-3.41226215644821,26.9545454545455,2008,2007,14328
"9187",8540,244,1,2,0,-3.41226215644821,26.9545454545455,2008,2007,8540
"9189",5779,286,2,2,0,-3.41226215644821,26.9545454545455,2008,2006,5779
"9191",10798,278,2,2,0,-3.41226215644821,26.9545454545455,2008,2006,10798
"9246",2789,204,1,2,0,-0.412262156448207,26.9545454545455,2008,2007,2789
"9248",300,245,1,2,0,-0.412262156448207,26.9545454545455,2008,2007,300
"9250",9388,230,1,2,0,-0.412262156448207,26.9545454545455,2008,2007,9388
"9415",7792,277,2,2,0,4.58773784355179,76.9545454545455,2009,2007,7792
"9416",3596,306,2,2,1,4.58773784355179,76.9545454545455,2009,2007,3596
"9418",710,277,6,2,1,4.58773784355179,76.9545454545455,2009,2003,710
"9465",3759,255,1,2,0,-2.41226215644821,76.9545454545455,2009,2008,3759
"9471",13160,250,1,2,0,-2.41226215644821,76.9545454545455,2009,2008,13160
"9472",9526,225,1,2,1,-2.41226215644821,76.9545454545455,2009,2008,9526
"9473",6715,200,1,2,0,-2.41226215644821,76.9545454545455,2009,2008,6715
"9481",5666,250,1,2,0,-2.41226215644821,76.9545454545455,2009,2008,5666
"9482",13557,245,1,2,0,-2.41226215644821,76.9545454545455,2009,2008,13557
"9483",9314,280,1,2,0,-2.41226215644821,76.9545454545455,2009,2008,9314
"9484",4358,280,2,2,0,-2.41226215644821,76.9545454545455,2009,2007,4358
"9486",8053,310,2,2,0,-2.41226215644821,76.9545454545455,2009,2007,8053
"9488",10660,330,2,2,0,-2.41226215644821,76.9545454545455,2009,2007,10660
"9491",145,280,2,2,1,-2.41226215644821,76.9545454545455,2009,2007,145
"9495",686,300,2,2,0,-2.41226215644821,76.9545454545455,2009,2007,686
"9496",1740,285,2,2,1,-2.41226215644821,76.9545454545455,2009,2007,1740
"9499",8349,290,3,2,0,-2.41226215644821,76.9545454545455,2009,2006,8349
"9500",9558,270,3,2,0,-2.41226215644821,76.9545454545455,2009,2006,9558
"9501",5779,290,3,2,0,-2.41226215644821,76.9545454545455,2009,2006,5779
"9503",13855,275,3,2,0,-2.41226215644821,76.9545454545455,2009,2006,13855
"9504",9525,295,3,2,0,-2.41226215644821,76.9545454545455,2009,2006,9525
"9505",2645,285,3,2,0,-2.41226215644821,76.9545454545455,2009,2006,2645
"9506",9795,325,3,2,0,-2.41226215644821,76.9545454545455,2009,2006,9795
"9507",10798,265,3,2,0,-2.41226215644821,76.9545454545455,2009,2006,10798
"9508",13519,320,4,2,0,-2.41226215644821,76.9545454545455,2009,2005,13519
"9514",4405,295,5,2,0,-2.41226215644821,76.9545454545455,2009,2004,4405
"9516",10880,310,6,2,0,-2.41226215644821,76.9545454545455,2009,2003,10880
"9518",8460,330,6,2,0,-2.41226215644821,76.9545454545455,2009,2003,8460
"9519",12687,275,6,2,1,-2.41226215644821,76.9545454545455,2009,2003,12687
"9521",3959,280,6,2,0,-2.41226215644821,76.9545454545455,2009,2003,3959
"9531",5426,300,7,2,0,-2.41226215644821,76.9545454545455,2009,2002,5426
"9544",8593,320,9,2,1,-2.41226215644821,76.9545454545455,2009,2000,8593
"9579",13251,250,1,2,0,-1.41226215644821,76.9545454545455,2009,2008,13251
"9580",12408,235,1,2,0,-1.41226215644821,76.9545454545455,2009,2008,12408
"9581",7305,225,1,2,1,-1.41226215644821,76.9545454545455,2009,2008,7305
"9583",9684,230,1,2,1,-1.41226215644821,76.9545454545455,2009,2008,9684
"9584",4787,265,1,2,1,-1.41226215644821,76.9545454545455,2009,2008,4787
"9585",11953,265,1,2,1,-1.41226215644821,76.9545454545455,2009,2008,11953
"9588",11892,270,1,2,0,-1.41226215644821,76.9545454545455,2009,2008,11892
"9590",6119,245,1,2,1,-1.41226215644821,76.9545454545455,2009,2008,6119
"9591",1414,275,2,2,0,-1.41226215644821,76.9545454545455,2009,2007,1414
"9592",7076,270,2,2,0,-1.41226215644821,76.9545454545455,2009,2007,7076
"9593",11340,265,2,2,0,-1.41226215644821,76.9545454545455,2009,2007,11340
"9596",1012,295,2,2,0,-1.41226215644821,76.9545454545455,2009,2007,1012
"9601",5691,285,2,2,0,-1.41226215644821,76.9545454545455,2009,2007,5691
"9609",3643,270,3,2,0,-1.41226215644821,76.9545454545455,2009,2006,3643
"9620",8232,350,7,2,0,-1.41226215644821,76.9545454545455,2009,2002,8232
"9894",4018,280,1,2,0,-2.41226215644821,131.954545454545,2010,2009,4018
"9895",9447,215,1,2,0,-2.41226215644821,131.954545454545,2010,2009,9447
"9896",11713,220,1,2,0,-2.41226215644821,131.954545454545,2010,2009,11713
"9897",12454,255,1,2,0,-2.41226215644821,131.954545454545,2010,2009,12454
"9898",6709,240,1,2,0,-2.41226215644821,131.954545454545,2010,2009,6709
"9957",3136,260,1,2,0,2.58773784355179,131.954545454545,2010,2009,3136
"9959",10855,220,1,2,0,2.58773784355179,131.954545454545,2010,2009,10855
"9961",6162,255,1,2,0,2.58773784355179,131.954545454545,2010,2009,6162
"9963",12889,250,1,2,0,2.58773784355179,131.954545454545,2010,2009,12889
"9964",8138,230,1,2,0,2.58773784355179,131.954545454545,2010,2009,8138
"9966",9407,275,1,2,0,2.58773784355179,131.954545454545,2010,2009,9407
"9968",7214,245,1,2,0,2.58773784355179,131.954545454545,2010,2009,7214
"9969",8507,235,1,2,0,2.58773784355179,131.954545454545,2010,2009,8507
"9970",2426,230,1,2,0,2.58773784355179,131.954545454545,2010,2009,2426
"9971",12371,270,1,2,0,2.58773784355179,131.954545454545,2010,2009,12371
"9976",3563,300,2,2,0,2.58773784355179,131.954545454545,2010,2008,3563
"9979",9907,280,2,2,0,2.58773784355179,131.954545454545,2010,2008,9907
"9989",271,275,3,2,0,2.58773784355179,131.954545454545,2010,2007,271
"10021",2133,240,1,2,0,4.58773784355179,131.954545454545,2010,2009,2133
"10030",1061,275,2,2,0,4.58773784355179,131.954545454545,2010,2008,1061
"10104",582,245,1,2,0,-4.41226215644821,131.954545454545,2010,2009,582
"10107",13200,245,1,2,0,-4.41226215644821,131.954545454545,2010,2009,13200
"10108",8853,225,1,2,0,-4.41226215644821,131.954545454545,2010,2009,8853
"10112",10390,250,1,2,0,-4.41226215644821,131.954545454545,2010,2009,10390
"10116",3278,220,1,2,0,-4.41226215644821,131.954545454545,2010,2009,3278
"10118",12514,230,1,2,0,-4.41226215644821,131.954545454545,2010,2009,12514
"10119",3802,270,1,2,0,-4.41226215644821,131.954545454545,2010,2009,3802
"10122",10097,225,1,2,0,-4.41226215644821,131.954545454545,2010,2009,10097
"10123",11174,215,1,2,0,-4.41226215644821,131.954545454545,2010,2009,11174
"10125",9804,220,1,2,0,-4.41226215644821,131.954545454545,2010,2009,9804
"10129",3759,280,2,2,0,-4.41226215644821,131.954545454545,2010,2008,3759
"10130",13251,280,2,2,0,-4.41226215644821,131.954545454545,2010,2008,13251
"10131",12408,275,2,2,0,-4.41226215644821,131.954545454545,2010,2008,12408
"10132",7305,260,2,2,1,-4.41226215644821,131.954545454545,2010,2008,7305
"10135",3657,250,2,2,0,-4.41226215644821,131.954545454545,2010,2008,3657
"10140",13160,280,2,2,0,-4.41226215644821,131.954545454545,2010,2008,13160
"10141",9684,260,2,2,1,-4.41226215644821,131.954545454545,2010,2008,9684
"10147",4787,255,2,2,1,-4.41226215644821,131.954545454545,2010,2008,4787
"10155",11892,265,2,2,0,-4.41226215644821,131.954545454545,2010,2008,11892
"10156",5666,275,2,2,0,-4.41226215644821,131.954545454545,2010,2008,5666
"10157",13557,260,2,2,0,-4.41226215644821,131.954545454545,2010,2008,13557
"10159",9314,290,2,2,0,-4.41226215644821,131.954545454545,2010,2008,9314
"10160",1414,270,3,2,0,-4.41226215644821,131.954545454545,2010,2007,1414
"10161",11340,265,3,2,0,-4.41226215644821,131.954545454545,2010,2007,11340
"10163",4358,270,3,2,0,-4.41226215644821,131.954545454545,2010,2007,4358
"10166",8053,310,3,2,0,-4.41226215644821,131.954545454545,2010,2007,8053
"10168",11111,270,3,2,0,-4.41226215644821,131.954545454545,2010,2007,11111
"10170",10660,310,3,2,0,-4.41226215644821,131.954545454545,2010,2007,10660
"10177",145,255,3,2,1,-4.41226215644821,131.954545454545,2010,2007,145
"10180",686,285,3,2,0,-4.41226215644821,131.954545454545,2010,2007,686
"10181",5691,295,3,2,0,-4.41226215644821,131.954545454545,2010,2007,5691
"10182",1740,275,3,2,1,-4.41226215644821,131.954545454545,2010,2007,1740
"10187",8349,265,4,2,0,-4.41226215644821,131.954545454545,2010,2006,8349
"10188",9558,265,4,2,0,-4.41226215644821,131.954545454545,2010,2006,9558
"10190",13855,285,4,2,0,-4.41226215644821,131.954545454545,2010,2006,13855
"10193",9525,285,4,2,0,-4.41226215644821,131.954545454545,2010,2006,9525
"10194",2645,275,4,2,0,-4.41226215644821,131.954545454545,2010,2006,2645
"10195",3643,260,4,2,0,-4.41226215644821,131.954545454545,2010,2006,3643
"10196",9795,305,4,2,0,-4.41226215644821,131.954545454545,2010,2006,9795
"10197",13519,310,5,2,0,-4.41226215644821,131.954545454545,2010,2005,13519
"10208",4405,295,6,2,0,-4.41226215644821,131.954545454545,2010,2004,4405
"10212",10880,290,7,2,0,-4.41226215644821,131.954545454545,2010,2003,10880
"10217",3959,270,7,2,0,-4.41226215644821,131.954545454545,2010,2003,3959
"10231",8232,330,8,2,0,-4.41226215644821,131.954545454545,2010,2002,8232
"10244",8593,305,10,2,1,-4.41226215644821,131.954545454545,2010,2000,8593
"10518",11810,245,1,2,0,-3.41226215644821,108.954545454545,2011,2010,11810
"10520",10382,230,1,2,0,-3.41226215644821,108.954545454545,2011,2010,10382
"10528",582,270,2,2,0,-3.41226215644821,108.954545454545,2011,2009,582
"10529",8853,280,2,2,0,-3.41226215644821,108.954545454545,2011,2009,8853
"10536",3136,275,2,2,0,-3.41226215644821,108.954545454545,2011,2009,3136
"10542",10097,245,2,2,0,-3.41226215644821,108.954545454545,2011,2009,10097
"10543",9804,255,2,2,0,-3.41226215644821,108.954545454545,2011,2009,9804
"10548",3759,270,3,2,0,-3.41226215644821,108.954545454545,2011,2008,3759
"10549",13251,290,3,2,0,-3.41226215644821,108.954545454545,2011,2008,13251
"10550",12408,270,3,2,0,-3.41226215644821,108.954545454545,2011,2008,12408
"10551",7305,275,3,2,1,-3.41226215644821,108.954545454545,2011,2008,7305
"10565",13557,255,3,2,0,-3.41226215644821,108.954545454545,2011,2008,13557
"10569",1414,265,4,2,0,-3.41226215644821,108.954545454545,2011,2007,1414
"10571",8053,315,4,2,0,-3.41226215644821,108.954545454545,2011,2007,8053
"10573",11111,270,4,2,0,-3.41226215644821,108.954545454545,2011,2007,11111
"10579",686,270,4,2,0,-3.41226215644821,108.954545454545,2011,2007,686
"10580",5691,300,4,2,0,-3.41226215644821,108.954545454545,2011,2007,5691
"10581",1740,280,4,2,1,-3.41226215644821,108.954545454545,2011,2007,1740
"10589",8349,270,5,2,0,-3.41226215644821,108.954545454545,2011,2006,8349
"10592",9525,280,5,2,0,-3.41226215644821,108.954545454545,2011,2006,9525
"10593",3643,280,5,2,0,-3.41226215644821,108.954545454545,2011,2006,3643
"10595",13519,315,6,2,0,-3.41226215644821,108.954545454545,2011,2005,13519
"10603",4405,285,7,2,0,-3.41226215644821,108.954545454545,2011,2004,4405
"10639",1134,230,1,2,0,-1.41226215644821,108.954545454545,2011,2010,1134
"10641",485,225,1,2,0,-1.41226215644821,108.954545454545,2011,2010,485
"10642",11981,230,1,2,0,-1.41226215644821,108.954545454545,2011,2010,11981
"10644",13200,255,2,2,0,-1.41226215644821,108.954545454545,2011,2009,13200
"10645",10390,285,2,2,0,-1.41226215644821,108.954545454545,2011,2009,10390
"10647",3278,250,2,2,0,-1.41226215644821,108.954545454545,2011,2009,3278
"10649",13160,285,3,2,0,-1.41226215644821,108.954545454545,2011,2008,13160
"10650",9684,265,3,2,1,-1.41226215644821,108.954545454545,2011,2008,9684
"10652",4787,285,3,2,1,-1.41226215644821,108.954545454545,2011,2008,4787
"10654",11892,280,3,2,0,-1.41226215644821,108.954545454545,2011,2008,11892
"10655",9314,300,3,2,0,-1.41226215644821,108.954545454545,2011,2008,9314
"10656",11340,270,4,2,0,-1.41226215644821,108.954545454545,2011,2007,11340
"10657",4358,275,4,2,0,-1.41226215644821,108.954545454545,2011,2007,4358
"10659",145,260,4,2,1,-1.41226215644821,108.954545454545,2011,2007,145
"10663",2645,280,5,2,0,-1.41226215644821,108.954545454545,2011,2006,2645
"10664",9795,305,5,2,0,-1.41226215644821,108.954545454545,2011,2006,9795
"10698",12454,270,2,2,0,0.587737843551793,108.954545454545,2011,2009,12454
"10699",3156,275,2,2,1,0.587737843551793,108.954545454545,2011,2009,3156
"10703",6162,275,2,2,0,0.587737843551793,108.954545454545,2011,2009,6162
"10704",9718,280,2,2,0,0.587737843551793,108.954545454545,2011,2009,9718
"10711",7421,300,3,2,0,0.587737843551793,108.954545454545,2011,2008,7421
"10717",1012,290,4,2,0,0.587737843551793,108.954545454545,2011,2007,1012
"10720",10426,280,4,2,1,0.587737843551793,108.954545454545,2011,2007,10426
"10730",8887,285,8,2,0,0.587737843551793,108.954545454545,2011,2003,8887
"10731",2605,285,8,2,0,0.587737843551793,108.954545454545,2011,2003,2605
"10734",1643,270,8,2,0,0.587737843551793,108.954545454545,2011,2003,1643
"11246",12554,220,1,2,0,0.587737843551793,-178.045454545455,2012,2011,12554
"11250",11810,290,2,2,0,0.587737843551793,-178.045454545455,2012,2010,11810
"11259",582,290,3,2,0,0.587737843551793,-178.045454545455,2012,2009,582
"11266",10097,260,3,2,0,0.587737843551793,-178.045454545455,2012,2009,10097
"11267",6952,275,3,2,0,0.587737843551793,-178.045454545455,2012,2009,6952
"11281",4358,280,5,2,0,0.587737843551793,-178.045454545455,2012,2007,4358
"11283",8053,340,5,2,0,0.587737843551793,-178.045454545455,2012,2007,8053
"11293",3643,275,6,2,0,0.587737843551793,-178.045454545455,2012,2006,3643
"11319",6408,260,1,2,0,2.58773784355179,-178.045454545455,2012,2011,6408
"11320",11981,260,2,2,0,2.58773784355179,-178.045454545455,2012,2010,11981
"11321",5425,310,2,2,0,2.58773784355179,-178.045454545455,2012,2010,5425
"11324",3278,270,3,2,0,2.58773784355179,-178.045454545455,2012,2009,3278
"11325",13251,295,4,2,0,2.58773784355179,-178.045454545455,2012,2008,13251
"11326",9684,275,4,2,1,2.58773784355179,-178.045454545455,2012,2008,9684
"11330",11892,275,4,2,0,2.58773784355179,-178.045454545455,2012,2008,11892
"11331",9314,300,4,2,0,2.58773784355179,-178.045454545455,2012,2008,9314
"11333",4787,310,4,2,1,2.58773784355179,-178.045454545455,2012,2008,4787
"11337",5691,305,5,2,0,2.58773784355179,-178.045454545455,2012,2007,5691
"11344",10880,300,9,2,0,2.58773784355179,-178.045454545455,2012,2003,10880
"11457",1921,250,1,2,0,-2.41226215644821,4.9545454545455,2013,2012,1921
"11460",9204,245,1,2,0,-2.41226215644821,4.9545454545455,2013,2012,9204
"11463",11003,255,1,2,0,-2.41226215644821,4.9545454545455,2013,2012,11003
"11464",10802,265,1,2,0,-2.41226215644821,4.9545454545455,2013,2012,10802
"11467",862,255,1,2,0,-2.41226215644821,4.9545454545455,2013,2012,862
"11468",8393,245,1,2,0,-2.41226215644821,4.9545454545455,2013,2012,8393
"11469",10494,245,1,2,0,-2.41226215644821,4.9545454545455,2013,2012,10494
"11473",1241,255,1,2,0,-2.41226215644821,4.9545454545455,2013,2012,1241
"11478",12554,280,2,2,0,-2.41226215644821,4.9545454545455,2013,2011,12554
"11479",11810,305,3,2,0,-2.41226215644821,4.9545454545455,2013,2010,11810
"11486",582,290,4,2,0,-2.41226215644821,4.9545454545455,2013,2009,582
"11490",10097,280,4,2,0,-2.41226215644821,4.9545454545455,2013,2009,10097
"11501",4358,275,6,2,0,-2.41226215644821,4.9545454545455,2013,2007,4358
"11503",8053,320,6,2,0,-2.41226215644821,4.9545454545455,2013,2007,8053
"11508",3643,285,7,2,0,-2.41226215644821,4.9545454545455,2013,2006,3643
"11509",10880,300,10,2,0,-2.41226215644821,4.9545454545455,2013,2003,10880
"11548",2082,259,1,2,0,0.587737843551793,4.9545454545455,2013,2012,2082
"11550",6693,250,1,2,0,0.587737843551793,4.9545454545455,2013,2012,6693
"11552",976,245,1,2,0,0.587737843551793,4.9545454545455,2013,2012,976
"11560",13447,230,1,2,0,0.587737843551793,4.9545454545455,2013,2012,13447
"11575",6952,280,4,2,0,0.587737843551793,4.9545454545455,2013,2009,6952
"11576",13251,305,5,2,0,0.587737843551793,4.9545454545455,2013,2008,13251
"11578",13557,300,5,2,0,0.587737843551793,4.9545454545455,2013,2008,13557
"11585",1414,285,6,2,0,0.587737843551793,4.9545454545455,2013,2007,1414
"11586",11340,290,6,2,0,0.587737843551793,4.9545454545455,2013,2007,11340
"11587",5691,295,6,2,0,0.587737843551793,4.9545454545455,2013,2007,5691
"11588",1740,310,6,2,1,0.587737843551793,4.9545454545455,2013,2007,1740
"11594",8349,295,7,2,0,0.587737843551793,4.9545454545455,2013,2006,8349
"11625",383,245,1,2,0,5.58773784355179,4.9545454545455,2013,2012,383
"11632",9039,265,1,2,0,5.58773784355179,4.9545454545455,2013,2012,9039
"11634",1560,270,1,2,0,5.58773784355179,4.9545454545455,2013,2012,1560
"11663",2026,270,1,2,0,7.58773784355179,4.9545454545455,2013,2012,2026
"11667",6741,255,1,2,0,7.58773784355179,4.9545454545455,2013,2012,6741
"11668",4714,260,1,2,0,7.58773784355179,4.9545454545455,2013,2012,4714
"11670",13825,260,1,2,0,7.58773784355179,4.9545454545455,2013,2012,13825
"11671",786,250,1,2,1,7.58773784355179,4.9545454545455,2013,2012,786
"12044",2364,235,1,2,0,-5.41226215644821,-58.0454545454545,2014,2013,2364
"12048",2944,230,1,2,0,-5.41226215644821,-58.0454545454545,2014,2013,2944
"12071",11981,270,4,2,0,-5.41226215644821,-58.0454545454545,2014,2010,11981
"12079",3278,255,5,2,0,-5.41226215644821,-58.0454545454545,2014,2009,3278
"12086",9684,270,6,2,1,-5.41226215644821,-58.0454545454545,2014,2008,9684
"12088",9314,305,6,2,0,-5.41226215644821,-58.0454545454545,2014,2008,9314
"12093",4787,295,6,2,1,-5.41226215644821,-58.0454545454545,2014,2008,4787
"12189",6287,220,1,2,0,-2.41226215644821,-58.0454545454545,2014,2013,6287
"12190",2629,240,1,2,0,-2.41226215644821,-58.0454545454545,2014,2013,2629
"12197",1560,270,2,2,0,-2.41226215644821,-58.0454545454545,2014,2012,1560
"12228",6600,270,1,2,0,0.587737843551793,-58.0454545454545,2014,2013,6600
"12229",12516,270,1,2,0,0.587737843551793,-58.0454545454545,2014,2013,12516
"12231",3171,260,1,2,0,0.587737843551793,-58.0454545454545,2014,2013,3171
"12234",5795,235,1,2,1,0.587737843551793,-58.0454545454545,2014,2013,5795
"12235",6654,285,2,2,0,0.587737843551793,-58.0454545454545,2014,2012,6654
"12237",8071,280,2,2,0,0.587737843551793,-58.0454545454545,2014,2012,8071
"12283",2037,265,2,2,0,4.58773784355179,-58.0454545454545,2014,2012,2037
"12297",13251,295,6,2,0,4.58773784355179,-58.0454545454545,2014,2008,13251
"12299",13557,295,6,2,0,4.58773784355179,-58.0454545454545,2014,2008,13557
"12306",11340,275,7,2,0,4.58773784355179,-58.0454545454545,2014,2007,11340
"12310",5691,295,7,2,0,4.58773784355179,-58.0454545454545,2014,2007,5691
"12311",1740,290,7,2,1,4.58773784355179,-58.0454545454545,2014,2007,1740
"12313",3643,275,8,2,0,4.58773784355179,-58.0454545454545,2014,2006,3643
"12670",11140,220,1,2,0,-7.41226215644821,-27.0454545454545,2015,2014,11140
"12674",7246,220,1,2,0,-7.41226215644821,-27.0454545454545,2015,2014,7246
"12676",348,235,1,2,0,-7.41226215644821,-27.0454545454545,2015,2014,348
"12678",520,220,1,2,0,-7.41226215644821,-27.0454545454545,2015,2014,520
"12679",2722,235,1,2,0,-7.41226215644821,-27.0454545454545,2015,2014,2722
"12681",10059,250,1,2,0,-7.41226215644821,-27.0454545454545,2015,2014,10059
"12685",2944,265,2,2,0,-7.41226215644821,-27.0454545454545,2015,2013,2944
"12686",12516,275,2,2,0,-7.41226215644821,-27.0454545454545,2015,2013,12516
"12688",3171,225,2,2,0,-7.41226215644821,-27.0454545454545,2015,2013,3171
"12689",9704,235,3,2,0,-7.41226215644821,-27.0454545454545,2015,2012,9704
"12691",1863,285,3,2,0,-7.41226215644821,-27.0454545454545,2015,2012,1863
"12692",4004,260,3,2,0,-7.41226215644821,-27.0454545454545,2015,2012,4004
"12694",9039,270,3,2,0,-7.41226215644821,-27.0454545454545,2015,2012,9039
"12696",8393,280,3,2,0,-7.41226215644821,-27.0454545454545,2015,2012,8393
"12703",6408,265,4,2,0,-7.41226215644821,-27.0454545454545,2015,2011,6408
"12705",12554,275,4,2,0,-7.41226215644821,-27.0454545454545,2015,2011,12554
"12727",10209,270,7,2,0,-7.41226215644821,-27.0454545454545,2015,2008,10209
"12736",8053,320,8,2,0,-7.41226215644821,-27.0454545454545,2015,2007,8053
"12770",14177,205,1,2,0,-4.41226215644821,-27.0454545454545,2015,2014,14177
"12776",2037,265,3,2,0,-4.41226215644821,-27.0454545454545,2015,2012,2037
"12777",1560,265,3,2,0,-4.41226215644821,-27.0454545454545,2015,2012,1560
"13102",13840,245,1,2,0,0.587737843551793,-96.0454545454545,2016,2015,13840
"13106",1395,235,1,2,0,0.587737843551793,-96.0454545454545,2016,2015,1395
"13107",768,210,1,2,0,0.587737843551793,-96.0454545454545,2016,2015,768
"13111",11140,270,2,2,0,0.587737843551793,-96.0454545454545,2016,2014,11140
"13112",9187,280,2,2,0,0.587737843551793,-96.0454545454545,2016,2014,9187
"13115",12861,285,2,2,0,0.587737843551793,-96.0454545454545,2016,2014,12861
"13116",7246,285,2,2,0,0.587737843551793,-96.0454545454545,2016,2014,7246
"13119",520,285,2,2,0,0.587737843551793,-96.0454545454545,2016,2014,520
"13120",2722,265,2,2,0,0.587737843551793,-96.0454545454545,2016,2014,2722
"13121",2364,270,3,2,0,0.587737843551793,-96.0454545454545,2016,2013,2364
"13124",2944,270,3,2,0,0.587737843551793,-96.0454545454545,2016,2013,2944
"13125",6287,265,3,2,0,0.587737843551793,-96.0454545454545,2016,2013,6287
"13126",2629,285,3,2,0,0.587737843551793,-96.0454545454545,2016,2013,2629
"13131",6654,275,4,2,0,0.587737843551793,-96.0454545454545,2016,2012,6654
"13135",1863,310,4,2,0,0.587737843551793,-96.0454545454545,2016,2012,1863
"13137",8071,305,4,2,0,0.587737843551793,-96.0454545454545,2016,2012,8071
"13138",4004,290,4,2,0,0.587737843551793,-96.0454545454545,2016,2012,4004
"13139",9039,280,4,2,0,0.587737843551793,-96.0454545454545,2016,2012,9039
"13141",8393,285,4,2,0,0.587737843551793,-96.0454545454545,2016,2012,8393
"13147",6408,285,5,2,0,0.587737843551793,-96.0454545454545,2016,2011,6408
"13148",12554,285,5,2,0,0.587737843551793,-96.0454545454545,2016,2011,12554
"13171",4787,300,8,2,1,0.587737843551793,-96.0454545454545,2016,2008,4787
"13191",6896,260,1,2,0,2.58773784355179,-96.0454545454545,2016,2015,6896
"13194",10059,260,2,2,0,2.58773784355179,-96.0454545454545,2016,2014,10059
"13227",10733,260,2,2,0,6.58773784355179,-96.0454545454545,2016,2014,10733
"13229",11957,300,2,2,0,6.58773784355179,-96.0454545454545,2016,2014,11957
"13231",6600,295,3,2,0,6.58773784355179,-96.0454545454545,2016,2013,6600
"13233",11486,280,3,2,0,6.58773784355179,-96.0454545454545,2016,2013,11486
"13236",13871,280,3,2,0,6.58773784355179,-96.0454545454545,2016,2013,13871
"13238",8969,245,3,2,0,6.58773784355179,-96.0454545454545,2016,2013,8969
"13239",7039,220,3,2,0,6.58773784355179,-96.0454545454545,2016,2013,7039
"13277",6618,255,4,2,1,8.58773784355179,-96.0454545454545,2016,2012,6618
"13535",9610,235,1,2,0,-2.41226215644821,-12.0454545454545,2017,2016,9610
"13536",3088,255,1,2,0,-2.41226215644821,-12.0454545454545,2017,2016,3088
"13537",13840,275,2,2,0,-2.41226215644821,-12.0454545454545,2017,2015,13840
"13538",1395,270,2,2,0,-2.41226215644821,-12.0454545454545,2017,2015,1395
"13540",8872,270,3,2,0,-2.41226215644821,-12.0454545454545,2017,2014,8872
"13577",10463,240,1,2,0,2.58773784355179,-12.0454545454545,2017,2016,10463
"13599",1863,300,5,2,0,-2.41226215644821,-12.0454545454545,2017,2012,1863
"13601",9039,295,5,2,0,-2.41226215644821,-12.0454545454545,2017,2012,9039
"13622",3294,215,1,2,0,-2.41226215644821,-12.0454545454545,2017,2016,3294
"13660",7061,225,1,2,0,0.587737843551793,-12.0454545454545,2017,2016,7061
"13663",4964,235,1,2,1,0.587737843551793,-12.0454545454545,2017,2016,4964
"13665",4738,220,1,2,1,0.587737843551793,-12.0454545454545,2017,2016,4738
"13669",232,290,4,2,0,0.587737843551793,-12.0454545454545,2017,2013,232
"13670",7211,290,4,2,0,0.587737843551793,-12.0454545454545,2017,2013,7211
"13671",793,295,4,2,0,0.587737843551793,-12.0454545454545,2017,2013,793
"13681",12423,180,1,2,0,0.587737843551793,-12.0454545454545,2017,2016,12423
"13682",11461,210,1,2,0,0.587737843551793,-12.0454545454545,2017,2016,11461
"13683",10769,230,1,2,0,0.587737843551793,-12.0454545454545,2017,2016,10769
"13684",6343,245,1,2,0,0.587737843551793,-12.0454545454545,2017,2016,6343
"13685",11140,275,3,2,0,0.587737843551793,-12.0454545454545,2017,2014,11140
"13686",12861,295,3,2,0,0.587737843551793,-12.0454545454545,2017,2014,12861
"13690",6896,310,2,2,0,0.587737843551793,-12.0454545454545,2017,2015,6896
"13691",10059,295,3,2,0,0.587737843551793,-12.0454545454545,2017,2014,10059
"13727",12411,260,2,2,0,5.58773784355179,-12.0454545454545,2017,2015,12411
"13730",8226,305,3,2,0,5.58773784355179,-12.0454545454545,2017,2014,8226
"13748",5330,250,1,2,0,5.58773784355179,-12.0454545454545,2017,2016,5330
"13769",4284,245,1,2,0,7.58773784355179,-12.0454545454545,2017,2016,4284
"13789",774,205,1,2,0,7.58773784355179,-12.0454545454545,2017,2016,774
"13796",11957,325,3,2,0,7.58773784355179,-12.0454545454545,2017,2014,11957
"14094",6343,260,2,2,0,-2.41226215644821,-162.045454545455,2018,2016,6343
"14095",4738,255,2,2,1,-2.41226215644821,-162.045454545455,2018,2016,4738
"14147",13217,250,2,2,0,-2.41226215644821,-162.045454545455,2018,2016,13217
"14175",2092,270,2,2,0,-2.41226215644821,-162.045454545455,2018,2016,2092
"14177",8253,255,2,2,0,-2.41226215644821,-162.045454545455,2018,2016,8253
"14206",6896,310,3,2,0,-0.412262156448207,-162.045454545455,2018,2015,6896
"14208",10059,285,4,2,0,-0.412262156448207,-162.045454545455,2018,2014,10059
"14237",2217,265,1,2,0,1.58773784355179,-162.045454545455,2018,2017,2217
"14267",8111,265,2,2,0,6.58773784355179,-162.045454545455,2018,2016,8111
"14269",11957,315,4,2,0,6.58773784355179,-162.045454545455,2018,2014,11957
"14407",12342,225,1,2,0,-2.41226215644821,-32.0454545454545,2019,2018,12342
"14412",2957,220,1,2,0,-2.41226215644821,-32.0454545454545,2019,2018,2957
"14413",10750,245,1,2,0,-2.41226215644821,-32.0454545454545,2019,2018,10750
"14415",13217,290,3,2,0,-2.41226215644821,-32.0454545454545,2019,2016,13217
"14460",2423,235,1,2,1,-2.41226215644821,-32.0454545454545,2019,2018,2423
"14461",9253,260,1,2,0,-2.41226215644821,-32.0454545454545,2019,2018,9253
"14463",5635,220,1,2,0,-2.41226215644821,-32.0454545454545,2019,2018,5635
"14466",7968,230,1,2,0,-2.41226215644821,-32.0454545454545,2019,2018,7968
"14468",4836,235,1,2,0,-2.41226215644821,-32.0454545454545,2019,2018,4836
"14471",12339,275,1,2,0,-2.41226215644821,-32.0454545454545,2019,2018,12339
"14501",1142,260,1,2,0,-2.41226215644821,-32.0454545454545,2019,2018,1142
"14502",13254,230,1,2,0,-2.41226215644821,-32.0454545454545,2019,2018,13254
"14503",7219,235,1,2,0,-2.41226215644821,-32.0454545454545,2019,2018,7219
"14504",2217,285,2,2,0,-2.41226215644821,-32.0454545454545,2019,2017,2217
"14506",6343,305,3,2,0,-2.41226215644821,-32.0454545454545,2019,2016,6343
"14507",8111,290,3,2,0,-2.41226215644821,-32.0454545454545,2019,2016,8111
"14508",4738,275,3,2,1,-2.41226215644821,-32.0454545454545,2019,2016,4738
"14520",1277,230,1,2,0,0.587737843551793,-32.0454545454545,2019,2018,1277
"14525",4790,280,1,2,0,0.587737843551793,-32.0454545454545,2019,2018,4790
"14526",9479,270,1,2,0,0.587737843551793,-32.0454545454545,2019,2018,9479
"14528",2092,305,3,2,0,0.587737843551793,-32.0454545454545,2019,2016,2092
"14529",8253,285,3,2,0,0.587737843551793,-32.0454545454545,2019,2016,8253
"14531",3088,275,3,2,0,0.587737843551793,-32.0454545454545,2019,2016,3088
"14532",13840,290,4,2,0,0.587737843551793,-32.0454545454545,2019,2015,13840
"14533",1395,275,4,2,0,0.587737843551793,-32.0454545454545,2019,2015,1395
"14534",6896,320,4,2,0,0.587737843551793,-32.0454545454545,2019,2015,6896
"14535",10059,285,5,2,0,0.587737843551793,-32.0454545454545,2019,2014,10059
"14538",2944,280,6,2,0,0.587737843551793,-32.0454545454545,2019,2013,2944
"14539",2364,285,6,2,0,0.587737843551793,-32.0454545454545,2019,2013,2364
"14541",8071,320,7,2,0,0.587737843551793,-32.0454545454545,2019,2012,8071
"14542",12554,295,8,2,0,0.587737843551793,-32.0454545454545,2019,2011,12554
"14544",4787,280,11,2,1,0.587737843551793,-32.0454545454545,2019,2008,4787
"14552",5322,250,1,2,0,0.587737843551793,-32.0454545454545,2019,2018,5322
"14565",7475,280,1,2,0,0.587737843551793,-32.0454545454545,2019,2018,7475
"14567",8172,255,1,2,0,0.587737843551793,-32.0454545454545,2019,2018,8172
"14569",3035,255,1,2,0,0.587737843551793,-32.0454545454545,2019,2018,3035
"14572",793,310,6,2,0,0.587737843551793,-32.0454545454545,2019,2013,793
"14573",7211,280,6,2,0,0.587737843551793,-32.0454545454545,2019,2013,7211
"14574",232,285,6,2,0,0.587737843551793,-32.0454545454545,2019,2013,232
"14581",774,270,3,2,0,3.58773784355179,-32.0454545454545,2019,2016,774
"14582",10733,280,5,2,0,3.58773784355179,-32.0454545454545,2019,2014,10733
"14583",11957,310,5,2,0,3.58773784355179,-32.0454545454545,2019,2014,11957
"14584",11486,310,6,2,0,3.58773784355179,-32.0454545454545,2019,2013,11486
"14585",13871,305,6,2,0,3.58773784355179,-32.0454545454545,2019,2013,13871
"14586",6600,300,6,2,0,3.58773784355179,-32.0454545454545,2019,2013,6600
"14587",8969,285,6,2,0,3.58773784355179,-32.0454545454545,2019,2013,8969
"14588",7039,230,6,2,0,3.58773784355179,-32.0454545454545,2019,2013,7039
"14602",11931,250,1,2,0,3.58773784355179,-32.0454545454545,2019,2018,11931
"14603",7819,240,1,2,0,3.58773784355179,-32.0454545454545,2019,2018,7819
"14604",10616,235,1,2,0,3.58773784355179,-32.0454545454545,2019,2018,10616
"14605",14199,275,1,2,0,3.58773784355179,-32.0454545454545,2019,2018,14199
"14626",6387,270,3,2,0,4.58773784355179,-32.0454545454545,2019,2016,6387
"14844",8235,250,1,2,0,8.58773784355179,-38.0454545454545,2020,2019,8235
"14845",9233,225,1,2,0,8.58773784355179,-38.0454545454545,2020,2019,9233
"14852",4790,290,2,2,0,8.58773784355179,-38.0454545454545,2020,2018,4790
"14867",2490,240,1,2,0,11.5877378435518,-38.0454545454545,2020,2019,2490
"14887",3035,270,2,2,0,11.5877378435518,-38.0454545454545,2020,2018,3035
"14910",4836,260,2,2,0,12.5877378435518,-38.0454545454545,2020,2018,4836
"14924",8624,250,1,2,0,-6.41226215644821,-38.0454545454545,2020,2019,8624
"14934",3088,275,4,2,0,0.587737843551793,-38.0454545454545,2020,2016,3088
"14942",1395,275,5,2,0,17.5877378435518,-38.0454545454545,2020,2015,1395
"18611",4738,280,5,2,1,0.587737843551793,16.9545454545455,2021,2016,4738
"18629",14002,230,2,2,0,0.587737843551793,16.9545454545455,2021,2019,14002
"18631",14008,255,2,2,0,0.587737843551793,16.9545454545455,2021,2019,14008
"18638",797,255,1,2,0,0.587737843551793,16.9545454545455,2021,2020,797
"18644",12739,230,1,2,1,0.587737843551793,16.9545454545455,2021,2020,12739
"18645",13616,230,1,2,1,0.587737843551793,16.9545454545455,2021,2020,13616
"18650",13139,225,1,2,0,0.587737843551793,16.9545454545455,2021,2020,13139
"18651",4693,235,1,2,0,0.587737843551793,16.9545454545455,2021,2020,4693
"18678",1142,295,3,2,0,0.587737843551793,16.9545454545455,2021,2018,1142
"18679",8172,310,3,2,0,0.587737843551793,16.9545454545455,2021,2018,8172
"18681",5635,265,3,2,0,0.587737843551793,16.9545454545455,2021,2018,5635
"18683",3035,265,3,2,0,0.587737843551793,16.9545454545455,2021,2018,3035
"18685",7219,260,3,2,0,0.587737843551793,16.9545454545455,2021,2018,7219
"18686",2957,270,3,2,0,0.587737843551793,16.9545454545455,2021,2018,2957
"18690",8111,295,5,2,0,2.58773784355179,16.9545454545455,2021,2016,8111
"18703",7768,240,1,2,0,2.58773784355179,16.9545454545455,2021,2020,7768
"18738",9187,295,7,2,0,5.58773784355179,16.9545454545455,2021,2014,9187
"18739",11140,280,7,2,0,5.58773784355179,16.9545454545455,2021,2014,11140
"18740",6896,315,6,2,0,5.58773784355179,16.9545454545455,2021,2015,6896
"18764",5322,285,3,2,0,5.58773784355179,16.9545454545455,2021,2018,5322
"18788",11696,240,1,2,0,7.58773784355179,16.9545454545455,2021,2020,11696
"18833",8969,290,8,2,0,9.58773784355179,16.9545454545455,2021,2013,8969
"18835",11486,305,8,2,0,9.58773784355179,16.9545454545455,2021,2013,11486
"18836",11957,315,7,2,0,9.58773784355179,16.9545454545455,2021,2014,11957
"18841",9137,265,2,2,0,9.58773784355179,16.9545454545455,2021,2019,9137
"18843",5794,295,2,2,0,9.58773784355179,16.9545454545455,2021,2019,5794
"18844",2614,255,2,2,0,9.58773784355179,16.9545454545455,2021,2019,2614
"18846",9156,280,2,2,0,9.58773784355179,16.9545454545455,2021,2019,9156
"18865",11931,290,3,2,0,9.58773784355179,16.9545454545455,2021,2018,11931
"18866",1596,300,3,2,0,9.58773784355179,16.9545454545455,2021,2018,1596
"18867",7819,295,3,2,0,9.58773784355179,16.9545454545455,2021,2018,7819
"19189",797,240,2,2,0,-1.41226215644821,-25.0454545454545,2022,2020,797
"19197",7768,260,2,2,0,-1.41226215644821,-25.0454545454545,2022,2020,7768
"19199",11637,225,1,2,0,-1.41226215644821,-25.0454545454545,2022,2021,11637
"19203",6377,220,1,2,0,-1.41226215644821,-25.0454545454545,2022,2021,6377
"19205",8702,240,1,2,0,-1.41226215644821,-25.0454545454545,2022,2021,8702
"19219",11140,290,8,2,0,0.587737843551793,-25.0454545454545,2022,2014,11140
"19221",6896,315,7,2,0,0.587737843551793,-25.0454545454545,2022,2015,6896
"19242",14008,260,3,2,0,0.587737843551793,-25.0454545454545,2022,2019,14008
"19246",4384,220,2,2,1,0.587737843551793,-25.0454545454545,2022,2020,4384
"19247",13139,225,2,2,0,0.587737843551793,-25.0454545454545,2022,2020,13139
"19249",4693,260,2,2,0,0.587737843551793,-25.0454545454545,2022,2020,4693
"19255",2193,225,1,2,0,0.587737843551793,-25.0454545454545,2022,2021,2193
"19263",5635,265,4,2,0,0.587737843551793,-25.0454545454545,2022,2018,5635
"19272",14074,275,2,2,0,2.58773784355179,-25.0454545454545,2022,2020,14074
"19273",1535,225,1,2,0,2.58773784355179,-25.0454545454545,2022,2021,1535
"19274",10891,235,1,2,0,2.58773784355179,-25.0454545454545,2022,2021,10891
"19317",7571,225,1,2,0,4.58773784355179,-25.0454545454545,2022,2021,7571
"19320",6142,250,1,2,0,4.58773784355179,-25.0454545454545,2022,2021,6142
"19330",8172,265,4,2,0,5.58773784355179,-25.0454545454545,2022,2018,8172
"19331",3035,280,4,2,0,5.58773784355179,-25.0454545454545,2022,2018,3035
"19333",2217,290,5,2,0,6.58773784355179,-25.0454545454545,2022,2017,2217
"19350",4495,270,3,2,0,6.58773784355179,-25.0454545454545,2022,2019,4495
"19355",7400,265,2,2,0,6.58773784355179,-25.0454545454545,2022,2020,7400
"19360",10759,275,4,2,0,6.58773784355179,-25.0454545454545,2022,2018,10759
"19361",3267,295,4,2,0,6.58773784355179,-25.0454545454545,2022,2018,3267
